symbol,code,name,exchange,board,list_date,industry
600000.SH,600000,浦发银行,SH,主板,1999-11-10,
600004.SH,600004,白云机场,SH,主板,2003-04-28,
600006.SH,600006,东风股份,SH,主板,1999-07-27,
600007.SH,600007,中国国贸,SH,主板,1999-03-12,
600008.SH,600008,首创环保,SH,主板,2000-04-27,
600009.SH,600009,上海机场,SH,主板,1998-02-18,
600010.SH,600010,包钢股份,SH,主板,2001-03-09,
600011.SH,600011,华能国际,SH,主板,2001-12-06,
600012.SH,600012,皖通高速,SH,主板,2003-01-07,
600015.SH,600015,华夏银行,SH,主板,2003-09-12,
600016.SH,600016,民生银行,SH,主板,2000-12-19,
600017.SH,600017,日照港,SH,主板,2006-10-17,
600018.SH,600018,上港集团,SH,主板,2000-07-19,
600019.SH,600019,宝钢股份,SH,主板,2000-12-12,
600020.SH,600020,中原高速,SH,主板,2003-08-08,
600021.SH,600021,上海电力,SH,主板,2003-10-29,
600022.SH,600022,山东钢铁,SH,主板,2004-06-29,
600023.SH,600023,浙能电力,SH,主板,2013-12-19,
600025.SH,600025,华能水电,SH,主板,2017-12-15,
600026.SH,600026,中远海能,SH,主板,2002-05-23,
600027.SH,600027,华电国际,SH,主板,2005-02-03,
600028.SH,600028,中国石化,SH,主板,2001-08-08,
600029.SH,600029,南方航空,SH,主板,2003-07-25,
600030.SH,600030,中信证券,SH,主板,2003-01-06,
600031.SH,600031,三一重工,SH,主板,2003-07-03,
600032.SH,600032,浙江新能,SH,主板,2021-05-25,
600033.SH,600033,福建高速,SH,主板,2001-02-09,
600035.SH,600035,楚天高速,SH,主板,2004-03-10,
600036.SH,600036,招商银行,SH,主板,2002-04-09,
600037.SH,600037,歌华有线,SH,主板,2001-02-08,
600038.SH,600038,中直股份,SH,主板,2000-12-18,
600039.SH,600039,四川路桥,SH,主板,2003-03-25,
600048.SH,600048,保利发展,SH,主板,2006-07-31,
600050.SH,600050,中国联通,SH,主板,2002-10-09,
600051.SH,600051,宁波联合,SH,主板,1997-04-10,
600052.SH,600052,东望时代,SH,主板,1997-04-15,
600053.SH,600053,*ST九鼎,SH,主板,1997-04-18,
600054.SH,600054,黄山旅游,SH,主板,1997-05-06,
600055.SH,600055,万东医疗,SH,主板,1997-05-19,
600056.SH,600056,中国医药,SH,主板,1997-05-15,
600057.SH,600057,厦门象屿,SH,主板,1997-06-04,
600058.SH,600058,五矿发展,SH,主板,1997-05-28,
600059.SH,600059,古越龙山,SH,主板,1997-05-16,
600060.SH,600060,海信视像,SH,主板,1997-04-22,
600061.SH,600061,国投资本,SH,主板,1997-05-19,
600062.SH,600062,华润双鹤,SH,主板,1997-05-22,
600063.SH,600063,皖维高新,SH,主板,1997-05-28,
600064.SH,600064,南京高科,SH,主板,1997-05-06,
600066.SH,600066,宇通客车,SH,主板,1997-05-08,
600067.SH,600067,冠城新材,SH,主板,1997-05-08,
600071.SH,600071,凤凰光学,SH,主板,1997-05-28,
600072.SH,600072,中船科技,SH,主板,1997-06-03,
600073.SH,600073,光明肉业,SH,主板,1997-07-04,
600075.SH,600075,新疆天业,SH,主板,1997-06-17,
600076.SH,600076,康欣新材,SH,主板,1997-05-26,
600078.SH,600078,澄星股份,SH,主板,1997-06-27,
600079.SH,600079,ST人福,SH,主板,1997-06-06,
600080.SH,600080,ST金花,SH,主板,1997-06-12,
600081.SH,600081,东风科技,SH,主板,1997-07-03,
600082.SH,600082,ST海泰,SH,主板,1997-06-20,
600084.SH,600084,*ST尼雅,SH,主板,1997-07-11,
600085.SH,600085,同仁堂,SH,主板,1997-06-25,
600088.SH,600088,中视传媒,SH,主板,1997-06-16,
600089.SH,600089,特变电工,SH,主板,1997-06-18,
600094.SH,600094,大名城,SH,主板,1997-07-03,
600095.SH,600095,湘财股份,SH,主板,1997-07-08,
600096.SH,600096,云天化,SH,主板,1997-07-09,
600097.SH,600097,开创国际,SH,主板,1997-06-19,
600098.SH,600098,广州发展,SH,主板,1997-07-18,
600099.SH,600099,林海股份,SH,主板,1997-07-04,
600100.SH,600100,同方股份,SH,主板,1997-06-27,
600101.SH,600101,明星电力,SH,主板,1997-06-27,
600103.SH,600103,青山纸业,SH,主板,1997-07-03,
600104.SH,600104,上汽集团,SH,主板,1997-11-25,
600105.SH,600105,永鼎股份,SH,主板,1997-09-29,
600106.SH,600106,重庆路桥,SH,主板,1997-06-18,
600107.SH,600107,ST尔雅,SH,主板,1997-11-06,
600108.SH,600108,亚盛集团,SH,主板,1997-08-18,
600109.SH,600109,国金证券,SH,主板,1997-08-07,
600110.SH,600110,诺德股份,SH,主板,1997-10-07,
600111.SH,600111,北方稀土,SH,主板,1997-09-24,
600113.SH,600113,浙江东日,SH,主板,1997-10-21,
600114.SH,600114,东睦股份,SH,主板,2004-05-11,
600115.SH,600115,中国东航,SH,主板,1997-11-05,
600116.SH,600116,三峡水利,SH,主板,1997-08-04,
600117.SH,600117,西宁特钢,SH,主板,1997-10-15,
600118.SH,600118,中国卫星,SH,主板,1997-09-08,
600119.SH,600119,*ST长投,SH,主板,1998-01-15,
600120.SH,600120,浙江东方,SH,主板,1997-12-01,
600121.SH,600121,郑州煤电,SH,主板,1998-01-07,
600123.SH,600123,兰花科创,SH,主板,1998-12-17,
600125.SH,600125,铁龙物流,SH,主板,1998-05-11,
600126.SH,600126,杭钢股份,SH,主板,1998-03-11,
600127.SH,600127,金健米业,SH,主板,1998-05-06,
600128.SH,600128,苏豪弘业,SH,主板,1997-09-01,
600129.SH,600129,太极集团,SH,主板,1997-11-18,
600130.SH,600130,波导股份,SH,主板,2000-07-06,
600131.SH,600131,国网信通,SH,主板,1998-04-02,
600132.SH,600132,重庆啤酒,SH,主板,1997-10-30,
600133.SH,600133,东湖高新,SH,主板,1998-02-12,
600135.SH,600135,乐凯胶片,SH,主板,1998-01-22,
600136.SH,600136,ST明诚,SH,主板,1998-03-03,
600137.SH,600137,浪莎股份,SH,主板,1998-04-16,
600138.SH,600138,中青旅,SH,主板,1997-12-03,
600141.SH,600141,兴发集团,SH,主板,1999-06-16,
600143.SH,600143,金发科技,SH,主板,2004-06-23,
600148.SH,600148,长春一东,SH,主板,1998-05-20,
600149.SH,600149,廊坊发展,SH,主板,1999-10-14,
600150.SH,600150,中国船舶,SH,主板,1998-05-20,
600151.SH,600151,航天机电,SH,主板,1998-06-05,
600152.SH,600152,维科技术,SH,主板,1998-06-09,
600153.SH,600153,建发股份,SH,主板,1998-06-16,
600155.SH,600155,华创云信,SH,主板,1998-09-18,
600156.SH,600156,华升股份,SH,主板,1998-05-27,
600157.SH,600157,永泰能源,SH,主板,1998-05-13,
600158.SH,600158,中体产业,SH,主板,1998-03-27,
600159.SH,600159,大龙地产,SH,主板,1998-05-26,
600160.SH,600160,巨化股份,SH,主板,1998-06-26,
600161.SH,600161,天坛生物,SH,主板,1998-06-16,
600162.SH,600162,香江控股,SH,主板,1998-06-09,
600163.SH,600163,中闽能源,SH,主板,1998-06-02,
600165.SH,600165,ST宁科,SH,主板,1998-05-29,
600166.SH,600166,福田汽车,SH,主板,1998-06-02,
600167.SH,600167,联美控股,SH,主板,1999-01-28,
600168.SH,600168,武汉控股,SH,主板,1998-04-27,
600169.SH,600169,ST太重,SH,主板,1998-09-04,
600170.SH,600170,上海建工,SH,主板,1998-06-23,
600171.SH,600171,上海贝岭,SH,主板,1998-09-24,
600172.SH,600172,黄河旋风,SH,主板,1998-11-26,
600173.SH,600173,卧龙新能,SH,主板,1999-04-15,
600176.SH,600176,中国巨石,SH,主板,1999-04-22,
600177.SH,600177,雅戈尔,SH,主板,1998-11-19,
600178.SH,600178,东安动力,SH,主板,1998-10-14,
600179.SH,600179,安通控股,SH,主板,1998-11-04,
600180.SH,600180,*ST瑞茂,SH,主板,1998-07-03,
600182.SH,600182,S佳通,SH,主板,1999-05-07,
600183.SH,600183,生益科技,SH,主板,1998-10-28,
600184.SH,600184,光电股份,SH,主板,2003-11-06,
600185.SH,600185,珠免集团,SH,主板,1999-06-11,
600186.SH,600186,莲花控股,SH,主板,1998-08-25,
600187.SH,600187,国中水务,SH,主板,1998-11-11,
600188.SH,600188,兖矿能源,SH,主板,1998-07-01,
600189.SH,600189,泉阳泉,SH,主板,1998-10-07,
600191.SH,600191,华资实业,SH,主板,1998-12-10,
600192.SH,600192,长城电工,SH,主板,1998-12-24,
600193.SH,600193,*ST创兴,SH,主板,1999-05-27,
600195.SH,600195,中牧股份,SH,主板,1999-01-07,
600196.SH,600196,复星医药,SH,主板,1998-08-07,
600197.SH,600197,伊力特,SH,主板,1999-09-16,
600198.SH,600198,大唐电信,SH,主板,1998-10-21,
600199.SH,600199,金种子酒,SH,主板,1998-08-12,
600201.SH,600201,生物股份,SH,主板,1999-01-15,
600202.SH,600202,哈空调,SH,主板,1999-06-03,
600203.SH,600203,福日电子,SH,主板,1999-05-14,
600206.SH,600206,有研新材,SH,主板,1999-03-19,
600207.SH,600207,安彩高科,SH,主板,1999-07-14,
600208.SH,600208,衢州发展,SH,主板,1999-06-23,
600210.SH,600210,紫江企业,SH,主板,1999-08-24,
600211.SH,600211,西藏药业,SH,主板,1999-07-21,
600212.SH,600212,绿能慧充,SH,主板,1999-08-17,
600215.SH,600215,派斯林,SH,主板,1999-09-09,
600216.SH,600216,浙江医药,SH,主板,1999-10-21,
600217.SH,600217,中再资环,SH,主板,1999-12-16,
600218.SH,600218,全柴动力,SH,主板,1998-12-03,
600219.SH,600219,南山铝业,SH,主板,1999-12-23,
600221.SH,600221,海航控股,SH,主板,1999-11-25,
600222.SH,600222,太龙药业,SH,主板,1999-11-05,
600223.SH,600223,福瑞达,SH,主板,2000-01-13,
600226.SH,600226,亨通股份,SH,主板,1999-11-16,
600227.SH,600227,赤天化,SH,主板,2000-02-21,
600228.SH,600228,*ST返利,SH,主板,1999-01-19,
600229.SH,600229,城市传媒,SH,主板,2000-03-09,
600230.SH,600230,沧州大化,SH,主板,2000-04-06,
600231.SH,600231,凌钢股份,SH,主板,2000-05-11,
600232.SH,600232,金鹰股份,SH,主板,2000-06-02,
600233.SH,600233,圆通速递,SH,主板,2000-06-08,
600234.SH,600234,科新发展,SH,主板,2000-06-15,
600235.SH,600235,民丰特纸,SH,主板,2000-06-15,
600236.SH,600236,桂冠电力,SH,主板,2000-03-23,
600237.SH,600237,铜峰电子,SH,主板,2000-06-09,
600238.SH,600238,*ST椰岛,SH,主板,2000-01-20,
600239.SH,600239,ST云城,SH,主板,1999-12-02,
600241.SH,600241,时代万恒,SH,主板,2000-11-28,
600243.SH,600243,*ST海华,SH,主板,2000-11-20,
600246.SH,600246,万通发展,SH,主板,2000-09-22,
600248.SH,600248,陕建股份,SH,主板,2000-06-22,
600249.SH,600249,两面针,SH,主板,2004-01-30,
600250.SH,600250,南京商旅,SH,主板,2001-03-06,
600251.SH,600251,冠农股份,SH,主板,2003-06-09,
600252.SH,600252,中恒集团,SH,主板,2000-11-30,
600255.SH,600255,鑫科材料,SH,主板,2000-11-22,
600256.SH,600256,广汇能源,SH,主板,2000-05-26,
600257.SH,600257,大湖股份,SH,主板,2000-06-12,
600258.SH,600258,首旅酒店,SH,主板,2000-06-01,
600259.SH,600259,中稀有色,SH,主板,2000-05-25,
600261.SH,600261,阳光照明,SH,主板,2000-07-20,
600262.SH,600262,北方股份,SH,主板,2000-06-30,
600265.SH,600265,*ST景谷,SH,主板,2000-08-25,
600266.SH,600266,城建发展,SH,主板,1999-02-03,
600267.SH,600267,海正药业,SH,主板,2000-07-25,
600268.SH,600268,国电南自,SH,主板,1999-11-18,
600269.SH,600269,赣粤高速,SH,主板,2000-05-18,
600271.SH,600271,航天信息,SH,主板,2003-07-11,
600272.SH,600272,开开实业,SH,主板,2001-02-28,
600273.SH,600273,嘉化能源,SH,主板,2003-06-27,
600276.SH,600276,恒瑞医药,SH,主板,2000-10-18,
600278.SH,600278,东方创业,SH,主板,2000-07-12,
600279.SH,600279,重庆港,SH,主板,2000-07-31,
600280.SH,600280,中央商场,SH,主板,2000-09-26,
600281.SH,600281,华阳新材,SH,主板,2000-11-09,
600282.SH,600282,南钢股份,SH,主板,2000-09-19,
600283.SH,600283,钱江水利,SH,主板,2000-10-18,
600284.SH,600284,浦东建设,SH,主板,2004-03-16,
600285.SH,600285,羚锐制药,SH,主板,2000-10-18,
600287.SH,600287,苏豪时尚,SH,主板,2000-09-01,
600288.SH,600288,大恒科技,SH,主板,2000-11-29,
600289.SH,600289,ST信通,SH,主板,2000-07-20,
600292.SH,600292,电投水电,SH,主板,2000-11-01,
600293.SH,600293,三峡新材,SH,主板,2000-09-19,
600295.SH,600295,鄂尔多斯,SH,主板,2001-04-26,
600298.SH,600298,安琪酵母,SH,主板,2000-08-18,
600299.SH,600299,安迪苏,SH,主板,2000-04-20,
600300.SH,600300,维维股份,SH,主板,2000-06-30,
600301.SH,600301,华锡有色,SH,主板,2000-07-12,
600302.SH,600302,标准股份,SH,主板,2000-12-13,
600303.SH,600303,曙光股份,SH,主板,2000-12-26,
600305.SH,600305,恒顺醋业,SH,主板,2001-02-06,
600307.SH,600307,酒钢宏兴,SH,主板,2000-12-20,
600308.SH,600308,华泰股份,SH,主板,2000-09-28,
600309.SH,600309,万华化学,SH,主板,2001-01-05,
600310.SH,600310,广西能源,SH,主板,2001-02-28,
600312.SH,600312,平高电气,SH,主板,2001-02-21,
600313.SH,600313,农发种业,SH,主板,2001-01-19,
600315.SH,600315,上海家化,SH,主板,2001-03-15,
600316.SH,600316,洪都航空,SH,主板,2000-12-15,
600318.SH,600318,新力金融,SH,主板,2000-12-08,
600319.SH,600319,亚星化学,SH,主板,2001-03-26,
600320.SH,600320,振华重工,SH,主板,2000-12-21,
600322.SH,600322,津投城开,SH,主板,2001-09-10,
600323.SH,600323,瀚蓝环境,SH,主板,2000-12-25,
600325.SH,600325,华发股份,SH,主板,2004-02-25,
600326.SH,600326,西藏天路,SH,主板,2001-01-16,
600327.SH,600327,大东方,SH,主板,2002-06-25,
600328.SH,600328,中盐化工,SH,主板,2000-12-22,
600329.SH,600329,达仁堂,SH,主板,2001-06-06,
600330.SH,600330,天通股份,SH,主板,2001-01-18,
600331.SH,600331,宏达股份,SH,主板,2001-12-20,
600332.SH,600332,白云山,SH,主板,2001-02-06,
600333.SH,600333,长春燃气,SH,主板,2000-12-11,
600335.SH,600335,国机汽车,SH,主板,2001-03-05,
600336.SH,600336,澳柯玛,SH,主板,2000-12-29,
600337.SH,600337,美克家居,SH,主板,2000-11-27,
600338.SH,600338,西藏珠峰,SH,主板,2000-12-27,
600339.SH,600339,中油工程,SH,主板,2000-12-25,
600340.SH,600340,华夏幸福,SH,主板,2003-12-30,
600343.SH,600343,航天动力,SH,主板,2003-04-08,
600345.SH,600345,长江通信,SH,主板,2000-12-22,
600346.SH,600346,恒力石化,SH,主板,2001-08-20,
600348.SH,600348,华阳股份,SH,主板,2003-08-21,
600350.SH,600350,山东高速,SH,主板,2002-03-18,
600351.SH,600351,亚宝药业,SH,主板,2002-09-26,
600352.SH,600352,浙江龙盛,SH,主板,2003-08-01,
600353.SH,600353,旭光电子,SH,主板,2002-11-20,
600354.SH,600354,敦煌种业,SH,主板,2004-01-15,
600356.SH,600356,恒丰纸业,SH,主板,2001-04-19,
600358.SH,600358,国旅联合,SH,主板,2000-09-22,
600359.SH,600359,新农开发,SH,主板,1999-04-29,
600360.SH,600360,*ST华微,SH,主板,2001-03-16,
600361.SH,600361,创新新材,SH,主板,2001-11-29,
600362.SH,600362,江西铜业,SH,主板,2002-01-11,
600363.SH,600363,联创光电,SH,主板,2001-03-29,
600365.SH,600365,ST通葡,SH,主板,2001-01-15,
600366.SH,600366,宁波韵升,SH,主板,2000-10-30,
600367.SH,600367,红星发展,SH,主板,2001-03-20,
600368.SH,600368,五洲交通,SH,主板,2000-12-21,
600369.SH,600369,西南证券,SH,主板,2001-01-09,
600370.SH,600370,*ST三房,SH,主板,2003-03-06,
600371.SH,600371,万向德农,SH,主板,2002-09-16,
600372.SH,600372,中航机载,SH,主板,2001-07-06,
600373.SH,600373,中文传媒,SH,主板,2002-03-04,
600375.SH,600375,汉马科技,SH,主板,2003-04-01,
600376.SH,600376,首开股份,SH,主板,2001-03-12,
600377.SH,600377,宁沪高速,SH,主板,2001-01-16,
600378.SH,600378,昊华科技,SH,主板,2001-01-11,
600379.SH,600379,宝光股份,SH,主板,2002-01-16,
600380.SH,600380,健康元,SH,主板,2001-06-08,
600381.SH,600381,*ST春天,SH,主板,2001-05-08,
600382.SH,600382,广东明珠,SH,主板,2001-01-18,
600383.SH,600383,金地集团,SH,主板,2001-04-12,
600386.SH,600386,北巴传媒,SH,主板,2001-02-16,
600388.SH,600388,龙净环保,SH,主板,2000-12-29,
600389.SH,600389,江山股份,SH,主板,2001-01-10,
600390.SH,600390,五矿资本,SH,主板,2001-01-15,
600391.SH,600391,航发科技,SH,主板,2001-12-12,
600392.SH,600392,盛和资源,SH,主板,2003-05-29,
600395.SH,600395,盘江股份,SH,主板,2001-05-31,
600396.SH,600396,华电辽能,SH,主板,2001-03-28,
600397.SH,600397,江钨装备,SH,主板,2002-07-02,
600398.SH,600398,海澜之家,SH,主板,2000-12-28,
600399.SH,600399,抚顺特钢,SH,主板,2000-12-29,
600400.SH,600400,红豆股份,SH,主板,2001-01-08,
600403.SH,600403,大有能源,SH,主板,2003-10-09,
600405.SH,600405,动力源,SH,主板,2004-04-01,
600406.SH,600406,国电南瑞,SH,主板,2003-10-16,
600408.SH,600408,安泰集团,SH,主板,2003-02-12,
600409.SH,600409,三友化工,SH,主板,2003-06-18,
600410.SH,600410,华胜天成,SH,主板,2004-04-27,
600415.SH,600415,小商品城,SH,主板,2002-05-09,
600416.SH,600416,湘电股份,SH,主板,2002-07-18,
600418.SH,600418,江淮汽车,SH,主板,2001-08-24,
600419.SH,600419,天润乳业,SH,主板,2001-06-28,
600420.SH,600420,国药现代,SH,主板,2004-06-16,
600421.SH,600421,*ST华嵘,SH,主板,2004-06-07,
600422.SH,600422,昆药集团,SH,主板,2000-12-06,
600423.SH,600423,*ST柳化,SH,主板,2003-07-17,
600425.SH,600425,青松建化,SH,主板,2003-07-24,
600426.SH,600426,华鲁恒升,SH,主板,2002-06-20,
600428.SH,600428,中远海特,SH,主板,2002-04-18,
600429.SH,600429,三元股份,SH,主板,2003-09-15,
600433.SH,600433,冠豪高新,SH,主板,2003-06-19,
600435.SH,600435,北方导航,SH,主板,2003-07-04,
600436.SH,600436,片仔癀,SH,主板,2003-06-16,
600438.SH,600438,通威股份,SH,主板,2004-03-02,
600439.SH,600439,瑞贝卡,SH,主板,2003-07-10,
600444.SH,600444,国机通用,SH,主板,2004-02-19,
600446.SH,600446,金证股份,SH,主板,2003-12-24,
600448.SH,600448,华纺股份,SH,主板,2001-09-03,
600449.SH,600449,宁夏建材,SH,主板,2003-08-29,
600452.SH,600452,涪陵电力,SH,主板,2004-03-03,
600455.SH,600455,博通股份,SH,主板,2004-03-29,
600456.SH,600456,宝钛股份,SH,主板,2002-04-12,
600458.SH,600458,时代新材,SH,主板,2002-12-19,
600459.SH,600459,贵研铂业,SH,主板,2003-05-16,
600460.SH,600460,士兰微,SH,主板,2003-03-11,
600461.SH,600461,洪城环境,SH,主板,2004-06-01,
600463.SH,600463,空港股份,SH,主板,2004-03-18,
600467.SH,600467,好当家,SH,主板,2004-04-05,
600468.SH,600468,百利电气,SH,主板,2001-06-15,
600469.SH,600469,风神股份,SH,主板,2003-10-21,
600470.SH,600470,六国化工,SH,主板,2004-03-05,
600475.SH,600475,华光环能,SH,主板,2003-07-21,
600476.SH,600476,*ST湘邮,SH,主板,2003-12-10,
600477.SH,600477,杭萧钢构,SH,主板,2003-11-10,
600478.SH,600478,科力远,SH,主板,2003-09-18,
600479.SH,600479,千金药业,SH,主板,2004-03-12,
600480.SH,600480,凌云股份,SH,主板,2003-08-15,
600481.SH,600481,双良节能,SH,主板,2003-04-22,
600482.SH,600482,中国动力,SH,主板,2004-07-14,
600483.SH,600483,福能股份,SH,主板,2004-05-31,
600486.SH,600486,扬农化工,SH,主板,2002-04-25,
600487.SH,600487,亨通光电,SH,主板,2003-08-22,
600488.SH,600488,津药药业,SH,主板,2001-06-18,
600489.SH,600489,中金黄金,SH,主板,2003-08-14,
600490.SH,600490,鹏欣资源,SH,主板,2003-06-26,
600491.SH,600491,龙元建设,SH,主板,2004-05-24,
600493.SH,600493,凤竹纺织,SH,主板,2004-04-21,
600495.SH,600495,晋西车轴,SH,主板,2004-05-26,
600496.SH,600496,精工钢构,SH,主板,2002-06-05,
600497.SH,600497,驰宏锌锗,SH,主板,2004-04-20,
600498.SH,600498,烽火通信,SH,主板,2001-08-23,
600499.SH,600499,科达制造,SH,主板,2002-10-10,
600500.SH,600500,中化国际,SH,主板,2000-03-01,
600501.SH,600501,航天晨光,SH,主板,2001-06-15,
600502.SH,600502,安徽建工,SH,主板,2003-04-15,
600503.SH,600503,华丽家族,SH,主板,2002-07-09,
600505.SH,600505,西昌电力,SH,主板,2002-05-30,
600506.SH,600506,统一股份,SH,主板,2001-12-26,
600507.SH,600507,方大特钢,SH,主板,2003-09-30,
600508.SH,600508,上海能源,SH,主板,2001-08-29,
600509.SH,600509,天富能源,SH,主板,2002-02-28,
600510.SH,600510,黑牡丹,SH,主板,2002-06-18,
600511.SH,600511,国药股份,SH,主板,2002-11-27,
600512.SH,600512,腾达建设,SH,主板,2002-12-26,
600513.SH,600513,联环药业,SH,主板,2003-03-19,
600515.SH,600515,海南机场,SH,主板,2002-08-06,
600516.SH,600516,方大炭素,SH,主板,2002-08-30,
600517.SH,600517,国网英大,SH,主板,2003-10-10,
600518.SH,600518,康美药业,SH,主板,2001-03-19,
600519.SH,600519,贵州茅台,SH,主板,2001-08-27,
600520.SH,600520,三佳科技,SH,主板,2002-01-08,
600521.SH,600521,华海药业,SH,主板,2003-03-04,
600522.SH,600522,中天科技,SH,主板,2002-10-24,
600523.SH,600523,贵航股份,SH,主板,2001-12-27,
600525.SH,600525,ST长园,SH,主板,2002-12-02,
600526.SH,600526,菲达环保,SH,主板,2002-07-22,
600527.SH,600527,江南高纤,SH,主板,2003-11-27,
600528.SH,600528,中铁工业,SH,主板,2001-05-28,
600529.SH,600529,山东药玻,SH,主板,2002-06-03,
600530.SH,600530,交大昂立,SH,主板,2001-07-02,
600531.SH,600531,豫光金铅,SH,主板,2002-07-30,
600533.SH,600533,栖霞建设,SH,主板,2002-03-28,
600535.SH,600535,天士力,SH,主板,2002-08-23,
600536.SH,600536,中国软件,SH,主板,2002-05-17,
600537.SH,600537,*ST亿晶,SH,主板,2003-01-23,
600538.SH,600538,国发股份,SH,主板,2003-01-14,
600539.SH,600539,狮头股份,SH,主板,2001-08-24,
600540.SH,600540,新赛股份,SH,主板,2004-01-07,
600543.SH,600543,*ST莫高,SH,主板,2004-03-24,
600545.SH,600545,卓郎智能,SH,主板,2003-12-03,
600546.SH,600546,山煤国际,SH,主板,2003-07-31,
600547.SH,600547,山东黄金,SH,主板,2003-08-28,
600548.SH,600548,深高速,SH,主板,2001-12-25,
600549.SH,600549,厦门钨业,SH,主板,2002-11-07,
600550.SH,600550,保变电气,SH,主板,2001-02-28,
600551.SH,600551,时代出版,SH,主板,2002-09-05,
600552.SH,600552,凯盛科技,SH,主板,2002-11-08,
600556.SH,600556,天下秀,SH,主板,2001-08-07,
600557.SH,600557,康缘药业,SH,主板,2002-09-18,
600558.SH,600558,大西洋,SH,主板,2001-02-27,
600559.SH,600559,老白干酒,SH,主板,2002-10-29,
600560.SH,600560,金自天正,SH,主板,2002-09-19,
600561.SH,600561,江西长运,SH,主板,2002-07-16,
600562.SH,600562,国睿科技,SH,主板,2003-01-28,
600563.SH,600563,法拉电子,SH,主板,2002-12-10,
600566.SH,600566,济川药业,SH,主板,2001-08-22,
600567.SH,600567,山鹰国际,SH,主板,2001-12-18,
600568.SH,600568,ST中珠,SH,主板,2001-05-18,
600569.SH,600569,安阳钢铁,SH,主板,2001-08-20,
600570.SH,600570,恒生电子,SH,主板,2003-12-16,
600571.SH,600571,信雅达,SH,主板,2002-11-01,
600572.SH,600572,康恩贝,SH,主板,2004-04-12,
600573.SH,600573,惠泉啤酒,SH,主板,2003-02-26,
600575.SH,600575,淮河能源,SH,主板,2003-03-28,
600576.SH,600576,祥源文旅,SH,主板,2003-02-20,
600577.SH,600577,精达股份,SH,主板,2002-09-11,
600578.SH,600578,京能电力,SH,主板,2002-05-10,
600579.SH,600579,中化装备,SH,主板,2002-08-09,
600580.SH,600580,XD卧龙电,SH,主板,2002-06-06,
600581.SH,600581,*ST八钢,SH,主板,2002-08-16,
600582.SH,600582,天地科技,SH,主板,2002-05-15,
600583.SH,600583,海油工程,SH,主板,2002-02-05,
600584.SH,600584,长电科技,SH,主板,2003-06-03,
600585.SH,600585,海螺水泥,SH,主板,2002-02-07,
600586.SH,600586,金晶科技,SH,主板,2002-08-15,
600587.SH,600587,新华医疗,SH,主板,2002-09-27,
600588.SH,600588,用友网络,SH,主板,2001-05-18,
600589.SH,600589,大位科技,SH,主板,2001-06-12,
600590.SH,600590,泰豪科技,SH,主板,2002-07-03,
600592.SH,600592,龙溪股份,SH,主板,2002-08-05,
600593.SH,600593,大连圣亚,SH,主板,2002-07-11,
600594.SH,600594,益佰制药,SH,主板,2004-03-23,
600595.SH,600595,中孚实业,SH,主板,2002-06-26,
600596.SH,600596,新安股份,SH,主板,2001-09-06,
600597.SH,600597,光明乳业,SH,主板,2002-08-28,
600598.SH,600598,北大荒,SH,主板,2002-03-29,
600599.SH,600599,*ST熊猫,SH,主板,2001-08-28,
600600.SH,600600,青岛啤酒,SH,主板,1993-08-27,
600601.SH,600601,方正科技,SH,主板,1990-12-19,
600602.SH,600602,云赛智联,SH,主板,1990-12-19,
600603.SH,600603,广汇物流,SH,主板,1992-01-13,
600604.SH,600604,市北高新,SH,主板,1992-03-27,
600605.SH,600605,XD汇通能,SH,主板,1992-03-27,
600606.SH,600606,绿地控股,SH,主板,1992-03-27,
600608.SH,600608,*ST沪科,SH,主板,1992-03-27,
600609.SH,600609,金杯汽车,SH,主板,1992-07-24,
600610.SH,600610,中毅达,SH,主板,1992-08-05,
600611.SH,600611,大众交通,SH,主板,1992-08-07,
600612.SH,600612,老凤祥,SH,主板,1992-08-14,
600613.SH,600613,神奇制药,SH,主板,1992-08-20,
600615.SH,600615,鑫源智造,SH,主板,1992-09-10,
600616.SH,600616,金枫酒业,SH,主板,1992-09-29,
600617.SH,600617,国新能源,SH,主板,1992-10-13,
600618.SH,600618,氯碱化工,SH,主板,1992-11-13,
600619.SH,600619,海立股份,SH,主板,1992-11-16,
600620.SH,600620,天宸股份,SH,主板,1992-11-17,
600621.SH,600621,华鑫股份,SH,主板,1992-12-02,
600622.SH,600622,光大嘉宝,SH,主板,1992-12-03,
600623.SH,600623,华谊集团,SH,主板,1992-12-04,
600624.SH,600624,ST复华,SH,主板,1993-01-05,
600626.SH,600626,申达股份,SH,主板,1993-01-07,
600628.SH,600628,新世界,SH,主板,1993-01-19,
600629.SH,600629,华建集团,SH,主板,1993-02-09,
600630.SH,600630,龙头股份,SH,主板,1993-02-09,
600633.SH,600633,浙数文化,SH,主板,1993-03-04,
600635.SH,600635,大众公用,SH,主板,1993-03-04,
600636.SH,600636,*ST国化,SH,主板,1993-03-16,
600637.SH,600637,东方明珠,SH,主板,1993-03-16,
600638.SH,600638,新黄浦,SH,主板,1993-03-26,
600639.SH,600639,浦东金桥,SH,主板,1993-03-26,
600640.SH,600640,国脉文化,SH,主板,1993-04-07,
600641.SH,600641,先导基电,SH,主板,1993-04-07,
600642.SH,600642,申能股份,SH,主板,1993-04-16,
600643.SH,600643,爱建集团,SH,主板,1993-04-26,
600644.SH,600644,乐山电力,SH,主板,1993-04-26,
600645.SH,600645,中源协和,SH,主板,1993-05-04,
600648.SH,600648,外高桥,SH,主板,1993-05-04,
600649.SH,600649,城投控股,SH,主板,1993-05-18,
600650.SH,600650,锦江在线,SH,主板,1993-06-07,
600651.SH,600651,飞乐音响,SH,主板,1990-12-19,
600653.SH,600653,申华控股,SH,主板,1990-12-19,
600654.SH,600654,中安科,SH,主板,1990-12-19,
600655.SH,600655,豫园股份,SH,主板,1992-09-02,
600657.SH,600657,信达地产,SH,主板,1993-05-24,
600658.SH,600658,电子城,SH,主板,1993-05-24,
600660.SH,600660,福耀玻璃,SH,主板,1993-06-10,
600661.SH,600661,昂立教育,SH,主板,1993-06-14,
600662.SH,600662,外服控股,SH,主板,1993-06-14,
600663.SH,600663,陆家嘴,SH,主板,1993-06-28,
600664.SH,600664,哈药股份,SH,主板,1993-06-29,
600665.SH,600665,天地源,SH,主板,1993-07-09,
600666.SH,600666,奥瑞德,SH,主板,1993-07-12,
600667.SH,600667,太极实业,SH,主板,1993-07-28,
600668.SH,600668,尖峰集团,SH,主板,1993-07-28,
600671.SH,600671,天目药业,SH,主板,1993-08-23,
600673.SH,600673,东阳光,SH,主板,1993-09-17,
600674.SH,600674,川投能源,SH,主板,1993-09-24,
600675.SH,600675,中华企业,SH,主板,1993-09-24,
600676.SH,600676,交运股份,SH,主板,1993-09-28,
600678.SH,600678,ST金顶,SH,主板,1993-10-08,
600679.SH,600679,上海凤凰,SH,主板,1993-10-08,
600681.SH,600681,百川能源,SH,主板,1993-10-18,
600682.SH,600682,南京新百,SH,主板,1993-10-18,
600683.SH,600683,京投发展,SH,主板,1993-10-25,
600684.SH,600684,珠江股份,SH,主板,1993-10-28,
600685.SH,600685,中船防务,SH,主板,1993-10-28,
600686.SH,600686,金龙汽车,SH,主板,1993-11-08,
600688.SH,600688,上海石化,SH,主板,1993-11-08,
600689.SH,600689,上海三毛,SH,主板,1993-11-08,
600690.SH,600690,海尔智家,SH,主板,1993-11-19,
600691.SH,600691,潞化科技,SH,主板,1993-11-19,
600692.SH,600692,亚通股份,SH,主板,1993-11-19,
600693.SH,600693,东百集团,SH,主板,1993-11-22,
600694.SH,600694,大商股份,SH,主板,1993-11-22,
600696.SH,600696,*ST岩石,SH,主板,1993-12-06,
600697.SH,600697,欧亚集团,SH,主板,1993-12-06,
600698.SH,600698,湖南天雁,SH,主板,1993-12-06,
600699.SH,600699,均胜电子,SH,主板,1993-12-06,
600702.SH,600702,舍得酒业,SH,主板,1996-05-24,
600703.SH,600703,三安光电,SH,主板,1996-05-28,
600704.SH,600704,物产中大,SH,主板,1996-06-06,
600706.SH,600706,曲江文旅,SH,主板,1996-05-16,
600707.SH,600707,彩虹股份,SH,主板,1996-05-20,
600708.SH,600708,光明地产,SH,主板,1996-06-06,
600710.SH,600710,苏美达,SH,主板,1996-07-01,
600711.SH,600711,盛屯矿业,SH,主板,1996-05-31,
600712.SH,600712,南宁百货,SH,主板,1996-06-26,
600713.SH,600713,南京医药,SH,主板,1996-07-01,
600714.SH,600714,金瑞矿业,SH,主板,1996-06-06,
600715.SH,600715,文投控股,SH,主板,1996-07-01,
600716.SH,600716,凤凰股份,SH,主板,1996-07-02,
600717.SH,600717,天津港,SH,主板,1996-06-14,
600718.SH,600718,东软集团,SH,主板,1996-06-18,
600719.SH,600719,大连热电,SH,主板,1996-07-16,
600720.SH,600720,中交设计,SH,主板,1996-07-16,
600721.SH,600721,百花医药,SH,主板,1996-06-26,
600722.SH,600722,金牛化工,SH,主板,1996-06-26,
600724.SH,600724,宁波富达,SH,主板,1996-07-16,
600725.SH,600725,云维股份,SH,主板,1996-07-02,
600726.SH,600726,华电能源,SH,主板,1996-07-01,
600727.SH,600727,鲁北化工,SH,主板,1996-07-02,
600728.SH,600728,佳都科技,SH,主板,1996-07-16,
600729.SH,600729,重庆百货,SH,主板,1996-07-02,
600730.SH,600730,*ST高科,SH,主板,1996-07-26,
600731.SH,600731,湖南海利,SH,主板,1996-08-02,
600732.SH,600732,爱旭股份,SH,主板,1996-08-16,
600733.SH,600733,北汽蓝谷,SH,主板,1996-08-16,
600734.SH,600734,*ST实达,SH,主板,1996-08-08,
600735.SH,600735,ST新华锦,SH,主板,1996-07-26,
600736.SH,600736,苏州高新,SH,主板,1996-08-15,
600737.SH,600737,中粮糖业,SH,主板,1996-07-31,
600738.SH,600738,丽尚国潮,SH,主板,1996-08-02,
600739.SH,600739,辽宁成大,SH,主板,1996-08-19,
600740.SH,600740,山西焦化,SH,主板,1996-08-08,
600741.SH,600741,华域汽车,SH,主板,1996-08-26,
600742.SH,600742,富维股份,SH,主板,1996-08-26,
600743.SH,600743,华远控股,SH,主板,1996-09-09,
600744.SH,600744,华银电力,SH,主板,1996-09-05,
600745.SH,600745,闻泰科技,SH,主板,1996-08-28,
600746.SH,600746,江苏索普,SH,主板,1996-09-18,
600748.SH,600748,上实发展,SH,主板,1996-09-25,
600749.SH,600749,西藏旅游,SH,主板,1996-10-15,
600750.SH,600750,华润江中,SH,主板,1996-09-23,
600751.SH,600751,海航科技,SH,主板,1996-09-09,
600753.SH,600753,*ST海钦,SH,主板,1996-09-27,
600754.SH,600754,锦江酒店,SH,主板,1996-10-11,
600755.SH,600755,厦门国贸,SH,主板,1996-10-03,
600756.SH,600756,浪潮软件,SH,主板,1996-09-23,
600757.SH,600757,长江传媒,SH,主板,1996-10-03,
600758.SH,600758,辽宁能源,SH,主板,1996-10-29,
600759.SH,600759,ST洲际,SH,主板,1996-10-08,
600760.SH,600760,中航沈飞,SH,主板,1996-10-11,
600761.SH,600761,安徽合力,SH,主板,1996-10-09,
600763.SH,600763,通策医疗,SH,主板,1996-10-30,
600764.SH,600764,中国海防,SH,主板,1996-11-04,
600765.SH,600765,中航重机,SH,主板,1996-11-06,
600768.SH,600768,宁波富邦,SH,主板,1996-11-11,
600769.SH,600769,祥龙电业,SH,主板,1996-11-01,
600770.SH,600770,综艺股份,SH,主板,1996-11-20,
600771.SH,600771,广誉远,SH,主板,1996-11-05,
600773.SH,600773,西藏城投,SH,主板,1996-11-08,
600774.SH,600774,汉商集团,SH,主板,1996-11-08,
600775.SH,600775,南京熊猫,SH,主板,1996-11-18,
600776.SH,600776,东方通信,SH,主板,1996-11-26,
600777.SH,600777,*ST新潮,SH,主板,1996-11-21,
600778.SH,600778,友好集团,SH,主板,1996-12-03,
600779.SH,600779,水井坊,SH,主板,1996-12-06,
600780.SH,600780,通宝能源,SH,主板,1996-12-05,
600782.SH,600782,新钢股份,SH,主板,1996-12-25,
600783.SH,600783,鲁信创投,SH,主板,1996-12-25,
600784.SH,600784,鲁银投资,SH,主板,1996-12-25,
600785.SH,600785,新华百货,SH,主板,1997-01-08,
600787.SH,600787,中储股份,SH,主板,1997-01-21,
600789.SH,600789,鲁抗医药,SH,主板,1997-02-26,
600790.SH,600790,轻纺城,SH,主板,1997-02-28,
600791.SH,600791,京能置业,SH,主板,1997-01-30,
600792.SH,600792,云煤能源,SH,主板,1997-01-23,
600793.SH,600793,宜宾纸业,SH,主板,1997-02-20,
600794.SH,600794,保税科技,SH,主板,1997-03-06,
600795.SH,600795,国电电力,SH,主板,1997-03-18,
600796.SH,600796,钱江生化,SH,主板,1997-04-08,
600797.SH,600797,浙大网新,SH,主板,1997-04-18,
600798.SH,600798,宁波海运,SH,主板,1997-04-23,
600800.SH,600800,渤海化学,SH,主板,1993-12-06,
600801.SH,600801,华新建材,SH,主板,1994-01-03,
600802.SH,600802,福建水泥,SH,主板,1994-01-03,
600803.SH,600803,新奥股份,SH,主板,1994-01-03,
600805.SH,600805,悦达投资,SH,主板,1994-01-03,
600807.SH,600807,济高发展,SH,主板,1994-01-03,
600808.SH,600808,马钢股份,SH,主板,1994-01-06,
600809.SH,600809,山西汾酒,SH,主板,1994-01-06,
600810.SH,600810,神马股份,SH,主板,1994-01-06,
600812.SH,600812,华北制药,SH,主板,1994-01-14,
600814.SH,600814,杭州解百,SH,主板,1994-01-14,
600815.SH,600815,厦工股份,SH,主板,1994-01-28,
600816.SH,600816,建元信托,SH,主板,1994-01-28,
600817.SH,600817,宇通重工,SH,主板,1994-01-28,
600818.SH,600818,ST中路,SH,主板,1994-01-28,
600819.SH,600819,耀皮玻璃,SH,主板,1994-01-28,
600820.SH,600820,隧道股份,SH,主板,1994-01-28,
600821.SH,600821,金开新能,SH,主板,1994-01-28,
600822.SH,600822,上海物贸,SH,主板,1994-02-04,
600824.SH,600824,益民集团,SH,主板,1994-02-04,
600825.SH,600825,新华传媒,SH,主板,1994-02-04,
600826.SH,600826,兰生股份,SH,主板,1994-02-04,
600827.SH,600827,百联股份,SH,主板,1994-02-04,
600828.SH,600828,茂业商业,SH,主板,1994-02-24,
600829.SH,600829,人民同泰,SH,主板,1994-02-24,
600830.SH,600830,香溢融通,SH,主板,1994-02-24,
600831.SH,600831,广电网络,SH,主板,1994-02-24,
600833.SH,600833,第一医药,SH,主板,1994-02-24,
600834.SH,600834,申通地铁,SH,主板,1994-02-24,
600835.SH,600835,上海机电,SH,主板,1994-02-24,
600838.SH,600838,上海九百,SH,主板,1994-02-24,
600839.SH,600839,四川长虹,SH,主板,1994-03-11,
600841.SH,600841,动力新科,SH,主板,1994-03-11,
600843.SH,600843,上工申贝,SH,主板,1994-03-11,
600844.SH,600844,金煤科技,SH,主板,1994-03-11,
600845.SH,600845,宝信软件,SH,主板,1994-03-11,
600846.SH,600846,同济科技,SH,主板,1994-03-11,
600847.SH,600847,万里股份,SH,主板,1994-03-24,
600848.SH,600848,上海临港,SH,主板,1994-03-24,
600850.SH,600850,电科数字,SH,主板,1994-03-24,
600851.SH,600851,海欣股份,SH,主板,1994-04-04,
600853.SH,600853,龙建股份,SH,主板,1994-04-04,
600854.SH,600854,春兰股份,SH,主板,1994-04-25,
600855.SH,600855,航天长峰,SH,主板,1994-04-25,
600857.SH,600857,宁波中百,SH,主板,1994-04-25,
600858.SH,600858,银座股份,SH,主板,1994-05-06,
600859.SH,600859,王府井,SH,主板,1994-05-06,
600860.SH,600860,京城股份,SH,主板,1994-05-06,
600861.SH,600861,北京人力,SH,主板,1994-05-20,
600862.SH,600862,中航高科,SH,主板,1994-05-20,
600863.SH,600863,华能蒙电,SH,主板,1994-05-20,
600864.SH,600864,哈投股份,SH,主板,1994-08-09,
600865.SH,600865,百大集团,SH,主板,1994-08-09,
600866.SH,600866,星湖科技,SH,主板,1994-08-18,
600867.SH,600867,通化东宝,SH,主板,1994-08-24,
600868.SH,600868,梅雁吉祥,SH,主板,1994-09-12,
600869.SH,600869,远东股份,SH,主板,1995-02-06,
600871.SH,600871,石化油服,SH,主板,1995-04-11,
600872.SH,600872,中炬高新,SH,主板,1995-01-24,
600873.SH,600873,梅花生物,SH,主板,1995-02-17,
600874.SH,600874,创业环保,SH,主板,1995-06-30,
600875.SH,600875,东方电气,SH,主板,1995-10-10,
600876.SH,600876,凯盛新能,SH,主板,1995-10-31,
600877.SH,600877,电科芯片,SH,主板,1995-10-13,
600879.SH,600879,航天电子,SH,主板,1995-11-15,
600880.SH,600880,博瑞传播,SH,主板,1995-11-15,
600881.SH,600881,亚泰集团,SH,主板,1995-11-15,
600882.SH,600882,妙可蓝多,SH,主板,1995-12-06,
600883.SH,600883,博闻科技,SH,主板,1995-12-08,
600884.SH,600884,杉杉股份,SH,主板,1996-01-30,
600885.SH,600885,宏发股份,SH,主板,1996-02-05,
600886.SH,600886,国投电力,SH,主板,1996-01-18,
600887.SH,600887,伊利股份,SH,主板,1996-03-12,
600888.SH,600888,新疆众和,SH,主板,1996-02-15,
600889.SH,600889,*ST京化,SH,主板,1996-03-08,
600892.SH,600892,*ST大晟,SH,主板,1996-03-15,
600893.SH,600893,航发动力,SH,主板,1996-04-08,
600894.SH,600894,广日股份,SH,主板,1996-03-28,
600895.SH,600895,张江高科,SH,主板,1996-04-22,
600897.SH,600897,厦门空港,SH,主板,1996-05-31,
600900.SH,600900,长江电力,SH,主板,2003-11-18,
600901.SH,600901,江苏金租,SH,主板,2018-03-01,
600903.SH,600903,贵州燃气,SH,主板,2017-11-07,
600905.SH,600905,三峡能源,SH,主板,2021-06-10,
600906.SH,600906,财达证券,SH,主板,2021-05-07,
600908.SH,600908,无锡银行,SH,主板,2016-09-23,
600909.SH,600909,华安证券,SH,主板,2016-12-06,
600916.SH,600916,中国黄金,SH,主板,2021-02-05,
600917.SH,600917,重庆燃气,SH,主板,2014-09-30,
600918.SH,600918,中泰证券,SH,主板,2020-06-03,
600919.SH,600919,江苏银行,SH,主板,2016-08-02,
600925.SH,600925,苏能股份,SH,主板,2023-03-29,
600926.SH,600926,杭州银行,SH,主板,2016-10-27,
600927.SH,600927,永安期货,SH,主板,2021-12-23,
600928.SH,600928,西安银行,SH,主板,2019-03-01,
600929.SH,600929,雪天盐业,SH,主板,2018-03-26,
600930.SH,600930,华电新能,SH,主板,2025-07-16,
600933.SH,600933,爱柯迪,SH,主板,2017-11-17,
600935.SH,600935,华塑股份,SH,主板,2021-11-26,
600936.SH,600936,北投科技,SH,主板,2016-08-15,
600938.SH,600938,中国海油,SH,主板,2022-04-21,
600939.SH,600939,重庆建工,SH,主板,2017-02-21,
600941.SH,600941,中国移动,SH,主板,2022-01-05,
600955.SH,600955,维远股份,SH,主板,2021-09-15,
600956.SH,600956,新天绿能,SH,主板,2020-06-29,
600958.SH,600958,东方证券,SH,主板,2015-03-23,
600959.SH,600959,江苏有线,SH,主板,2015-04-28,
600960.SH,600960,渤海汽车,SH,主板,2004-04-07,
600961.SH,600961,株冶集团,SH,主板,2004-08-30,
600962.SH,600962,国投中鲁,SH,主板,2004-06-22,
600963.SH,600963,岳阳林纸,SH,主板,2004-05-25,
600965.SH,600965,福成股份,SH,主板,2004-07-13,
600966.SH,600966,博汇纸业,SH,主板,2004-06-08,
600967.SH,600967,内蒙一机,SH,主板,2004-05-18,
600968.SH,600968,海油发展,SH,主板,2019-06-26,
600969.SH,600969,郴电国际,SH,主板,2004-04-08,
600970.SH,600970,中材国际,SH,主板,2005-04-12,
600971.SH,600971,恒源煤电,SH,主板,2004-08-17,
600973.SH,600973,宝胜股份,SH,主板,2004-08-02,
600975.SH,600975,新五丰,SH,主板,2004-06-09,
600976.SH,600976,健民集团,SH,主板,2004-04-19,
600977.SH,600977,中国电影,SH,主板,2016-08-09,
600979.SH,600979,广安爱众,SH,主板,2004-09-06,
600980.SH,600980,北矿科技,SH,主板,2004-05-12,
600981.SH,600981,苏豪汇鸿,SH,主板,2004-06-30,
600982.SH,600982,宁波能源,SH,主板,2004-07-06,
600983.SH,600983,惠而浦,SH,主板,2004-07-27,
600984.SH,600984,建设机械,SH,主板,2004-07-07,
600985.SH,600985,淮北矿业,SH,主板,2004-04-28,
600986.SH,600986,浙文互联,SH,主板,2004-04-26,
600987.SH,600987,航民股份,SH,主板,2004-08-09,
600988.SH,600988,赤峰黄金,SH,主板,2004-04-14,
600989.SH,600989,宝丰能源,SH,主板,2019-05-16,
600990.SH,600990,四创电子,SH,主板,2004-05-10,
600992.SH,600992,贵绳股份,SH,主板,2004-05-14,
600993.SH,600993,马应龙,SH,主板,2004-05-17,
600995.SH,600995,南网储能,SH,主板,2004-06-15,
600996.SH,600996,贵广网络,SH,主板,2016-12-26,
600997.SH,600997,开滦股份,SH,主板,2004-06-02,
600998.SH,600998,九州通,SH,主板,2010-11-02,
600999.SH,600999,招商证券,SH,主板,2009-11-17,
601000.SH,601000,唐山港,SH,主板,2010-07-05,
601001.SH,601001,晋控煤业,SH,主板,2006-06-23,
601002.SH,601002,晋亿实业,SH,主板,2007-01-26,
601003.SH,601003,柳钢股份,SH,主板,2007-02-27,
601005.SH,601005,重庆钢铁,SH,主板,2007-02-28,
601006.SH,601006,大秦铁路,SH,主板,2006-08-01,
601007.SH,601007,金陵饭店,SH,主板,2007-04-06,
601008.SH,601008,连云港,SH,主板,2007-04-26,
601009.SH,601009,南京银行,SH,主板,2007-07-19,
601010.SH,601010,ST文峰,SH,主板,2011-06-03,
601011.SH,601011,宝泰隆,SH,主板,2011-03-09,
601012.SH,601012,隆基绿能,SH,主板,2012-04-11,
601015.SH,601015,陕西黑猫,SH,主板,2014-11-05,
601016.SH,601016,节能风电,SH,主板,2014-09-29,
601018.SH,601018,宁波港,SH,主板,2010-09-28,
601019.SH,601019,山东出版,SH,主板,2017-11-22,
601020.SH,601020,华钰矿业,SH,主板,2016-03-16,
601021.SH,601021,春秋航空,SH,主板,2015-01-21,
601022.SH,601022,宁波远洋,SH,主板,2022-12-08,
601026.SH,601026,道生天合,SH,主板,2025-10-17,
601033.SH,601033,永兴股份,SH,主板,2024-01-18,
601038.SH,601038,一拖股份,SH,主板,2012-08-08,
601058.SH,601058,赛轮轮胎,SH,主板,2011-06-30,
601059.SH,601059,信达证券,SH,主板,2023-02-01,
601061.SH,601061,中信金属,SH,主板,2023-04-10,
601065.SH,601065,江盐集团,SH,主板,2023-04-10,
601066.SH,601066,中信建投,SH,主板,2018-06-20,
601068.SH,601068,中铝国际,SH,主板,2018-08-31,
601069.SH,601069,西部黄金,SH,主板,2015-01-22,
601077.SH,601077,渝农商行,SH,主板,2019-10-29,
601083.SH,601083,锦江航运,SH,主板,2023-12-05,
601086.SH,601086,国芳集团,SH,主板,2017-09-29,
601088.SH,601088,中国神华,SH,主板,2007-10-09,
601089.SH,601089,福元医药,SH,主板,2022-06-30,
601096.SH,601096,宏盛华源,SH,主板,2023-12-22,
601098.SH,601098,中南传媒,SH,主板,2010-10-28,
601099.SH,601099,太平洋,SH,主板,2007-12-28,
601100.SH,601100,恒立液压,SH,主板,2011-10-28,
601101.SH,601101,昊华能源,SH,主板,2010-03-31,
601106.SH,601106,中国一重,SH,主板,2010-02-09,
601107.SH,601107,四川成渝,SH,主板,2009-07-27,
601108.SH,601108,财通证券,SH,主板,2017-10-24,
601111.SH,601111,中国国航,SH,主板,2006-08-18,
601112.SH,601112,振石股份,SH,主板,2026-01-29,
601113.SH,601113,华鼎股份,SH,主板,2011-05-09,
601116.SH,601116,三江购物,SH,主板,2011-03-02,
601117.SH,601117,中国化学,SH,主板,2010-01-07,
601118.SH,601118,海南橡胶,SH,主板,2011-01-07,
601121.SH,601121,宝地矿业,SH,主板,2023-03-10,
601126.SH,601126,四方股份,SH,主板,2010-12-31,
601127.SH,601127,赛力斯,SH,主板,2016-06-15,
601128.SH,601128,常熟银行,SH,主板,2016-09-30,
601133.SH,601133,柏诚股份,SH,主板,2023-04-10,
601136.SH,601136,首创证券,SH,主板,2022-12-22,
601137.SH,601137,博威合金,SH,主板,2011-01-27,
601138.SH,601138,工业富联,SH,主板,2018-06-08,
601139.SH,601139,深圳燃气,SH,主板,2009-12-25,
601155.SH,601155,新城控股,SH,主板,2015-12-04,
601156.SH,601156,东航物流,SH,主板,2021-06-09,
601158.SH,601158,重庆水务,SH,主板,2010-03-29,
601162.SH,601162,天风证券,SH,主板,2018-10-19,
601163.SH,601163,三角轮胎,SH,主板,2016-09-09,
601166.SH,601166,兴业银行,SH,主板,2007-02-05,
601168.SH,601168,西部矿业,SH,主板,2007-07-12,
601169.SH,601169,北京银行,SH,主板,2007-09-19,
601177.SH,601177,杭齿前进,SH,主板,2010-10-11,
601179.SH,601179,中国西电,SH,主板,2010-01-28,
601186.SH,601186,中国铁建,SH,主板,2008-03-10,
601187.SH,601187,厦门银行,SH,主板,2020-10-27,
601188.SH,601188,龙江交通,SH,主板,2010-03-19,
601198.SH,601198,东兴证券,SH,主板,2015-02-26,
601199.SH,601199,江南水务,SH,主板,2011-03-17,
601200.SH,601200,上海环境,SH,主板,2017-03-31,
601208.SH,601208,东材科技,SH,主板,2011-05-20,
601211.SH,601211,国泰海通,SH,主板,2015-06-26,
601212.SH,601212,白银有色,SH,主板,2017-02-15,
601216.SH,601216,君正集团,SH,主板,2011-02-22,
601218.SH,601218,吉鑫科技,SH,主板,2011-05-06,
601222.SH,601222,林洋能源,SH,主板,2011-08-08,
601225.SH,601225,陕西煤业,SH,主板,2014-01-28,
601226.SH,601226,华电科工,SH,主板,2014-12-11,
601228.SH,601228,广州港,SH,主板,2017-03-29,
601229.SH,601229,上海银行,SH,主板,2016-11-16,
601231.SH,601231,环旭电子,SH,主板,2012-02-20,
601233.SH,601233,桐昆股份,SH,主板,2011-05-18,
601236.SH,601236,红塔证券,SH,主板,2019-07-05,
601238.SH,601238,广汽集团,SH,主板,2012-03-29,
601279.SH,601279,英利汽车,SH,主板,2021-04-15,
601288.SH,601288,农业银行,SH,主板,2010-07-15,
601298.SH,601298,青岛港,SH,主板,2019-01-21,
601311.SH,601311,骆驼股份,SH,主板,2011-06-02,
601318.SH,601318,中国平安,SH,主板,2007-03-01,
601319.SH,601319,中国人保,SH,主板,2018-11-16,
601326.SH,601326,秦港股份,SH,主板,2017-08-16,
601328.SH,601328,交通银行,SH,主板,2007-05-15,
601330.SH,601330,绿色动力,SH,主板,2018-06-11,
601333.SH,601333,广深铁路,SH,主板,2006-12-22,
601336.SH,601336,新华保险,SH,主板,2011-12-16,
601339.SH,601339,百隆东方,SH,主板,2012-06-12,
601360.SH,601360,三六零,SH,主板,2012-01-16,
601366.SH,601366,利群股份,SH,主板,2017-04-12,
601368.SH,601368,绿城水务,SH,主板,2015-06-12,
601369.SH,601369,陕鼓动力,SH,主板,2010-04-28,
601375.SH,601375,中原证券,SH,主板,2017-01-03,
601377.SH,601377,兴业证券,SH,主板,2010-10-13,
601388.SH,601388,怡球资源,SH,主板,2012-04-23,
601390.SH,601390,中国中铁,SH,主板,2007-12-03,
601398.SH,601398,工商银行,SH,主板,2006-10-27,
601399.SH,601399,国机重装,SH,主板,2020-06-08,
601456.SH,601456,国联民生,SH,主板,2020-07-31,
601500.SH,601500,通用股份,SH,主板,2016-09-19,
601512.SH,601512,中新集团,SH,主板,2019-12-20,
601515.SH,601515,衢州东峰,SH,主板,2012-02-16,
601518.SH,601518,吉林高速,SH,主板,2010-03-19,
601519.SH,601519,大智慧,SH,主板,2011-01-28,
601528.SH,601528,瑞丰银行,SH,主板,2021-06-25,
601555.SH,601555,东吴证券,SH,主板,2011-12-12,
601566.SH,601566,九牧王,SH,主板,2011-05-30,
601567.SH,601567,三星电气,SH,主板,2011-06-15,
601568.SH,601568,北元集团,SH,主板,2020-10-20,
601577.SH,601577,长沙银行,SH,主板,2018-09-26,
601579.SH,601579,会稽山,SH,主板,2014-08-25,
601588.SH,601588,北辰实业,SH,主板,2006-10-16,
601595.SH,601595,上海电影,SH,主板,2016-08-17,
601598.SH,601598,中国外运,SH,主板,2019-01-18,
601599.SH,601599,浙文影业,SH,主板,2011-05-27,
601600.SH,601600,中国铝业,SH,主板,2007-04-30,
601601.SH,601601,中国太保,SH,主板,2007-12-25,
601606.SH,601606,长城军工,SH,主板,2018-08-06,
601607.SH,601607,上海医药,SH,主板,1994-03-24,
601608.SH,601608,中信重工,SH,主板,2012-07-06,
601609.SH,601609,金田股份,SH,主板,2020-04-22,
601611.SH,601611,中国核建,SH,主板,2016-06-06,
601615.SH,601615,明阳智能,SH,主板,2019-01-23,
601616.SH,601616,广电电气,SH,主板,2011-02-01,
601618.SH,601618,中国中冶,SH,主板,2009-09-21,
601619.SH,601619,嘉泽新能,SH,主板,2017-07-20,
601628.SH,601628,中国人寿,SH,主板,2007-01-09,
601633.SH,601633,长城汽车,SH,主板,2011-09-28,
601636.SH,601636,旗滨集团,SH,主板,2011-08-12,
601658.SH,601658,邮储银行,SH,主板,2019-12-10,
601665.SH,601665,齐鲁银行,SH,主板,2021-06-18,
601666.SH,601666,平煤股份,SH,主板,2006-11-23,
601668.SH,601668,中国建筑,SH,主板,2009-07-29,
601669.SH,601669,中国电建,SH,主板,2011-10-18,
601677.SH,601677,明泰铝业,SH,主板,2011-09-19,
601678.SH,601678,滨化股份,SH,主板,2010-02-23,
601686.SH,601686,友发集团,SH,主板,2020-12-04,
601688.SH,601688,华泰证券,SH,主板,2010-02-26,
601689.SH,601689,拓普集团,SH,主板,2015-03-19,
601696.SH,601696,中银证券,SH,主板,2020-02-26,
601698.SH,601698,中国卫通,SH,主板,2019-06-28,
601699.SH,601699,潞安环能,SH,主板,2006-09-22,
601700.SH,601700,风范股份,SH,主板,2011-01-18,
601702.SH,601702,华峰铝业,SH,主板,2020-09-07,
601717.SH,601717,中创智领,SH,主板,2010-08-03,
601718.SH,601718,际华集团,SH,主板,2010-08-16,
601727.SH,601727,上海电气,SH,主板,2008-12-05,
601728.SH,601728,中国电信,SH,主板,2021-08-20,
601766.SH,601766,中国中车,SH,主板,2008-08-18,
601777.SH,601777,千里科技,SH,主板,2010-11-25,
601778.SH,601778,晶科科技,SH,主板,2020-05-19,
601788.SH,601788,光大证券,SH,主板,2009-08-18,
601789.SH,601789,宁波建工,SH,主板,2011-08-16,
601798.SH,601798,蓝科高新,SH,主板,2011-06-22,
601799.SH,601799,星宇股份,SH,主板,2011-02-01,
601800.SH,601800,中国交建,SH,主板,2012-03-09,
601801.SH,601801,皖新传媒,SH,主板,2010-01-18,
601808.SH,601808,中海油服,SH,主板,2007-09-28,
601811.SH,601811,新华文轩,SH,主板,2016-08-08,
601816.SH,601816,京沪高铁,SH,主板,2020-01-16,
601818.SH,601818,光大银行,SH,主板,2010-08-18,
601825.SH,601825,沪农商行,SH,主板,2021-08-19,
601827.SH,601827,三峰环境,SH,主板,2020-06-05,
601828.SH,601828,美凯龙,SH,主板,2018-01-17,
601838.SH,601838,成都银行,SH,主板,2018-01-31,
601857.SH,601857,中国石油,SH,主板,2007-11-05,
601858.SH,601858,中国科传,SH,主板,2017-01-18,
601860.SH,601860,紫金银行,SH,主板,2019-01-03,
601865.SH,601865,福莱特,SH,主板,2019-02-15,
601866.SH,601866,中远海发,SH,主板,2007-12-12,
601868.SH,601868,中国能建,SH,主板,2021-09-28,
601869.SH,601869,长飞光纤,SH,主板,2018-07-20,
601872.SH,601872,招商轮船,SH,主板,2006-12-01,
601877.SH,601877,正泰电器,SH,主板,2010-01-21,
601878.SH,601878,浙商证券,SH,主板,2017-06-26,
601880.SH,601880,辽港股份,SH,主板,2010-12-06,
601881.SH,601881,中国银河,SH,主板,2017-01-23,
601882.SH,601882,XD海天精,SH,主板,2016-11-07,
601886.SH,601886,XD江河集,SH,主板,2011-08-18,
601888.SH,601888,中国中免,SH,主板,2009-10-15,
601890.SH,601890,亚星锚链,SH,主板,2010-12-28,
601898.SH,601898,中煤能源,SH,主板,2008-02-01,
601899.SH,601899,紫金矿业,SH,主板,2008-04-25,
601900.SH,601900,南方传媒,SH,主板,2016-02-15,
601901.SH,601901,方正证券,SH,主板,2011-08-10,
601908.SH,601908,京运通,SH,主板,2011-09-08,
601916.SH,601916,浙商银行,SH,主板,2019-11-26,
601918.SH,601918,新集能源,SH,主板,2007-12-19,
601919.SH,601919,中远海控,SH,主板,2007-06-26,
601921.SH,601921,浙版传媒,SH,主板,2021-07-23,
601928.SH,601928,凤凰传媒,SH,主板,2011-11-30,
601929.SH,601929,吉视传媒,SH,主板,2012-02-23,
601933.SH,601933,永辉超市,SH,主板,2010-12-15,
601939.SH,601939,建设银行,SH,主板,2007-09-25,
601949.SH,601949,中国出版,SH,主板,2017-08-21,
601952.SH,601952,苏垦农发,SH,主板,2017-05-15,
601956.SH,601956,东贝集团,SH,主板,2020-12-25,
601958.SH,601958,金钼股份,SH,主板,2008-04-17,
601963.SH,601963,重庆银行,SH,主板,2021-02-05,
601965.SH,601965,中国汽研,SH,主板,2012-06-11,
601966.SH,601966,玲珑轮胎,SH,主板,2016-07-06,
601968.SH,601968,宝钢包装,SH,主板,2015-06-11,
601969.SH,601969,海南矿业,SH,主板,2014-12-09,
601975.SH,601975,招商南油,SH,主板,2019-01-08,
601985.SH,601985,中国核电,SH,主板,2015-06-10,
601988.SH,601988,中国银行,SH,主板,2006-07-05,
601990.SH,601990,南京证券,SH,主板,2018-06-13,
601991.SH,601991,大唐发电,SH,主板,2006-12-20,
601992.SH,601992,金隅集团,SH,主板,2011-03-01,
601995.SH,601995,中金公司,SH,主板,2020-11-02,
601996.SH,601996,丰林集团,SH,主板,2011-09-29,
601997.SH,601997,贵阳银行,SH,主板,2016-08-16,
601998.SH,601998,中信银行,SH,主板,2007-04-27,
601999.SH,601999,出版传媒,SH,主板,2007-12-21,
603000.SH,603000,人民网,SH,主板,2012-04-27,
603001.SH,603001,奥康国际,SH,主板,2012-04-26,
603002.SH,603002,宏昌电子,SH,主板,2012-05-18,
603004.SH,603004,鼎龙科技,SH,主板,2023-12-27,
603005.SH,603005,晶方科技,SH,主板,2014-02-10,
603006.SH,603006,联明股份,SH,主板,2014-06-30,
603007.SH,603007,花王股份,SH,主板,2016-08-26,
603008.SH,603008,ST喜临门,SH,主板,2012-07-17,
603009.SH,603009,北特科技,SH,主板,2014-07-18,
603010.SH,603010,万盛股份,SH,主板,2014-10-10,
603011.SH,603011,合锻智能,SH,主板,2014-11-07,
603012.SH,603012,创力集团,SH,主板,2015-03-20,
603013.SH,603013,亚普股份,SH,主板,2018-05-09,
603014.SH,603014,威高血净,SH,主板,2025-05-19,
603015.SH,603015,弘讯科技,SH,主板,2015-03-03,
603016.SH,603016,新宏泰,SH,主板,2016-07-01,
603017.SH,603017,中衡设计,SH,主板,2014-12-31,
603018.SH,603018,华设集团,SH,主板,2014-10-13,
603019.SH,603019,中科曙光,SH,主板,2014-11-06,
603020.SH,603020,爱普股份,SH,主板,2015-03-25,
603021.SH,603021,ST华鹏,SH,主板,2015-04-23,
603022.SH,603022,新通联,SH,主板,2015-05-18,
603023.SH,603023,威帝股份,SH,主板,2015-05-27,
603025.SH,603025,大豪科技,SH,主板,2015-04-22,
603026.SH,603026,石大胜华,SH,主板,2015-05-29,
603027.SH,603027,千禾味业,SH,主板,2016-03-07,
603028.SH,603028,赛福天,SH,主板,2016-03-31,
603029.SH,603029,天鹅股份,SH,主板,2016-04-27,
603030.SH,603030,全筑股份,SH,主板,2015-03-20,
603031.SH,603031,安孚科技,SH,主板,2016-08-22,
603032.SH,603032,德新科技,SH,主板,2017-01-05,
603033.SH,603033,三维股份,SH,主板,2016-12-07,
603035.SH,603035,常熟汽饰,SH,主板,2017-01-05,
603036.SH,603036,如通股份,SH,主板,2016-12-09,
603037.SH,603037,凯众股份,SH,主板,2017-01-20,
603038.SH,603038,华立股份,SH,主板,2017-01-16,
603039.SH,603039,泛微网络,SH,主板,2017-01-13,
603040.SH,603040,新坐标,SH,主板,2017-02-09,
603041.SH,603041,美思德,SH,主板,2017-03-30,
603042.SH,603042,华脉科技,SH,主板,2017-06-02,
603043.SH,603043,广州酒家,SH,主板,2017-06-27,
603045.SH,603045,福达合金,SH,主板,2018-05-17,
603048.SH,603048,浙江黎明,SH,主板,2021-11-16,
603049.SH,603049,中策橡胶,SH,主板,2025-06-05,
603050.SH,603050,科林电气,SH,主板,2017-04-14,
603051.SH,603051,鹿山新材,SH,主板,2022-03-25,
603052.SH,603052,可川科技,SH,主板,2022-10-11,
603053.SH,603053,成都燃气,SH,主板,2019-12-17,
603055.SH,603055,台华新材,SH,主板,2017-09-21,
603057.SH,603057,紫燕食品,SH,主板,2022-09-26,
603058.SH,603058,永吉股份,SH,主板,2016-12-23,
603059.SH,603059,倍加洁,SH,主板,2018-03-02,
603060.SH,603060,国检集团,SH,主板,2016-11-09,
603061.SH,603061,金海通,SH,主板,2023-03-03,
603062.SH,603062,麦加芯彩,SH,主板,2023-11-07,
603063.SH,603063,禾望电气,SH,主板,2017-07-28,
603065.SH,603065,宿迁联盛,SH,主板,2023-03-21,
603066.SH,603066,音飞储存,SH,主板,2015-06-11,
603067.SH,603067,振华股份,SH,主板,2016-09-13,
603068.SH,603068,博通集成,SH,主板,2019-04-15,
603069.SH,603069,海汽集团,SH,主板,2016-07-12,
603070.SH,603070,万控智造,SH,主板,2022-03-10,
603071.SH,603071,物产环能,SH,主板,2021-12-16,
603072.SH,603072,天和磁材,SH,主板,2025-01-03,
603073.SH,603073,彩蝶实业,SH,主板,2023-03-16,
603075.SH,603075,热威股份,SH,主板,2023-09-11,
603076.SH,603076,乐惠国际,SH,主板,2017-11-13,
603077.SH,603077,和邦生物,SH,主板,2012-07-31,
603078.SH,603078,江化微,SH,主板,2017-04-10,
603079.SH,603079,圣达生物,SH,主板,2017-08-23,
603080.SH,603080,新疆火炬,SH,主板,2018-01-03,
603081.SH,603081,大丰实业,SH,主板,2017-04-20,
603082.SH,603082,北自科技,SH,主板,2024-01-30,
603083.SH,603083,剑桥科技,SH,主板,2017-11-10,
603085.SH,603085,天成自控,SH,主板,2015-06-30,
603086.SH,603086,先达股份,SH,主板,2017-05-11,
603087.SH,603087,甘李药业,SH,主板,2020-06-29,
603088.SH,603088,宁波精达,SH,主板,2014-11-11,
603089.SH,603089,正裕工业,SH,主板,2017-01-26,
603090.SH,603090,宏盛股份,SH,主板,2016-08-31,
603091.SH,603091,众鑫股份,SH,主板,2024-09-20,
603092.SH,603092,德力佳,SH,主板,2025-11-07,
603093.SH,603093,南华期货,SH,主板,2019-08-30,
603095.SH,603095,越剑智能,SH,主板,2020-04-15,
603096.SH,603096,新经典,SH,主板,2017-04-25,
603097.SH,603097,江苏华辰,SH,主板,2022-05-12,
603098.SH,603098,森特股份,SH,主板,2016-12-16,
603099.SH,603099,长白山,SH,主板,2014-08-22,
603100.SH,603100,川仪股份,SH,主板,2014-08-05,
603101.SH,603101,汇嘉时代,SH,主板,2016-05-06,
603102.SH,603102,百合股份,SH,主板,2022-01-25,
603103.SH,603103,横店影视,SH,主板,2017-10-12,
603105.SH,603105,芯能科技,SH,主板,2018-07-09,
603106.SH,603106,恒银科技,SH,主板,2017-09-20,
603107.SH,603107,上海汽配,SH,主板,2023-11-01,
603108.SH,603108,润达医疗,SH,主板,2015-05-27,
603109.SH,603109,神驰机电,SH,主板,2019-12-31,
603110.SH,603110,东方材料,SH,主板,2017-10-13,
603111.SH,603111,康尼机电,SH,主板,2014-08-01,
603112.SH,603112,华翔股份,SH,主板,2020-09-17,
603113.SH,603113,金能科技,SH,主板,2017-05-11,
603115.SH,603115,海星股份,SH,主板,2019-08-09,
603116.SH,603116,红蜻蜓,SH,主板,2015-06-29,
603117.SH,603117,万林物流,SH,主板,2015-06-29,
603118.SH,603118,共进股份,SH,主板,2015-02-25,
603119.SH,603119,浙江荣泰,SH,主板,2023-08-01,
603120.SH,603120,肯特催化,SH,主板,2025-04-16,
603121.SH,603121,华培动力,SH,主板,2019-01-11,
603122.SH,603122,合富中国,SH,主板,2022-02-16,
603123.SH,603123,翠微股份,SH,主板,2012-05-03,
603124.SH,603124,江南新材,SH,主板,2025-03-20,
603125.SH,603125,常青科技,SH,主板,2023-04-10,
603126.SH,603126,中材节能,SH,主板,2014-07-31,
603127.SH,603127,昭衍新药,SH,主板,2017-08-25,
603128.SH,603128,华贸物流,SH,主板,2012-05-29,
603129.SH,603129,春风动力,SH,主板,2017-08-18,
603130.SH,603130,云中马,SH,主板,2022-11-18,
603131.SH,603131,上海沪工,SH,主板,2016-06-07,
603132.SH,603132,金徽股份,SH,主板,2022-02-22,
603135.SH,603135,中重科技,SH,主板,2023-04-10,
603136.SH,603136,天目湖,SH,主板,2017-09-27,
603137.SH,603137,恒尚节能,SH,主板,2023-04-19,
603138.SH,603138,海量数据,SH,主板,2017-03-06,
603139.SH,603139,康惠股份,SH,主板,2017-04-21,
603150.SH,603150,万朗磁塑,SH,主板,2022-01-24,
603151.SH,603151,邦基科技,SH,主板,2022-10-19,
603153.SH,603153,上海建科,SH,主板,2023-03-13,
603155.SH,603155,新亚强,SH,主板,2020-09-01,
603156.SH,603156,养元饮品,SH,主板,2018-02-12,
603158.SH,603158,腾龙股份,SH,主板,2015-03-20,
603159.SH,603159,上海亚虹,SH,主板,2016-08-12,
603160.SH,603160,汇顶科技,SH,主板,2016-10-17,
603161.SH,603161,科华控股,SH,主板,2018-01-05,
603162.SH,603162,海通发展,SH,主板,2023-03-29,
603163.SH,603163,圣晖集成,SH,主板,2022-10-13,
603165.SH,603165,荣晟环保,SH,主板,2017-01-17,
603166.SH,603166,福达股份,SH,主板,2014-11-27,
603167.SH,603167,渤海轮渡,SH,主板,2012-09-06,
603168.SH,603168,莎普爱思,SH,主板,2014-07-02,
603169.SH,603169,兰石重装,SH,主板,2014-10-09,
603170.SH,603170,宝立食品,SH,主板,2022-07-15,
603171.SH,603171,税友股份,SH,主板,2021-06-30,
603172.SH,603172,万丰股份,SH,主板,2023-05-10,
603173.SH,603173,福斯达,SH,主板,2023-01-30,
603175.SH,603175,超颖电子,SH,主板,2025-10-24,
603176.SH,603176,汇通集团,SH,主板,2021-12-31,
603177.SH,603177,德创环保,SH,主板,2017-02-07,
603178.SH,603178,圣龙股份,SH,主板,2017-03-28,
603179.SH,603179,新泉股份,SH,主板,2017-03-17,
603180.SH,603180,金牌家居,SH,主板,2017-05-12,
603181.SH,603181,皇马科技,SH,主板,2017-08-24,
603182.SH,603182,嘉华股份,SH,主板,2022-09-09,
603183.SH,603183,建研院,SH,主板,2017-09-05,
603185.SH,603185,弘元绿能,SH,主板,2018-12-28,
603186.SH,603186,华正新材,SH,主板,2017-01-03,
603187.SH,603187,海容冷链,SH,主板,2018-11-29,
603188.SH,603188,亚邦股份,SH,主板,2014-09-09,
603189.SH,603189,网达软件,SH,主板,2016-09-14,
603190.SH,603190,亚通精工,SH,主板,2023-02-17,
603191.SH,603191,望变电气,SH,主板,2022-04-28,
603192.SH,603192,汇得科技,SH,主板,2018-08-28,
603193.SH,603193,润本股份,SH,主板,2023-10-17,
603194.SH,603194,中力股份,SH,主板,2024-12-24,
603195.SH,603195,公牛集团,SH,主板,2020-02-06,
603196.SH,603196,璞源材料,SH,主板,2017-05-31,
603197.SH,603197,保隆科技,SH,主板,2017-05-19,
603198.SH,603198,迎驾贡酒,SH,主板,2015-05-28,
603199.SH,603199,九华旅游,SH,主板,2015-03-26,
603200.SH,603200,上海洗霸,SH,主板,2017-06-01,
603201.SH,603201,常润股份,SH,主板,2022-07-29,
603202.SH,603202,天有为,SH,主板,2025-04-24,
603203.SH,603203,快克智能,SH,主板,2016-11-08,
603205.SH,603205,健尔康,SH,主板,2024-11-07,
603206.SH,603206,嘉环科技,SH,主板,2022-05-06,
603207.SH,603207,小方制药,SH,主板,2024-08-26,
603208.SH,603208,江山欧派,SH,主板,2017-02-10,
603209.SH,603209,兴通股份,SH,主板,2022-03-24,
603210.SH,603210,泰鸿万立,SH,主板,2025-04-09,
603211.SH,603211,晋拓股份,SH,主板,2022-07-25,
603212.SH,603212,赛伍技术,SH,主板,2020-04-30,
603213.SH,603213,镇洋发展,SH,主板,2021-11-11,
603214.SH,603214,爱婴室,SH,主板,2018-03-30,
603215.SH,603215,比依股份,SH,主板,2022-02-18,
603216.SH,603216,梦天家居,SH,主板,2021-12-15,
603217.SH,603217,元利科技,SH,主板,2019-06-20,
603218.SH,603218,日月股份,SH,主板,2016-12-28,
603219.SH,603219,富佳股份,SH,主板,2021-11-22,
603220.SH,603220,中贝通信,SH,主板,2018-11-15,
603221.SH,603221,爱丽家居,SH,主板,2020-03-23,
603222.SH,603222,济民健康,SH,主板,2015-02-17,
603223.SH,603223,恒通股份,SH,主板,2015-06-30,
603225.SH,603225,新凤鸣,SH,主板,2017-04-18,
603226.SH,603226,菲林格尔,SH,主板,2017-06-15,
603227.SH,603227,雪峰科技,SH,主板,2015-05-15,
603228.SH,603228,景旺电子,SH,主板,2017-01-06,
603229.SH,603229,奥翔药业,SH,主板,2017-05-09,
603230.SH,603230,内蒙新华,SH,主板,2021-12-24,
603231.SH,603231,索宝蛋白,SH,主板,2023-12-15,
603232.SH,603232,格尔软件,SH,主板,2017-04-21,
603233.SH,603233,大参林,SH,主板,2017-07-31,
603235.SH,603235,天新药业,SH,主板,2022-07-12,
603236.SH,603236,移远通信,SH,主板,2019-07-16,
603237.SH,603237,五芳斋,SH,主板,2022-08-31,
603238.SH,603238,诺邦股份,SH,主板,2017-02-22,
603239.SH,603239,浙江仙通,SH,主板,2016-12-30,
603248.SH,603248,锡华科技,SH,主板,2025-12-23,
603255.SH,603255,鼎际得,SH,主板,2022-08-18,
603256.SH,603256,宏和科技,SH,主板,2019-07-19,
603257.SH,603257,中国瑞林,SH,主板,2025-04-08,
603258.SH,603258,电魂网络,SH,主板,2016-10-26,
603259.SH,603259,药明康德,SH,主板,2018-05-08,
603260.SH,603260,合盛硅业,SH,主板,2017-10-30,
603261.SH,603261,*ST立航,SH,主板,2022-03-15,
603262.SH,603262,技源集团,SH,主板,2025-07-23,
603266.SH,603266,天龙股份,SH,主板,2017-01-10,
603267.SH,603267,鸿远电子,SH,主板,2019-05-15,
603268.SH,603268,松发股份,SH,主板,2015-03-19,
603269.SH,603269,海鸥股份,SH,主板,2017-05-17,
603270.SH,603270,金帝股份,SH,主板,2023-09-01,
603271.SH,603271,永杰新材,SH,主板,2025-03-11,
603272.SH,603272,*ST联翔,SH,主板,2022-05-20,
603273.SH,603273,天元智能,SH,主板,2023-10-23,
603275.SH,603275,众辰科技,SH,主板,2023-08-23,
603276.SH,603276,恒兴新材,SH,主板,2023-09-25,
603277.SH,603277,银都股份,SH,主板,2017-09-11,
603278.SH,603278,大业股份,SH,主板,2017-11-13,
603279.SH,603279,景津装备,SH,主板,2019-07-29,
603280.SH,603280,南方路机,SH,主板,2022-11-08,
603281.SH,603281,江瀚新材,SH,主板,2023-01-31,
603282.SH,603282,亚光股份,SH,主板,2023-03-15,
603283.SH,603283,赛腾股份,SH,主板,2017-12-25,
603284.SH,603284,林平发展,SH,主板,2026-02-10,
603285.SH,603285,键邦股份,SH,主板,2024-07-05,
603286.SH,603286,日盈电子,SH,主板,2017-06-27,
603288.SH,603288,海天味业,SH,主板,2014-02-11,
603289.SH,603289,泰瑞机器,SH,主板,2017-10-31,
603290.SH,603290,斯达半导,SH,主板,2020-02-04,
603291.SH,603291,联合水务,SH,主板,2023-03-27,
603293.SH,603293,埃泰克,SH,主板,2026-04-16,
603296.SH,603296,华勤技术,SH,主板,2023-08-08,
603297.SH,603297,永新光学,SH,主板,2018-09-10,
603298.SH,603298,杭叉集团,SH,主板,2016-12-27,
603299.SH,603299,苏盐井神,SH,主板,2015-12-31,
603300.SH,603300,海南华铁,SH,主板,2015-05-29,
603301.SH,603301,振德医疗,SH,主板,2018-04-12,
603303.SH,603303,得邦照明,SH,主板,2017-03-30,
603305.SH,603305,旭升集团,SH,主板,2017-07-10,
603306.SH,603306,华懋科技,SH,主板,2014-09-26,
603307.SH,603307,扬州金泉,SH,主板,2023-02-16,
603308.SH,603308,应流股份,SH,主板,2014-01-22,
603309.SH,603309,维力医疗,SH,主板,2015-03-02,
603310.SH,603310,巍华新材,SH,主板,2024-08-14,
603311.SH,603311,金海高科,SH,主板,2015-05-18,
603312.SH,603312,西典新能,SH,主板,2024-01-11,
603313.SH,603313,梦百合,SH,主板,2016-10-13,
603315.SH,603315,福鞍股份,SH,主板,2015-04-24,
603316.SH,603316,诚邦股份,SH,主板,2017-06-19,
603317.SH,603317,天味食品,SH,主板,2019-04-16,
603318.SH,603318,水发燃气,SH,主板,2015-04-24,
603319.SH,603319,美湖股份,SH,主板,2016-11-30,
603320.SH,603320,迪贝电气,SH,主板,2017-05-02,
603321.SH,603321,梅轮电梯,SH,主板,2017-09-15,
603322.SH,603322,超讯通信,SH,主板,2016-07-28,
603323.SH,603323,苏农银行,SH,主板,2016-11-29,
603324.SH,603324,盛剑科技,SH,主板,2021-04-07,
603325.SH,603325,博隆技术,SH,主板,2024-01-10,
603326.SH,603326,我乐家居,SH,主板,2017-06-16,
603327.SH,603327,福蓉科技,SH,主板,2019-05-23,
603328.SH,603328,依顿电子,SH,主板,2014-07-01,
603329.SH,603329,上海雅仕,SH,主板,2017-12-29,
603330.SH,603330,天洋新材,SH,主板,2017-02-13,
603331.SH,603331,百达精工,SH,主板,2017-07-05,
603332.SH,603332,苏州龙杰,SH,主板,2019-01-17,
603333.SH,603333,尚纬股份,SH,主板,2012-05-07,
603334.SH,603334,丰倍生物,SH,主板,2025-11-05,
603335.SH,603335,迪生力,SH,主板,2017-06-20,
603336.SH,603336,宏辉果蔬,SH,主板,2016-11-24,
603337.SH,603337,杰克科技,SH,主板,2017-01-19,
603338.SH,603338,浙江鼎力,SH,主板,2015-03-25,
603339.SH,603339,四方科技,SH,主板,2016-05-19,
603341.SH,603341,龙旗科技,SH,主板,2024-03-01,
603344.SH,603344,星德胜,SH,主板,2024-03-20,
603345.SH,603345,安井食品,SH,主板,2017-02-22,
603348.SH,603348,文灿股份,SH,主板,2018-04-26,
603350.SH,603350,安乃达,SH,主板,2024-07-03,
603351.SH,603351,威尔药业,SH,主板,2019-01-30,
603352.SH,603352,至信股份,SH,主板,2026-01-15,
603353.SH,603353,和顺石油,SH,主板,2020-04-07,
603355.SH,603355,莱克电气,SH,主板,2015-05-13,
603356.SH,603356,华菱精工,SH,主板,2018-01-24,
603357.SH,603357,设计总院,SH,主板,2017-08-01,
603358.SH,603358,华达科技,SH,主板,2017-01-25,
603359.SH,603359,*ST东珠,SH,主板,2017-09-01,
603360.SH,603360,百傲化学,SH,主板,2017-02-06,
603363.SH,603363,傲农生物,SH,主板,2017-09-26,
603365.SH,603365,水星家纺,SH,主板,2017-11-20,
603366.SH,603366,日出东方,SH,主板,2012-05-21,
603367.SH,603367,辰欣药业,SH,主板,2017-09-29,
603368.SH,603368,柳药集团,SH,主板,2014-12-04,
603369.SH,603369,今世缘,SH,主板,2014-07-03,
603370.SH,603370,华新精科,SH,主板,2025-09-05,
603373.SH,603373,安邦护卫,SH,主板,2023-12-20,
603375.SH,603375,盛景微,SH,主板,2024-01-24,
603376.SH,603376,大明电子,SH,主板,2025-11-06,
603377.SH,603377,ST东时,SH,主板,2016-02-05,
603378.SH,603378,亚士创能,SH,主板,2017-09-28,
603379.SH,603379,三美股份,SH,主板,2019-04-02,
603380.SH,603380,易德龙,SH,主板,2017-06-22,
603381.SH,603381,永臻股份,SH,主板,2024-06-26,
603382.SH,603382,海阳科技,SH,主板,2025-06-12,
603383.SH,603383,顶点软件,SH,主板,2017-05-22,
603385.SH,603385,惠达卫浴,SH,主板,2017-04-05,
603386.SH,603386,骏亚科技,SH,主板,2017-09-12,
603387.SH,603387,基蛋生物,SH,主板,2017-07-17,
603389.SH,603389,*ST亚振,SH,主板,2016-12-15,
603390.SH,603390,通达电气,SH,主板,2019-11-25,
603391.SH,603391,力聚热能,SH,主板,2024-07-31,
603392.SH,603392,万泰生物,SH,主板,2020-04-29,
603393.SH,603393,新天然气,SH,主板,2016-09-12,
603395.SH,603395,红四方,SH,主板,2024-11-26,
603396.SH,603396,金辰股份,SH,主板,2017-10-18,
603398.SH,603398,*ST沐邦,SH,主板,2015-12-09,
603399.SH,603399,永杉锂业,SH,主板,2012-08-24,
603400.SH,603400,华之杰,SH,主板,2025-06-20,
603402.SH,603402,陕西旅游,SH,主板,2026-01-06,
603406.SH,603406,天富龙,SH,主板,2025-08-08,
603408.SH,603408,建霖家居,SH,主板,2020-07-30,
603409.SH,603409,汇通控股,SH,主板,2025-03-04,
603416.SH,603416,信捷电气,SH,主板,2016-12-21,
603418.SH,603418,友升股份,SH,主板,2025-09-23,
603421.SH,603421,鼎信通讯,SH,主板,2016-10-11,
603429.SH,603429,*ST集友,SH,主板,2017-01-24,
603439.SH,603439,三力制药,SH,主板,2020-04-28,
603444.SH,603444,吉比特,SH,主板,2017-01-04,
603456.SH,603456,九洲药业,SH,主板,2014-10-10,
603458.SH,603458,勘设股份,SH,主板,2017-08-09,
603459.SH,603459,红板科技,SH,主板,2026-04-08,
603466.SH,603466,风语筑,SH,主板,2017-10-20,
603477.SH,603477,巨星农牧,SH,主板,2017-12-18,
603486.SH,603486,科沃斯,SH,主板,2018-05-28,
603488.SH,603488,展鹏科技,SH,主板,2017-05-16,
603489.SH,603489,八方股份,SH,主板,2019-11-11,
603496.SH,603496,恒为科技,SH,主板,2017-06-07,
603499.SH,603499,翔港科技,SH,主板,2017-10-16,
603500.SH,603500,祥和实业,SH,主板,2017-09-04,
603501.SH,603501,豪威集团,SH,主板,2017-05-04,
603505.SH,603505,金石资源,SH,主板,2017-05-03,
603506.SH,603506,南都物业,SH,主板,2018-02-01,
603507.SH,603507,振江股份,SH,主板,2017-11-06,
603508.SH,603508,思维列控,SH,主板,2015-12-24,
603511.SH,603511,爱慕股份,SH,主板,2021-05-31,
603515.SH,603515,欧普照明,SH,主板,2016-08-19,
603516.SH,603516,淳中科技,SH,主板,2018-02-02,
603517.SH,603517,ST绝味,SH,主板,2017-03-17,
603518.SH,603518,锦泓集团,SH,主板,2014-12-03,
603519.SH,603519,立霸股份,SH,主板,2015-03-19,
603520.SH,603520,司太立,SH,主板,2016-03-09,
603527.SH,603527,众源新材,SH,主板,2017-09-07,
603528.SH,603528,多伦科技,SH,主板,2016-05-03,
603529.SH,603529,爱玛科技,SH,主板,2021-06-15,
603530.SH,603530,神马电力,SH,主板,2019-08-05,
603533.SH,603533,掌阅科技,SH,主板,2017-09-21,
603535.SH,603535,嘉诚国际,SH,主板,2017-08-08,
603536.SH,603536,惠发食品,SH,主板,2017-06-13,
603538.SH,603538,美诺华,SH,主板,2017-04-07,
603551.SH,603551,奥普科技,SH,主板,2020-01-15,
603556.SH,603556,海兴电力,SH,主板,2016-11-10,
603557.SH,603557,ST起步,SH,主板,2017-08-18,
603558.SH,603558,XD健盛集,SH,主板,2015-01-27,
603559.SH,603559,ST通脉,SH,主板,2016-12-02,
603565.SH,603565,中谷物流,SH,主板,2020-09-25,
603566.SH,603566,普莱柯,SH,主板,2015-05-18,
603567.SH,603567,珍宝岛,SH,主板,2015-04-24,
603568.SH,603568,伟明环保,SH,主板,2015-05-28,
603569.SH,603569,长久物流,SH,主板,2016-08-10,
603577.SH,603577,汇金通,SH,主板,2016-12-22,
603578.SH,603578,三星新材,SH,主板,2017-03-06,
603579.SH,603579,荣泰健康,SH,主板,2017-01-11,
603580.SH,603580,*ST艾艾,SH,主板,2017-05-25,
603583.SH,603583,捷昌驱动,SH,主板,2018-09-21,
603585.SH,603585,苏利股份,SH,主板,2016-12-14,
603586.SH,603586,金麒麟,SH,主板,2017-04-06,
603587.SH,603587,地素时尚,SH,主板,2018-06-22,
603588.SH,603588,高能环境,SH,主板,2014-12-29,
603589.SH,603589,口子窖,SH,主板,2015-06-29,
603590.SH,603590,康辰药业,SH,主板,2018-08-27,
603595.SH,603595,ST东尼,SH,主板,2017-07-12,
603596.SH,603596,伯特利,SH,主板,2018-04-27,
603598.SH,603598,引力传媒,SH,主板,2015-05-27,
603599.SH,603599,广信股份,SH,主板,2015-05-13,
603600.SH,603600,永艺股份,SH,主板,2015-01-23,
603601.SH,603601,再升科技,SH,主板,2015-01-22,
603602.SH,603602,纵横通信,SH,主板,2017-08-10,
603605.SH,603605,珀莱雅,SH,主板,2017-11-15,
603606.SH,603606,东方电缆,SH,主板,2014-10-15,
603607.SH,603607,京华激光,SH,主板,2017-10-25,
603608.SH,603608,天创时尚,SH,主板,2016-02-18,
603609.SH,603609,禾丰股份,SH,主板,2014-08-08,
603610.SH,603610,麒盛科技,SH,主板,2019-10-29,
603611.SH,603611,诺力股份,SH,主板,2015-01-28,
603612.SH,603612,索通发展,SH,主板,2017-07-18,
603613.SH,603613,国联股份,SH,主板,2019-07-30,
603615.SH,603615,茶花股份,SH,主板,2017-02-13,
603616.SH,603616,韩建河山,SH,主板,2015-06-11,
603617.SH,603617,君禾股份,SH,主板,2017-07-03,
603618.SH,603618,杭电股份,SH,主板,2015-02-17,
603619.SH,603619,中曼石油,SH,主板,2017-11-17,
603626.SH,603626,科森科技,SH,主板,2017-02-09,
603628.SH,603628,清源股份,SH,主板,2017-01-12,
603629.SH,603629,利通电子,SH,主板,2018-12-24,
603630.SH,603630,拉芳家化,SH,主板,2017-03-13,
603633.SH,603633,徕木股份,SH,主板,2016-11-17,
603636.SH,603636,南威软件,SH,主板,2014-12-30,
603637.SH,603637,镇海股份,SH,主板,2017-02-08,
603638.SH,603638,艾迪精密,SH,主板,2017-01-20,
603639.SH,603639,海利尔,SH,主板,2017-01-12,
603648.SH,603648,畅联股份,SH,主板,2017-09-13,
603650.SH,603650,彤程新材,SH,主板,2018-06-27,
603655.SH,603655,朗博科技,SH,主板,2017-12-29,
603656.SH,603656,泰禾智能,SH,主板,2017-03-21,
603657.SH,603657,春光科技,SH,主板,2018-07-30,
603658.SH,603658,安图生物,SH,主板,2016-09-01,
603659.SH,603659,璞泰来,SH,主板,2017-11-03,
603660.SH,603660,苏州科达,SH,主板,2016-12-01,
603661.SH,603661,恒林股份,SH,主板,2017-11-21,
603662.SH,603662,柯力传感,SH,主板,2019-08-06,
603663.SH,603663,三祥新材,SH,主板,2016-08-01,
603665.SH,603665,康隆达,SH,主板,2017-03-13,
603666.SH,603666,亿嘉和,SH,主板,2018-06-12,
603667.SH,603667,五洲新春,SH,主板,2016-10-25,
603668.SH,603668,天马科技,SH,主板,2017-01-17,
603669.SH,603669,灵康药业,SH,主板,2015-05-28,
603676.SH,603676,卫信康,SH,主板,2017-07-21,
603677.SH,603677,XD奇精机,SH,主板,2017-02-06,
603678.SH,603678,火炬电子,SH,主板,2015-01-26,
603679.SH,603679,华体科技,SH,主板,2017-06-21,
603680.SH,603680,今创集团,SH,主板,2018-02-27,
603681.SH,603681,永冠新材,SH,主板,2019-03-26,
603682.SH,603682,锦和商管,SH,主板,2020-04-21,
603683.SH,603683,晶华新材,SH,主板,2017-10-20,
603685.SH,603685,晨丰科技,SH,主板,2017-11-27,
603686.SH,603686,福龙马,SH,主板,2015-01-26,
603687.SH,603687,大胜达,SH,主板,2019-07-26,
603688.SH,603688,石英股份,SH,主板,2014-10-31,
603689.SH,603689,皖天然气,SH,主板,2017-01-10,
603690.SH,603690,至纯科技,SH,主板,2017-01-13,
603693.SH,603693,江苏新能,SH,主板,2018-07-03,
603696.SH,603696,安记食品,SH,主板,2015-12-09,
603697.SH,603697,有友食品,SH,主板,2019-05-08,
603698.SH,603698,航天工程,SH,主板,2015-01-28,
603699.SH,603699,纽威股份,SH,主板,2014-01-17,
603700.SH,603700,宁水集团,SH,主板,2019-01-22,
603701.SH,603701,德宏股份,SH,主板,2016-04-12,
603703.SH,603703,盛洋科技,SH,主板,2015-04-23,
603706.SH,603706,东方环宇,SH,主板,2018-07-09,
603707.SH,603707,健友股份,SH,主板,2017-07-19,
603708.SH,603708,家家悦,SH,主板,2016-12-13,
603709.SH,603709,中源家居,SH,主板,2018-02-08,
603711.SH,603711,香飘飘,SH,主板,2017-11-30,
603712.SH,603712,七一二,SH,主板,2018-02-26,
603713.SH,603713,密尔克卫,SH,主板,2018-07-13,
603716.SH,603716,塞力医疗,SH,主板,2016-10-31,
603717.SH,603717,天域生物,SH,主板,2017-03-27,
603718.SH,603718,海利生物,SH,主板,2015-05-15,
603719.SH,603719,良品铺子,SH,主板,2020-02-24,
603721.SH,603721,*ST天择,SH,主板,2017-08-11,
603722.SH,603722,阿科力,SH,主板,2017-10-25,
603725.SH,603725,天安新材,SH,主板,2017-09-06,
603726.SH,603726,朗迪集团,SH,主板,2016-04-21,
603727.SH,603727,博迈科,SH,主板,2016-11-22,
603728.SH,603728,鸣志电器,SH,主板,2017-05-09,
603729.SH,603729,ST龙韵,SH,主板,2015-03-24,
603730.SH,603730,岱美股份,SH,主板,2017-07-28,
603733.SH,603733,仙鹤股份,SH,主板,2018-04-20,
603737.SH,603737,三棵树,SH,主板,2016-06-03,
603738.SH,603738,泰晶科技,SH,主板,2016-09-28,
603739.SH,603739,蔚蓝生物,SH,主板,2019-01-16,
603755.SH,603755,日辰股份,SH,主板,2019-08-28,
603757.SH,603757,大元泵业,SH,主板,2017-07-11,
603758.SH,603758,秦安股份,SH,主板,2017-05-17,
603759.SH,603759,海天股份,SH,主板,2021-03-26,
603766.SH,603766,隆鑫通用,SH,主板,2012-08-10,
603767.SH,603767,中马传动,SH,主板,2017-06-13,
603768.SH,603768,常青股份,SH,主板,2017-03-24,
603773.SH,603773,沃格光电,SH,主板,2018-04-17,
603776.SH,603776,永安行,SH,主板,2017-08-17,
603777.SH,603777,来伊份,SH,主板,2016-10-12,
603778.SH,603778,国晟科技,SH,主板,2015-12-31,
603779.SH,603779,威龙股份,SH,主板,2016-05-16,
603786.SH,603786,科博达,SH,主板,2019-10-15,
603787.SH,603787,新日股份,SH,主板,2017-04-27,
603788.SH,603788,宁波高发,SH,主板,2015-01-20,
603789.SH,603789,*ST星农,SH,主板,2015-04-27,
603790.SH,603790,雅运股份,SH,主板,2018-09-12,
603797.SH,603797,联泰环保,SH,主板,2017-04-13,
603798.SH,603798,康普顿,SH,主板,2016-04-06,
603799.SH,603799,华友钴业,SH,主板,2015-01-29,
603800.SH,603800,洪田股份,SH,主板,2015-12-10,
603801.SH,603801,志邦家居,SH,主板,2017-06-30,
603803.SH,603803,瑞斯康达,SH,主板,2017-04-20,
603806.SH,603806,福斯特,SH,主板,2014-09-05,
603808.SH,603808,歌力思,SH,主板,2015-04-22,
603809.SH,603809,豪能股份,SH,主板,2017-11-28,
603810.SH,603810,丰山集团,SH,主板,2018-09-17,
603811.SH,603811,诚意药业,SH,主板,2017-03-15,
603813.SH,603813,*ST原尚,SH,主板,2017-09-18,
603815.SH,603815,交建股份,SH,主板,2019-10-21,
603816.SH,603816,顾家家居,SH,主板,2016-10-14,
603817.SH,603817,海峡环保,SH,主板,2017-02-20,
603818.SH,603818,曲美家居,SH,主板,2015-04-22,
603819.SH,603819,神力股份,SH,主板,2016-11-25,
603822.SH,603822,ST嘉澳,SH,主板,2016-04-28,
603823.SH,603823,百合花,SH,主板,2016-12-20,
603825.SH,603825,ST华扬,SH,主板,2017-08-02,
603826.SH,603826,坤彩科技,SH,主板,2017-04-14,
603828.SH,603828,*ST利达,SH,主板,2015-02-26,
603829.SH,603829,洛凯股份,SH,主板,2017-10-17,
603833.SH,603833,欧派家居,SH,主板,2017-03-28,
603836.SH,603836,海程邦达,SH,主板,2021-05-26,
603838.SH,603838,*ST四通,SH,主板,2015-07-01,
603839.SH,603839,安正时尚,SH,主板,2017-02-14,
603843.SH,603843,*ST正平,SH,主板,2016-09-05,
603848.SH,603848,好太太,SH,主板,2017-12-01,
603855.SH,603855,华荣股份,SH,主板,2017-05-24,
603856.SH,603856,东宏股份,SH,主板,2017-11-06,
603858.SH,603858,步长制药,SH,主板,2016-11-18,
603859.SH,603859,能科科技,SH,主板,2016-10-21,
603860.SH,603860,中公高科,SH,主板,2017-08-02,
603861.SH,603861,白云电器,SH,主板,2016-03-22,
603863.SH,603863,松炀资源,SH,主板,2019-06-21,
603866.SH,603866,桃李面包,SH,主板,2015-12-22,
603867.SH,603867,新化股份,SH,主板,2019-06-27,
603868.SH,603868,飞科电器,SH,主板,2016-04-18,
603869.SH,603869,ST智知,SH,主板,2015-03-26,
603871.SH,603871,嘉友国际,SH,主板,2018-02-06,
603876.SH,603876,鼎胜新材,SH,主板,2018-04-18,
603877.SH,603877,太平鸟,SH,主板,2017-01-09,
603878.SH,603878,武进不锈,SH,主板,2016-12-19,
603879.SH,603879,永悦科技,SH,主板,2017-06-14,
603880.SH,603880,南卫股份,SH,主板,2017-08-07,
603881.SH,603881,数据港,SH,主板,2017-02-08,
603882.SH,603882,金域医学,SH,主板,2017-09-08,
603883.SH,603883,老百姓,SH,主板,2015-04-23,
603885.SH,603885,吉祥航空,SH,主板,2015-05-27,
603886.SH,603886,元祖股份,SH,主板,2016-12-28,
603887.SH,603887,城地香江,SH,主板,2016-10-10,
603888.SH,603888,新华网,SH,主板,2016-10-28,
603889.SH,603889,新澳股份,SH,主板,2014-12-31,
603890.SH,603890,春秋电子,SH,主板,2017-12-12,
603893.SH,603893,瑞芯微,SH,主板,2020-02-07,
603895.SH,603895,天永智能,SH,主板,2018-01-22,
603896.SH,603896,寿仙谷,SH,主板,2017-05-10,
603897.SH,603897,长城科技,SH,主板,2018-04-10,
603898.SH,603898,好莱客,SH,主板,2015-02-17,
603899.SH,603899,晨光股份,SH,主板,2015-01-27,
603900.SH,603900,莱绅通灵,SH,主板,2016-11-23,
603901.SH,603901,永创智能,SH,主板,2015-05-29,
603903.SH,603903,中持股份,SH,主板,2017-03-14,
603906.SH,603906,龙蟠科技,SH,主板,2017-04-10,
603908.SH,603908,牧高笛,SH,主板,2017-03-07,
603909.SH,603909,建发合诚,SH,主板,2016-06-28,
603912.SH,603912,佳力图,SH,主板,2017-11-01,
603915.SH,603915,国茂股份,SH,主板,2019-06-14,
603916.SH,603916,苏博特,SH,主板,2017-11-10,
603917.SH,603917,合力科技,SH,主板,2017-12-04,
603918.SH,603918,金桥信息,SH,主板,2015-05-28,
603919.SH,603919,金徽酒,SH,主板,2016-03-10,
603920.SH,603920,世运电路,SH,主板,2017-04-26,
603922.SH,603922,ST金鸿顺,SH,主板,2017-10-23,
603926.SH,603926,铁流股份,SH,主板,2017-05-10,
603927.SH,603927,中科软,SH,主板,2019-09-09,
603928.SH,603928,兴业股份,SH,主板,2016-12-12,
603929.SH,603929,亚翔集成,SH,主板,2016-12-30,
603931.SH,603931,格林达,SH,主板,2020-08-19,
603933.SH,603933,睿能科技,SH,主板,2017-07-06,
603936.SH,603936,博敏电子,SH,主板,2015-12-09,
603937.SH,603937,丽岛新材,SH,主板,2017-11-02,
603938.SH,603938,三孚股份,SH,主板,2017-06-28,
603939.SH,603939,益丰药房,SH,主板,2015-02-17,
603948.SH,603948,建业股份,SH,主板,2020-03-02,
603949.SH,603949,雪龙集团,SH,主板,2020-03-10,
603950.SH,603950,长源东谷,SH,主板,2020-05-26,
603955.SH,603955,大千生态,SH,主板,2017-03-10,
603956.SH,603956,威派格,SH,主板,2019-02-22,
603958.SH,603958,哈森股份,SH,主板,2016-06-29,
603959.SH,603959,ST百利,SH,主板,2016-05-17,
603960.SH,603960,克来机电,SH,主板,2017-03-14,
603966.SH,603966,法兰泰克,SH,主板,2017-01-25,
603967.SH,603967,中创物流,SH,主板,2019-04-29,
603968.SH,603968,醋化股份,SH,主板,2015-05-18,
603969.SH,603969,银龙股份,SH,主板,2015-02-27,
603970.SH,603970,中农立华,SH,主板,2017-11-16,
603976.SH,603976,正川股份,SH,主板,2017-08-22,
603977.SH,603977,国泰集团,SH,主板,2016-11-11,
603978.SH,603978,深圳新星,SH,主板,2017-08-07,
603979.SH,603979,金诚信,SH,主板,2015-06-30,
603980.SH,603980,吉华集团,SH,主板,2017-06-15,
603982.SH,603982,泉峰汽车,SH,主板,2019-05-22,
603983.SH,603983,丸美生物,SH,主板,2019-07-25,
603985.SH,603985,恒润股份,SH,主板,2017-05-05,
603986.SH,603986,兆易创新,SH,主板,2016-08-18,
603987.SH,603987,康德莱,SH,主板,2016-11-21,
603988.SH,603988,中电电机,SH,主板,2014-11-04,
603989.SH,603989,艾华集团,SH,主板,2015-05-15,
603990.SH,603990,麦迪科技,SH,主板,2016-12-08,
603991.SH,603991,至正股份,SH,主板,2017-03-08,
603992.SH,603992,松霖科技,SH,主板,2019-08-26,
603993.SH,603993,洛阳钼业,SH,主板,2012-10-09,
603995.SH,603995,甬金股份,SH,主板,2019-12-24,
603997.SH,603997,继峰股份,SH,主板,2015-03-02,
603998.SH,603998,方盛制药,SH,主板,2014-12-05,
603999.SH,603999,读者传媒,SH,主板,2015-12-10,
605001.SH,605001,威奥股份,SH,主板,2020-05-22,
605003.SH,605003,众望布艺,SH,主板,2020-09-08,
605005.SH,605005,合兴股份,SH,主板,2021-01-19,
605006.SH,605006,山东玻纤,SH,主板,2020-09-03,
605007.SH,605007,五洲特纸,SH,主板,2020-11-10,
605008.SH,605008,长鸿高科,SH,主板,2020-08-21,
605009.SH,605009,豪悦护理,SH,主板,2020-09-11,
605011.SH,605011,杭州热电,SH,主板,2021-06-30,
605016.SH,605016,百龙创园,SH,主板,2021-04-21,
605018.SH,605018,长华集团,SH,主板,2020-09-29,
605020.SH,605020,永和股份,SH,主板,2021-07-09,
605028.SH,605028,世茂能源,SH,主板,2021-07-12,
605033.SH,605033,美邦股份,SH,主板,2021-09-16,
605050.SH,605050,福然德,SH,主板,2020-09-24,
605055.SH,605055,迎丰股份,SH,主板,2021-01-29,
605056.SH,605056,咸亨国际,SH,主板,2021-07-20,
605058.SH,605058,澳弘电子,SH,主板,2020-10-21,
605060.SH,605060,联德股份,SH,主板,2021-03-01,
605066.SH,605066,天正电气,SH,主板,2020-08-07,
605068.SH,605068,明新旭腾,SH,主板,2020-11-23,
605069.SH,605069,正和生态,SH,主板,2021-08-16,
605077.SH,605077,华康股份,SH,主板,2021-02-09,
605080.SH,605080,浙江自然,SH,主板,2021-05-06,
605081.SH,605081,*ST太和,SH,主板,2021-02-09,
605086.SH,605086,龙高股份,SH,主板,2021-04-16,
605088.SH,605088,冠盛股份,SH,主板,2020-08-17,
605089.SH,605089,味知香,SH,主板,2021-04-27,
605090.SH,605090,九丰能源,SH,主板,2021-05-25,
605098.SH,605098,行动教育,SH,主板,2021-04-21,
605099.SH,605099,共创草坪,SH,主板,2020-09-30,
605100.SH,605100,华丰股份,SH,主板,2020-08-11,
605108.SH,605108,同庆楼,SH,主板,2020-07-16,
605111.SH,605111,新洁能,SH,主板,2020-09-28,
605116.SH,605116,奥锐特,SH,主板,2020-09-21,
605117.SH,605117,德业股份,SH,主板,2021-04-20,
605118.SH,605118,力鼎光电,SH,主板,2020-07-30,
605122.SH,605122,四方新材,SH,主板,2021-03-10,
605123.SH,605123,派克新材,SH,主板,2020-08-25,
605128.SH,605128,上海沿浦,SH,主板,2020-09-15,
605133.SH,605133,嵘泰股份,SH,主板,2021-02-24,
605136.SH,605136,丽人丽妆,SH,主板,2020-09-29,
605138.SH,605138,盛泰集团,SH,主板,2021-10-27,
605151.SH,605151,西上海,SH,主板,2020-12-15,
605155.SH,605155,西大门,SH,主板,2020-12-31,
605158.SH,605158,华达新材,SH,主板,2020-08-05,
605162.SH,605162,新中港,SH,主板,2021-07-07,
605166.SH,605166,聚合顺,SH,主板,2020-06-18,
605167.SH,605167,利柏特,SH,主板,2021-07-26,
605168.SH,605168,三人行,SH,主板,2020-05-28,
605169.SH,605169,洪通燃气,SH,主板,2020-10-30,
605177.SH,605177,东亚药业,SH,主板,2020-11-25,
605178.SH,605178,时空科技,SH,主板,2020-08-21,
605179.SH,605179,一鸣食品,SH,主板,2020-12-28,
605180.SH,605180,华生科技,SH,主板,2021-04-30,
605183.SH,605183,确成股份,SH,主板,2020-12-07,
605186.SH,605186,健麾信息,SH,主板,2020-12-22,
605188.SH,605188,国光连锁,SH,主板,2020-07-28,
605189.SH,605189,富春染织,SH,主板,2021-05-28,
605196.SH,605196,华通线缆,SH,主板,2021-05-11,
605198.SH,605198,安德利,SH,主板,2020-09-18,
605199.SH,605199,ST葫芦娃,SH,主板,2020-07-10,
605208.SH,605208,永茂泰,SH,主板,2021-03-08,
605218.SH,605218,伟时电子,SH,主板,2020-09-28,
605222.SH,605222,起帆电缆,SH,主板,2020-07-31,
605228.SH,605228,神通科技,SH,主板,2021-01-20,
605255.SH,605255,天普股份,SH,主板,2020-08-25,
605258.SH,605258,协和电子,SH,主板,2020-12-03,
605259.SH,605259,绿田机械,SH,主板,2021-06-15,
605266.SH,605266,健之佳,SH,主板,2020-12-01,
605268.SH,605268,王力安防,SH,主板,2021-02-24,
605277.SH,605277,新亚电子,SH,主板,2021-01-06,
605286.SH,605286,同力天启,SH,主板,2021-03-22,
605287.SH,605287,德才股份,SH,主板,2021-07-06,
605288.SH,605288,凯迪股份,SH,主板,2020-06-01,
605289.SH,605289,罗曼股份,SH,主板,2021-04-26,
605296.SH,605296,神农集团,SH,主板,2021-05-28,
605298.SH,605298,必得科技,SH,主板,2021-03-01,
605299.SH,605299,舒华体育,SH,主板,2020-12-15,
605300.SH,605300,佳禾食品,SH,主板,2021-04-30,
605303.SH,605303,园林股份,SH,主板,2021-03-01,
605305.SH,605305,中际联合,SH,主板,2021-05-06,
605318.SH,605318,法狮龙,SH,主板,2020-08-03,
605319.SH,605319,无锡振华,SH,主板,2021-06-07,
605333.SH,605333,沪光股份,SH,主板,2020-08-18,
605336.SH,605336,*ST帅电,SH,主板,2020-10-19,
605337.SH,605337,李子园,SH,主板,2021-02-08,
605338.SH,605338,巴比食品,SH,主板,2020-10-12,
605339.SH,605339,南侨食品,SH,主板,2021-05-18,
605358.SH,605358,立昂微,SH,主板,2020-09-11,
605365.SH,605365,立达信,SH,主板,2021-07-20,
605366.SH,605366,宏柏新材,SH,主板,2020-08-12,
605368.SH,605368,蓝天燃气,SH,主板,2021-01-29,
605369.SH,605369,拱东医疗,SH,主板,2020-09-16,
605376.SH,605376,博迁新材,SH,主板,2020-12-08,
605377.SH,605377,华旺科技,SH,主板,2020-12-28,
605378.SH,605378,野马电池,SH,主板,2021-04-12,
605388.SH,605388,均瑶健康,SH,主板,2020-08-18,
605389.SH,605389,长龄液压,SH,主板,2021-03-22,
605398.SH,605398,新炬网络,SH,主板,2021-01-21,
605399.SH,605399,晨光新材,SH,主板,2020-08-04,
605488.SH,605488,福莱新材,SH,主板,2021-05-13,
605499.SH,605499,东鹏饮料,SH,主板,2021-05-27,
605500.SH,605500,森林包装,SH,主板,2020-12-22,
605507.SH,605507,国邦医药,SH,主板,2021-08-02,
605555.SH,605555,德昌股份,SH,主板,2021-10-21,
605566.SH,605566,福莱蒽特,SH,主板,2021-10-25,
605567.SH,605567,春雪食品,SH,主板,2021-10-13,
605577.SH,605577,龙版传媒,SH,主板,2021-08-24,
605580.SH,605580,恒盛能源,SH,主板,2021-08-19,
605588.SH,605588,冠石科技,SH,主板,2021-08-12,
605589.SH,605589,圣泉集团,SH,主板,2021-08-10,
605598.SH,605598,上海港湾,SH,主板,2021-09-17,
605599.SH,605599,菜百股份,SH,主板,2021-09-09,
688001.SH,688001,华兴源创,SH,科创板,2019-07-22,
688002.SH,688002,睿创微纳,SH,科创板,2019-07-22,
688003.SH,688003,天准科技,SH,科创板,2019-07-22,
688004.SH,688004,博汇科技,SH,科创板,2020-06-12,
688005.SH,688005,容百科技,SH,科创板,2019-07-22,
688006.SH,688006,杭可科技,SH,科创板,2019-07-22,
688007.SH,688007,光峰科技,SH,科创板,2019-07-22,
688008.SH,688008,澜起科技,SH,科创板,2019-07-22,
688009.SH,688009,中国通号,SH,科创板,2019-07-22,
688010.SH,688010,福光股份,SH,科创板,2019-07-22,
688011.SH,688011,新光光电,SH,科创板,2019-07-22,
688012.SH,688012,中微公司,SH,科创板,2019-07-22,
688013.SH,688013,天臣医疗,SH,科创板,2020-09-28,
688015.SH,688015,交控科技,SH,科创板,2019-07-22,
688016.SH,688016,心脉医疗,SH,科创板,2019-07-22,
688017.SH,688017,绿的谐波,SH,科创板,2020-08-28,
688018.SH,688018,乐鑫科技,SH,科创板,2019-07-22,
688019.SH,688019,安集科技,SH,科创板,2019-07-22,
688020.SH,688020,方邦股份,SH,科创板,2019-07-22,
688021.SH,688021,奥福科技,SH,科创板,2019-11-06,
688022.SH,688022,瀚川智能,SH,科创板,2019-07-22,
688023.SH,688023,安恒信息,SH,科创板,2019-11-05,
688025.SH,688025,杰普特,SH,科创板,2019-10-31,
688026.SH,688026,洁特生物,SH,科创板,2020-01-22,
688027.SH,688027,国盾量子,SH,科创板,2020-07-09,
688028.SH,688028,沃尔德,SH,科创板,2019-07-22,
688029.SH,688029,南微医学,SH,科创板,2019-07-22,
688030.SH,688030,山石网科,SH,科创板,2019-09-30,
688031.SH,688031,星环科技,SH,科创板,2022-10-18,
688032.SH,688032,禾迈股份,SH,科创板,2021-12-20,
688033.SH,688033,天宜新材,SH,科创板,2019-07-22,
688035.SH,688035,德邦科技,SH,科创板,2022-09-19,
688036.SH,688036,传音控股,SH,科创板,2019-09-30,
688037.SH,688037,芯源微,SH,科创板,2019-12-16,
688038.SH,688038,中科通达,SH,科创板,2021-07-13,
688039.SH,688039,当虹科技,SH,科创板,2019-12-11,
688041.SH,688041,海光信息,SH,科创板,2022-08-12,
688045.SH,688045,必易微,SH,科创板,2022-05-26,
688046.SH,688046,药康生物,SH,科创板,2022-04-25,
688047.SH,688047,龙芯中科,SH,科创板,2022-06-24,
688048.SH,688048,长光华芯,SH,科创板,2022-04-01,
688049.SH,688049,炬芯科技,SH,科创板,2021-11-29,
688050.SH,688050,爱博医疗,SH,科创板,2020-07-29,
688051.SH,688051,佳华科技,SH,科创板,2020-03-20,
688052.SH,688052,纳芯微,SH,科创板,2022-04-22,
688053.SH,688053,ST思科瑞,SH,科创板,2022-07-08,
688055.SH,688055,龙腾光电,SH,科创板,2020-08-17,
688056.SH,688056,莱伯泰科,SH,科创板,2020-09-02,
688057.SH,688057,金达莱,SH,科创板,2020-11-11,
688058.SH,688058,宝兰德,SH,科创板,2019-11-01,
688059.SH,688059,华锐精密,SH,科创板,2021-02-08,
688060.SH,688060,云涌科技,SH,科创板,2020-07-10,
688061.SH,688061,灿瑞科技,SH,科创板,2022-10-18,
688062.SH,688062,迈威生物,SH,科创板,2022-01-18,
688063.SH,688063,派能科技,SH,科创板,2020-12-30,
688065.SH,688065,凯赛生物,SH,科创板,2020-08-12,
688066.SH,688066,航天宏图,SH,科创板,2019-07-22,
688067.SH,688067,爱威科技,SH,科创板,2021-06-16,
688068.SH,688068,热景生物,SH,科创板,2019-09-30,
688069.SH,688069,德林海,SH,科创板,2020-07-22,
688070.SH,688070,纵横股份,SH,科创板,2021-02-10,
688071.SH,688071,华依科技,SH,科创板,2021-07-29,
688072.SH,688072,拓荆科技,SH,科创板,2022-04-20,
688073.SH,688073,毕得医药,SH,科创板,2022-10-11,
688075.SH,688075,安旭生物,SH,科创板,2021-11-18,
688076.SH,688076,ST诺泰,SH,科创板,2021-05-20,
688077.SH,688077,大地熊,SH,科创板,2020-07-22,
688078.SH,688078,龙软科技,SH,科创板,2019-12-30,
688079.SH,688079,美迪凯,SH,科创板,2021-03-02,
688080.SH,688080,映翰通,SH,科创板,2020-02-12,
688081.SH,688081,兴图新科,SH,科创板,2020-01-06,
688082.SH,688082,盛美上海,SH,科创板,2021-11-18,
688083.SH,688083,中望软件,SH,科创板,2021-03-11,
688084.SH,688084,晶品特装,SH,科创板,2022-12-08,
688085.SH,688085,三友医疗,SH,科创板,2020-04-09,
688087.SH,688087,英科再生,SH,科创板,2021-07-09,
688088.SH,688088,虹软科技,SH,科创板,2019-07-22,
688089.SH,688089,嘉必优,SH,科创板,2019-12-19,
688090.SH,688090,瑞松科技,SH,科创板,2020-02-17,
688091.SH,688091,上海谊众,SH,科创板,2021-09-09,
688092.SH,688092,爱科科技,SH,科创板,2021-03-19,
688093.SH,688093,世华科技,SH,科创板,2020-09-30,
688095.SH,688095,福昕软件,SH,科创板,2020-09-08,
688096.SH,688096,京源环保,SH,科创板,2020-04-09,
688097.SH,688097,博众精工,SH,科创板,2021-05-12,
688098.SH,688098,申联生物,SH,科创板,2019-10-28,
688099.SH,688099,晶晨股份,SH,科创板,2019-08-08,
688100.SH,688100,威胜信息,SH,科创板,2020-01-21,
688101.SH,688101,三达膜,SH,科创板,2019-11-15,
688102.SH,688102,斯瑞新材,SH,科创板,2022-03-16,
688103.SH,688103,国力电子,SH,科创板,2021-09-10,
688105.SH,688105,诺唯赞,SH,科创板,2021-11-15,
688106.SH,688106,金宏气体,SH,科创板,2020-06-16,
688107.SH,688107,安路科技,SH,科创板,2021-11-12,
688108.SH,688108,赛诺医疗,SH,科创板,2019-10-30,
688109.SH,688109,品茗科技,SH,科创板,2021-03-30,
688110.SH,688110,东芯股份,SH,科创板,2021-12-10,
688111.SH,688111,金山办公,SH,科创板,2019-11-18,
688112.SH,688112,鼎阳科技,SH,科创板,2021-12-01,
688113.SH,688113,联测科技,SH,科创板,2021-05-06,
688114.SH,688114,华大智造,SH,科创板,2022-09-09,
688115.SH,688115,思林杰,SH,科创板,2022-03-14,
688116.SH,688116,天奈科技,SH,科创板,2019-09-25,
688117.SH,688117,圣诺生物,SH,科创板,2021-06-03,
688118.SH,688118,普元信息,SH,科创板,2019-12-04,
688119.SH,688119,中钢洛耐,SH,科创板,2022-06-06,
688120.SH,688120,华海清科,SH,科创板,2022-06-08,
688121.SH,688121,卓然股份,SH,科创板,2021-09-06,
688122.SH,688122,西部超导,SH,科创板,2019-07-22,
688123.SH,688123,聚辰股份,SH,科创板,2019-12-23,
688125.SH,688125,安达智能,SH,科创板,2022-04-15,
688126.SH,688126,沪硅产业,SH,科创板,2020-04-20,
688127.SH,688127,蓝特光学,SH,科创板,2020-09-21,
688128.SH,688128,中国电研,SH,科创板,2019-11-05,
688129.SH,688129,东来技术,SH,科创板,2020-10-23,
688130.SH,688130,晶华微,SH,科创板,2022-07-29,
688131.SH,688131,皓元医药,SH,科创板,2021-06-08,
688132.SH,688132,邦彦技术,SH,科创板,2022-09-23,
688133.SH,688133,泰坦科技,SH,科创板,2020-10-30,
688135.SH,688135,利扬芯片,SH,科创板,2020-11-11,
688136.SH,688136,科兴制药,SH,科创板,2020-12-14,
688137.SH,688137,近岸蛋白,SH,科创板,2022-09-29,
688138.SH,688138,清溢光电,SH,科创板,2019-11-20,
688139.SH,688139,海尔生物,SH,科创板,2019-10-25,
688141.SH,688141,杰华特,SH,科创板,2022-12-23,
688143.SH,688143,长盈通,SH,科创板,2022-12-12,
688146.SH,688146,中船特气,SH,科创板,2023-04-21,
688147.SH,688147,微导纳米,SH,科创板,2022-12-23,
688148.SH,688148,芳源股份,SH,科创板,2021-08-06,
688150.SH,688150,莱特光电,SH,科创板,2022-03-18,
688151.SH,688151,华强科技,SH,科创板,2021-12-06,
688152.SH,688152,麒麟信安,SH,科创板,2022-10-28,
688153.SH,688153,唯捷创芯,SH,科创板,2022-04-12,
688155.SH,688155,先惠技术,SH,科创板,2020-08-11,
688156.SH,688156,路德科技,SH,科创板,2020-09-22,
688157.SH,688157,松井股份,SH,科创板,2020-06-09,
688158.SH,688158,优刻得,SH,科创板,2020-01-20,
688159.SH,688159,有方科技,SH,科创板,2020-01-23,
688160.SH,688160,步科股份,SH,科创板,2020-11-12,
688161.SH,688161,威高骨科,SH,科创板,2021-06-30,
688162.SH,688162,巨一科技,SH,科创板,2021-11-10,
688163.SH,688163,赛伦生物,SH,科创板,2022-03-11,
688165.SH,688165,埃夫特,SH,科创板,2020-07-15,
688166.SH,688166,博瑞医药,SH,科创板,2019-11-08,
688167.SH,688167,炬光科技,SH,科创板,2021-12-24,
688168.SH,688168,安博通,SH,科创板,2019-09-06,
688169.SH,688169,石头科技,SH,科创板,2020-02-21,
688170.SH,688170,德龙激光,SH,科创板,2022-04-29,
688171.SH,688171,纬德信息,SH,科创板,2022-01-27,
688172.SH,688172,燕东微,SH,科创板,2022-12-16,
688173.SH,688173,希荻微,SH,科创板,2022-01-21,
688175.SH,688175,高凌信息,SH,科创板,2022-03-15,
688176.SH,688176,亚虹医药,SH,科创板,2022-01-07,
688177.SH,688177,百奥泰,SH,科创板,2020-02-21,
688178.SH,688178,万德斯,SH,科创板,2020-01-14,
688179.SH,688179,阿拉丁,SH,科创板,2020-10-26,
688180.SH,688180,君实生物,SH,科创板,2020-07-15,
688181.SH,688181,八亿时空,SH,科创板,2020-01-06,
688182.SH,688182,灿勤科技,SH,科创板,2021-11-16,
688183.SH,688183,生益电子,SH,科创板,2021-02-25,
688184.SH,688184,ST帕瓦,SH,科创板,2022-09-19,
688185.SH,688185,康希诺,SH,科创板,2020-08-13,
688186.SH,688186,广大特材,SH,科创板,2020-02-11,
688187.SH,688187,时代电气,SH,科创板,2021-09-07,
688188.SH,688188,柏楚电子,SH,科创板,2019-08-08,
688189.SH,688189,南新制药,SH,科创板,2020-03-26,
688190.SH,688190,云路股份,SH,科创板,2021-11-26,
688191.SH,688191,智洋创新,SH,科创板,2021-04-08,
688192.SH,688192,迪哲医药,SH,科创板,2021-12-10,
688193.SH,688193,仁度生物,SH,科创板,2022-03-30,
688195.SH,688195,腾景科技,SH,科创板,2021-03-26,
688196.SH,688196,卓越新能,SH,科创板,2019-11-21,
688197.SH,688197,首药控股,SH,科创板,2022-03-23,
688198.SH,688198,佰仁医疗,SH,科创板,2019-12-09,
688199.SH,688199,久日新材,SH,科创板,2019-11-05,
688200.SH,688200,华峰测控,SH,科创板,2020-02-18,
688201.SH,688201,ST信安,SH,科创板,2021-04-21,
688202.SH,688202,美迪西,SH,科创板,2019-11-05,
688203.SH,688203,海正生材,SH,科创板,2022-08-16,
688205.SH,688205,德科立,SH,科创板,2022-08-09,
688206.SH,688206,概伦电子,SH,科创板,2021-12-28,
688207.SH,688207,格灵深瞳,SH,科创板,2022-03-17,
688208.SH,688208,道通科技,SH,科创板,2020-02-13,
688209.SH,688209,英集芯,SH,科创板,2022-04-19,
688210.SH,688210,统联精密,SH,科创板,2021-12-27,
688211.SH,688211,中科微至,SH,科创板,2021-10-26,
688212.SH,688212,澳华内镜,SH,科创板,2021-11-15,
688213.SH,688213,思特威,SH,科创板,2022-05-20,
688215.SH,688215,瑞晟智能,SH,科创板,2020-08-28,
688216.SH,688216,气派科技,SH,科创板,2021-06-23,
688217.SH,688217,睿昂基因,SH,科创板,2021-05-17,
688218.SH,688218,江苏北人,SH,科创板,2019-12-11,
688219.SH,688219,会通股份,SH,科创板,2020-11-18,
688220.SH,688220,翱捷科技,SH,科创板,2022-01-14,
688221.SH,688221,前沿生物,SH,科创板,2020-10-28,
688222.SH,688222,成都先导,SH,科创板,2020-04-16,
688223.SH,688223,晶科能源,SH,科创板,2022-01-26,
688225.SH,688225,亚信安全,SH,科创板,2022-02-09,
688226.SH,688226,威腾电气,SH,科创板,2021-07-07,
688227.SH,688227,品高股份,SH,科创板,2021-12-30,
688228.SH,688228,开普云,SH,科创板,2020-03-27,
688229.SH,688229,博睿数据,SH,科创板,2020-08-17,
688230.SH,688230,芯导科技,SH,科创板,2021-12-01,
688231.SH,688231,隆达股份,SH,科创板,2022-07-22,
688232.SH,688232,新点软件,SH,科创板,2021-11-17,
688233.SH,688233,神工股份,SH,科创板,2020-02-21,
688234.SH,688234,天岳先进,SH,科创板,2022-01-12,
688235.SH,688235,百济神州,SH,科创板,2021-12-15,
688236.SH,688236,春立医疗,SH,科创板,2021-12-30,
688237.SH,688237,超卓航科,SH,科创板,2022-07-01,
688238.SH,688238,和元生物,SH,科创板,2022-03-22,
688239.SH,688239,航宇科技,SH,科创板,2021-07-05,
688244.SH,688244,永信至诚,SH,科创板,2022-10-19,
688246.SH,688246,嘉和美康,SH,科创板,2021-12-14,
688247.SH,688247,宣泰医药,SH,科创板,2022-08-25,
688248.SH,688248,南网科技,SH,科创板,2021-12-22,
688249.SH,688249,晶合集成,SH,科创板,2023-05-05,
688251.SH,688251,井松智能,SH,科创板,2022-06-06,
688252.SH,688252,天德钰,SH,科创板,2022-09-27,
688253.SH,688253,英诺特,SH,科创板,2022-07-28,
688255.SH,688255,凯尔达,SH,科创板,2021-10-25,
688256.SH,688256,寒武纪,SH,科创板,2020-07-20,
688257.SH,688257,新锐股份,SH,科创板,2021-10-27,
688258.SH,688258,卓易信息,SH,科创板,2019-12-09,
688259.SH,688259,创耀科技,SH,科创板,2022-01-12,
688260.SH,688260,昀冢科技,SH,科创板,2021-04-06,
688261.SH,688261,东微半导,SH,科创板,2022-02-10,
688262.SH,688262,国芯科技,SH,科创板,2022-01-06,
688265.SH,688265,南模生物,SH,科创板,2021-12-28,
688266.SH,688266,泽璟制药,SH,科创板,2020-01-23,
688267.SH,688267,中触媒,SH,科创板,2022-02-16,
688268.SH,688268,华特气体,SH,科创板,2019-12-26,
688269.SH,688269,凯立新材,SH,科创板,2021-06-09,
688270.SH,688270,ST臻镭,SH,科创板,2022-01-27,
688271.SH,688271,联影医疗,SH,科创板,2022-08-22,
688272.SH,688272,富吉瑞,SH,科创板,2021-10-18,
688273.SH,688273,麦澜德,SH,科创板,2022-08-11,
688275.SH,688275,万润新能,SH,科创板,2022-09-29,
688276.SH,688276,百克生物,SH,科创板,2021-06-25,
688277.SH,688277,天智航,SH,科创板,2020-07-07,
688278.SH,688278,特宝生物,SH,科创板,2020-01-17,
688279.SH,688279,峰岹科技,SH,科创板,2022-04-20,
688280.SH,688280,精进电动,SH,科创板,2021-10-27,
688281.SH,688281,华秦科技,SH,科创板,2022-03-07,
688282.SH,688282,理工导航,SH,科创板,2022-03-18,
688283.SH,688283,坤恒顺维,SH,科创板,2022-02-15,
688285.SH,688285,高铁电气,SH,科创板,2021-10-20,
688286.SH,688286,敏芯股份,SH,科创板,2020-08-10,
688287.SH,688287,*ST观典,SH,科创板,2022-05-25,
688288.SH,688288,鸿泉技术,SH,科创板,2019-11-06,
688289.SH,688289,圣湘生物,SH,科创板,2020-08-28,
688290.SH,688290,景业智能,SH,科创板,2022-04-29,
688291.SH,688291,金橙子,SH,科创板,2022-10-26,
688292.SH,688292,浩瀚深度,SH,科创板,2022-08-18,
688293.SH,688293,奥浦迈,SH,科创板,2022-09-02,
688295.SH,688295,中复神鹰,SH,科创板,2022-04-06,
688296.SH,688296,和达科技,SH,科创板,2021-07-27,
688297.SH,688297,中无人机,SH,科创板,2022-06-29,
688298.SH,688298,东方生物,SH,科创板,2020-02-05,
688299.SH,688299,长阳科技,SH,科创板,2019-11-06,
688300.SH,688300,联瑞新材,SH,科创板,2019-11-15,
688301.SH,688301,奕瑞科技,SH,科创板,2020-09-18,
688302.SH,688302,海创药业,SH,科创板,2022-04-12,
688303.SH,688303,大全能源,SH,科创板,2021-07-22,
688305.SH,688305,科德数控,SH,科创板,2021-07-09,
688306.SH,688306,均普智能,SH,科创板,2022-03-22,
688307.SH,688307,中润光学,SH,科创板,2023-02-16,
688308.SH,688308,欧科亿,SH,科创板,2020-12-10,
688309.SH,688309,恒誉环保,SH,科创板,2020-07-14,
688310.SH,688310,迈得医疗,SH,科创板,2019-12-03,
688311.SH,688311,盟升电子,SH,科创板,2020-07-31,
688312.SH,688312,燕麦科技,SH,科创板,2020-06-08,
688313.SH,688313,仕佳光子,SH,科创板,2020-08-12,
688314.SH,688314,康拓医疗,SH,科创板,2021-05-18,
688315.SH,688315,诺禾致源,SH,科创板,2021-04-13,
688316.SH,688316,青云科技,SH,科创板,2021-03-16,
688317.SH,688317,之江生物,SH,科创板,2021-01-18,
688318.SH,688318,财富趋势,SH,科创板,2020-04-27,
688319.SH,688319,欧林生物,SH,科创板,2021-06-08,
688320.SH,688320,禾川科技,SH,科创板,2022-04-28,
688321.SH,688321,微芯生物,SH,科创板,2019-08-12,
688322.SH,688322,奥比中光,SH,科创板,2022-07-07,
688323.SH,688323,瑞华泰,SH,科创板,2021-04-28,
688325.SH,688325,赛微微电,SH,科创板,2022-04-22,
688326.SH,688326,经纬恒润,SH,科创板,2022-04-19,
688327.SH,688327,云从科技,SH,科创板,2022-05-27,
688328.SH,688328,深科达,SH,科创板,2021-03-09,
688329.SH,688329,艾隆科技,SH,科创板,2021-03-29,
688330.SH,688330,宏力达,SH,科创板,2020-10-15,
688331.SH,688331,荣昌生物,SH,科创板,2022-03-31,
688332.SH,688332,中科蓝讯,SH,科创板,2022-07-15,
688333.SH,688333,铂力特,SH,科创板,2019-07-22,
688334.SH,688334,西高院,SH,科创板,2023-06-19,
688335.SH,688335,复洁科技,SH,科创板,2020-08-17,
688336.SH,688336,三生国健,SH,科创板,2020-07-22,
688337.SH,688337,普源精电,SH,科创板,2022-04-08,
688338.SH,688338,赛科希德,SH,科创板,2020-08-06,
688339.SH,688339,亿华通,SH,科创板,2020-08-10,
688343.SH,688343,云天励飞,SH,科创板,2023-04-04,
688345.SH,688345,博力威,SH,科创板,2021-06-11,
688347.SH,688347,华虹公司,SH,科创板,2023-08-07,
688348.SH,688348,昱能科技,SH,科创板,2022-06-08,
688349.SH,688349,三一重能,SH,科创板,2022-06-22,
688350.SH,688350,富淼科技,SH,科创板,2021-01-28,
688351.SH,688351,微电生理,SH,科创板,2022-08-31,
688352.SH,688352,颀中科技,SH,科创板,2023-04-20,
688353.SH,688353,华盛锂电,SH,科创板,2022-07-13,
688355.SH,688355,明志科技,SH,科创板,2021-05-12,
688356.SH,688356,键凯科技,SH,科创板,2020-08-26,
688357.SH,688357,建龙微纳,SH,科创板,2019-12-04,
688358.SH,688358,祥生医疗,SH,科创板,2019-12-03,
688359.SH,688359,三孚新科,SH,科创板,2021-05-21,
688360.SH,688360,德马科技,SH,科创板,2020-06-02,
688361.SH,688361,中科飞测,SH,科创板,2023-05-19,
688362.SH,688362,甬矽电子,SH,科创板,2022-11-16,
688363.SH,688363,华熙生物,SH,科创板,2019-11-06,
688365.SH,688365,光云科技,SH,科创板,2020-04-29,
688366.SH,688366,昊海生科,SH,科创板,2019-10-30,
688367.SH,688367,工大高科,SH,科创板,2021-06-28,
688368.SH,688368,晶丰明源,SH,科创板,2019-10-14,
688369.SH,688369,致远互联,SH,科创板,2019-10-31,
688370.SH,688370,丛麟科技,SH,科创板,2022-08-25,
688371.SH,688371,菲沃泰,SH,科创板,2022-08-02,
688372.SH,688372,伟测科技,SH,科创板,2022-10-26,
688373.SH,688373,盟科药业,SH,科创板,2022-08-05,
688375.SH,688375,国博电子,SH,科创板,2022-07-22,
688376.SH,688376,美埃科技,SH,科创板,2022-11-18,
688377.SH,688377,迪威尔,SH,科创板,2020-07-08,
688378.SH,688378,奥来德,SH,科创板,2020-09-03,
688379.SH,688379,华光新材,SH,科创板,2020-08-19,
688380.SH,688380,中微半导,SH,科创板,2022-08-05,
688381.SH,688381,帝奥微,SH,科创板,2022-08-23,
688382.SH,688382,益方生物,SH,科创板,2022-07-25,
688383.SH,688383,新益昌,SH,科创板,2021-04-28,
688385.SH,688385,复旦微电,SH,科创板,2021-08-04,
688386.SH,688386,泛亚微透,SH,科创板,2020-10-16,
688387.SH,688387,信科移动,SH,科创板,2022-09-26,
688388.SH,688388,嘉元科技,SH,科创板,2019-07-22,
688389.SH,688389,普门科技,SH,科创板,2019-11-05,
688390.SH,688390,固德威,SH,科创板,2020-09-04,
688391.SH,688391,钜泉科技,SH,科创板,2022-09-13,
688392.SH,688392,骄成超声,SH,科创板,2022-09-27,
688393.SH,688393,安必平,SH,科创板,2020-08-20,
688395.SH,688395,正弦电气,SH,科创板,2021-04-29,
688396.SH,688396,华润微,SH,科创板,2020-02-27,
688398.SH,688398,赛特新材,SH,科创板,2020-02-11,
688399.SH,688399,硕世生物,SH,科创板,2019-12-05,
688400.SH,688400,凌云光,SH,科创板,2022-07-06,
688401.SH,688401,路维光电,SH,科创板,2022-08-17,
688403.SH,688403,汇成股份,SH,科创板,2022-08-18,
688408.SH,688408,中信博,SH,科创板,2020-08-28,
688409.SH,688409,富创精密,SH,科创板,2022-10-10,
688410.SH,688410,山外山,SH,科创板,2022-12-26,
688411.SH,688411,海博思创,SH,科创板,2025-01-27,
688416.SH,688416,恒烁股份,SH,科创板,2022-08-29,
688418.SH,688418,震有科技,SH,科创板,2020-07-22,
688419.SH,688419,耐科装备,SH,科创板,2022-11-07,
688420.SH,688420,美腾科技,SH,科创板,2022-12-09,
688425.SH,688425,铁建重工,SH,科创板,2021-06-22,
688426.SH,688426,康为世纪,SH,科创板,2022-10-25,
688428.SH,688428,诺诚健华,SH,科创板,2022-09-21,
688429.SH,688429,时创能源,SH,科创板,2023-06-29,
688432.SH,688432,有研硅,SH,科创板,2022-11-10,
688433.SH,688433,华曙高科,SH,科创板,2023-04-17,
688435.SH,688435,英方软件,SH,科创板,2023-01-19,
688439.SH,688439,振华风光,SH,科创板,2022-08-26,
688443.SH,688443,智翔金泰,SH,科创板,2023-06-20,
688448.SH,688448,磁谷科技,SH,科创板,2022-09-21,
688449.SH,688449,联芸科技,SH,科创板,2024-11-29,
688450.SH,688450,光格科技,SH,科创板,2023-07-24,
688455.SH,688455,科捷智能,SH,科创板,2022-09-15,
688456.SH,688456,有研粉材,SH,科创板,2021-03-17,
688458.SH,688458,美芯晟,SH,科创板,2023-05-22,
688459.SH,688459,哈铁科技,SH,科创板,2022-10-12,
688466.SH,688466,金科环境,SH,科创板,2020-05-08,
688468.SH,688468,科美诊断,SH,科创板,2021-04-09,
688469.SH,688469,芯联集成,SH,科创板,2023-05-10,
688472.SH,688472,阿特斯,SH,科创板,2023-06-09,
688475.SH,688475,萤石网络,SH,科创板,2022-12-28,
688478.SH,688478,晶升股份,SH,科创板,2023-04-24,
688479.SH,688479,友车科技,SH,科创板,2023-05-11,
688480.SH,688480,赛恩斯,SH,科创板,2022-11-25,
688484.SH,688484,南芯科技,SH,科创板,2023-04-07,
688485.SH,688485,九州一轨,SH,科创板,2023-01-18,
688486.SH,688486,龙迅股份,SH,科创板,2023-02-21,
688488.SH,688488,艾迪药业,SH,科创板,2020-07-20,
688489.SH,688489,三未信安,SH,科创板,2022-12-02,
688496.SH,688496,ST清越,SH,科创板,2022-12-28,
688498.SH,688498,源杰科技,SH,科创板,2022-12-21,
688499.SH,688499,利元亨,SH,科创板,2021-07-01,
688500.SH,688500,慧辰股份,SH,科创板,2020-07-16,
688501.SH,688501,青达环保,SH,科创板,2021-07-16,
688502.SH,688502,茂莱光学,SH,科创板,2023-03-09,
688503.SH,688503,聚和材料,SH,科创板,2022-12-09,
688505.SH,688505,复旦张江,SH,科创板,2020-06-19,
688506.SH,688506,百利天恒,SH,科创板,2023-01-06,
688507.SH,688507,索辰科技,SH,科创板,2023-04-18,
688508.SH,688508,芯朋微,SH,科创板,2020-07-22,
688509.SH,688509,正元地信,SH,科创板,2021-07-30,
688510.SH,688510,航亚科技,SH,科创板,2020-12-16,
688511.SH,688511,天微电子,SH,科创板,2021-07-30,
688512.SH,688512,慧智微,SH,科创板,2023-05-16,
688513.SH,688513,苑东生物,SH,科创板,2020-09-02,
688515.SH,688515,裕太微,SH,科创板,2023-02-10,
688516.SH,688516,奥特维,SH,科创板,2020-05-21,
688517.SH,688517,金冠电气,SH,科创板,2021-06-18,
688518.SH,688518,联赢激光,SH,科创板,2020-06-22,
688519.SH,688519,南亚新材,SH,科创板,2020-08-18,
688520.SH,688520,神州细胞,SH,科创板,2020-06-22,
688521.SH,688521,芯原股份,SH,科创板,2020-08-18,
688522.SH,688522,纳睿雷达,SH,科创板,2023-03-01,
688523.SH,688523,航天环宇,SH,科创板,2023-06-02,
688525.SH,688525,佰维存储,SH,科创板,2022-12-30,
688526.SH,688526,科前生物,SH,科创板,2020-09-22,
688528.SH,688528,秦川物联,SH,科创板,2020-07-01,
688529.SH,688529,豪森智能,SH,科创板,2020-11-09,
688530.SH,688530,欧莱新材,SH,科创板,2024-05-09,
688531.SH,688531,日联科技,SH,科创板,2023-03-31,
688533.SH,688533,上声电子,SH,科创板,2021-04-19,
688535.SH,688535,DR华海诚,SH,科创板,2023-04-04,
688536.SH,688536,思瑞浦,SH,科创板,2020-09-21,
688538.SH,688538,和辉光电,SH,科创板,2021-05-28,
688539.SH,688539,高华科技,SH,科创板,2023-04-18,
688543.SH,688543,国科军工,SH,科创板,2023-06-21,
688545.SH,688545,兴福电子,SH,科创板,2025-01-22,
688548.SH,688548,广钢气体,SH,科创板,2023-08-15,
688549.SH,688549,中巨芯,SH,科创板,2023-09-08,
688550.SH,688550,瑞联新材,SH,科创板,2020-09-02,
688551.SH,688551,科威尔,SH,科创板,2020-09-10,
688552.SH,688552,航天南湖,SH,科创板,2023-05-18,
688553.SH,688553,汇宇制药,SH,科创板,2021-10-26,
688556.SH,688556,高测股份,SH,科创板,2020-08-07,
688557.SH,688557,兰剑智能,SH,科创板,2020-12-02,
688558.SH,688558,国盛智科,SH,科创板,2020-06-30,
688559.SH,688559,海目星,SH,科创板,2020-09-09,
688560.SH,688560,明冠新材,SH,科创板,2020-12-24,
688561.SH,688561,奇安信,SH,科创板,2020-07-22,
688562.SH,688562,航天软件,SH,科创板,2023-05-24,
688563.SH,688563,航材股份,SH,科创板,2023-07-19,
688565.SH,688565,力源科技,SH,科创板,2021-05-13,
688566.SH,688566,吉贝尔,SH,科创板,2020-05-18,
688567.SH,688567,孚能科技,SH,科创板,2020-07-17,
688568.SH,688568,中科星图,SH,科创板,2020-07-08,
688569.SH,688569,铁科轨道,SH,科创板,2020-08-31,
688570.SH,688570,天玛智控,SH,科创板,2023-06-05,
688571.SH,688571,杭华股份,SH,科创板,2020-12-11,
688573.SH,688573,信宇人,SH,科创板,2023-08-17,
688575.SH,688575,亚辉龙,SH,科创板,2021-05-17,
688576.SH,688576,西山科技,SH,科创板,2023-06-06,
688577.SH,688577,浙海德曼,SH,科创板,2020-09-16,
688578.SH,688578,艾力斯,SH,科创板,2020-12-02,
688579.SH,688579,地纬智能,SH,科创板,2020-07-17,
688580.SH,688580,伟思医疗,SH,科创板,2020-07-21,
688581.SH,688581,安杰思,SH,科创板,2023-05-19,
688582.SH,688582,XD芯动联,SH,科创板,2023-06-30,
688583.SH,688583,思看科技,SH,科创板,2025-01-15,
688584.SH,688584,上海合晶,SH,科创板,2024-02-08,
688585.SH,688585,上纬新材,SH,科创板,2020-09-28,
688586.SH,688586,江航装备,SH,科创板,2020-07-31,
688588.SH,688588,凌志软件,SH,科创板,2020-05-11,
688589.SH,688589,力合微,SH,科创板,2020-07-22,
688590.SH,688590,新致软件,SH,科创板,2020-12-07,
688591.SH,688591,泰凌微,SH,科创板,2023-08-25,
688592.SH,688592,司南导航,SH,科创板,2023-08-16,
688593.SH,688593,新相微,SH,科创板,2023-06-01,
688595.SH,688595,芯海科技,SH,科创板,2020-09-28,
688596.SH,688596,正帆科技,SH,科创板,2020-08-20,
688597.SH,688597,煜邦电力,SH,科创板,2021-06-17,
688598.SH,688598,金博股份,SH,科创板,2020-05-18,
688599.SH,688599,天合光能,SH,科创板,2020-06-10,
688600.SH,688600,皖仪科技,SH,科创板,2020-07-03,
688601.SH,688601,力芯微,SH,科创板,2021-06-28,
688602.SH,688602,康鹏科技,SH,科创板,2023-07-20,
688603.SH,688603,天承科技,SH,科创板,2023-07-10,
688605.SH,688605,先锋精科,SH,科创板,2024-12-12,
688606.SH,688606,奥泰生物,SH,科创板,2021-03-25,
688607.SH,688607,康众医疗,SH,科创板,2021-02-01,
688608.SH,688608,恒玄科技,SH,科创板,2020-12-16,
688609.SH,688609,九联科技,SH,科创板,2021-03-23,
688610.SH,688610,埃科光电,SH,科创板,2023-07-19,
688611.SH,688611,杭州柯林,SH,科创板,2021-04-12,
688612.SH,688612,威迈斯,SH,科创板,2023-07-26,
688613.SH,688613,奥精医疗,SH,科创板,2021-05-21,
688615.SH,688615,合合信息,SH,科创板,2024-09-26,
688616.SH,688616,西力科技,SH,科创板,2021-03-18,
688617.SH,688617,惠泰医疗,SH,科创板,2021-01-07,
688618.SH,688618,三旺通信,SH,科创板,2020-12-30,
688619.SH,688619,罗普特,SH,科创板,2021-02-23,
688620.SH,688620,安凯微,SH,科创板,2023-06-27,
688621.SH,688621,阳光诺和,SH,科创板,2021-06-21,
688622.SH,688622,*ST禾信,SH,科创板,2021-09-13,
688623.SH,688623,双元科技,SH,科创板,2023-06-08,
688625.SH,688625,呈和科技,SH,科创板,2021-06-07,
688626.SH,688626,翔宇医疗,SH,科创板,2021-03-31,
688627.SH,688627,精智达,SH,科创板,2023-07-18,
688628.SH,688628,优利德,SH,科创板,2021-02-01,
688629.SH,688629,华丰科技,SH,科创板,2023-06-27,
688630.SH,688630,芯碁微装,SH,科创板,2021-04-01,
688631.SH,688631,莱斯信息,SH,科创板,2023-06-28,
688633.SH,688633,星球石墨,SH,科创板,2021-03-24,
688636.SH,688636,智明达,SH,科创板,2021-04-08,
688638.SH,688638,誉辰智能,SH,科创板,2023-07-12,
688639.SH,688639,华恒生物,SH,科创板,2021-04-22,
688646.SH,688646,ST逸飞,SH,科创板,2023-07-28,
688648.SH,688648,中邮科技,SH,科创板,2023-11-13,
688651.SH,688651,盛邦安全,SH,科创板,2023-07-26,
688652.SH,688652,京仪装备,SH,科创板,2023-11-29,
688653.SH,688653,康希通信,SH,科创板,2023-11-17,
688655.SH,688655,迅捷兴,SH,科创板,2021-05-11,
688656.SH,688656,浩欧博,SH,科创板,2021-01-13,
688657.SH,688657,浩辰软件,SH,科创板,2023-10-10,
688658.SH,688658,悦康药业,SH,科创板,2020-12-24,
688659.SH,688659,元琛科技,SH,科创板,2021-03-31,
688660.SH,688660,电气风电,SH,科创板,2021-05-19,
688661.SH,688661,和林微纳,SH,科创板,2021-03-29,
688662.SH,688662,富信科技,SH,科创板,2021-04-01,
688663.SH,688663,新风光,SH,科创板,2021-04-13,
688665.SH,688665,四方光电,SH,科创板,2021-02-09,
688667.SH,688667,菱电电控,SH,科创板,2021-03-12,
688668.SH,688668,鼎通科技,SH,科创板,2020-12-21,
688669.SH,688669,聚石化学,SH,科创板,2021-01-25,
688670.SH,688670,金迪克,SH,科创板,2021-08-02,
688671.SH,688671,碧兴物联,SH,科创板,2023-08-09,
688676.SH,688676,金盘科技,SH,科创板,2021-03-09,
688677.SH,688677,海泰新光,SH,科创板,2021-02-26,
688678.SH,688678,福立旺,SH,科创板,2020-12-23,
688679.SH,688679,通源环境,SH,科创板,2020-12-25,
688680.SH,688680,海优新材,SH,科创板,2021-01-22,
688681.SH,688681,科汇股份,SH,科创板,2021-06-16,
688682.SH,688682,霍莱沃,SH,科创板,2021-04-20,
688683.SH,688683,莱尔科技,SH,科创板,2021-04-12,
688685.SH,688685,迈信林,SH,科创板,2021-05-13,
688686.SH,688686,奥普特,SH,科创板,2020-12-31,
688687.SH,688687,凯因科技,SH,科创板,2021-02-08,
688689.SH,688689,银河微电,SH,科创板,2021-01-27,
688690.SH,688690,纳微科技,SH,科创板,2021-06-23,
688691.SH,688691,灿芯股份,SH,科创板,2024-04-11,
688692.SH,688692,达梦数据,SH,科创板,2024-06-12,
688693.SH,688693,锴威特,SH,科创板,2023-08-18,
688695.SH,688695,中创股份,SH,科创板,2024-03-13,
688696.SH,688696,极米科技,SH,科创板,2021-03-03,
688697.SH,688697,纽威数控,SH,科创板,2021-09-17,
688698.SH,688698,伟创电气,SH,科创板,2020-12-29,
688699.SH,688699,明微电子,SH,科创板,2020-12-18,
688700.SH,688700,东威科技,SH,科创板,2021-06-15,
688701.SH,688701,卓锦股份,SH,科创板,2021-09-16,
688702.SH,688702,盛科通信,SH,科创板,2023-09-14,
688707.SH,688707,振华新材,SH,科创板,2021-09-14,
688708.SH,688708,佳驰科技,SH,科创板,2024-12-05,
688709.SH,688709,成都华微,SH,科创板,2024-02-07,
688710.SH,688710,益诺思,SH,科创板,2024-09-03,
688711.SH,688711,宏微科技,SH,科创板,2021-09-01,
688712.SH,688712,北芯生命,SH,科创板,2026-02-05,
688716.SH,688716,中研股份,SH,科创板,2023-09-20,
688717.SH,688717,艾罗能源,SH,科创板,2024-01-03,
688718.SH,688718,唯赛勃,SH,科创板,2021-07-28,
688719.SH,688719,爱科赛博,SH,科创板,2023-09-28,
688720.SH,688720,艾森股份,SH,科创板,2023-12-06,
688721.SH,688721,龙图光罩,SH,科创板,2024-08-06,
688722.SH,688722,同益中,SH,科创板,2021-10-19,
688726.SH,688726,拉普拉斯,SH,科创板,2024-10-29,
688727.SH,688727,恒坤新材,SH,科创板,2025-11-18,
688728.SH,688728,格科微,SH,科创板,2021-08-18,
688729.SH,688729,屹唐股份,SH,科创板,2025-07-08,
688733.SH,688733,壹石通,SH,科创板,2021-08-17,
688737.SH,688737,中自科技,SH,科创板,2021-10-22,
688739.SH,688739,成大生物,SH,科创板,2021-10-28,
688750.SH,688750,金天钛业,SH,科创板,2024-11-20,
688755.SH,688755,汉邦科技,SH,科创板,2025-05-16,
688757.SH,688757,胜科纳米,SH,科创板,2025-03-25,
688758.SH,688758,赛分科技,SH,科创板,2025-01-10,
688759.SH,688759,必贝特,SH,科创板,2025-10-28,
688765.SH,688765,禾元生物,SH,科创板,2025-10-28,
688766.SH,688766,普冉股份,SH,科创板,2021-08-23,
688767.SH,688767,博拓生物,SH,科创板,2021-09-08,
688768.SH,688768,容知日新,SH,科创板,2021-07-26,
688772.SH,688772,珠海冠宇,SH,科创板,2021-10-15,
688775.SH,688775,影石创新,SH,科创板,2025-06-11,
688776.SH,688776,国光电气,SH,科创板,2021-08-31,
688777.SH,688777,中控技术,SH,科创板,2020-11-24,
688778.SH,688778,厦钨新能,SH,科创板,2021-08-05,
688779.SH,688779,五矿新能,SH,科创板,2021-08-11,
688781.SH,688781,视涯科技,SH,科创板,2026-03-25,
688783.SH,688783,西安奕材,SH,科创板,2025-10-28,
688785.SH,688785,恒运昌,SH,科创板,2026-01-28,
688786.SH,688786,悦安新材,SH,科创板,2021-08-26,
688787.SH,688787,海天瑞声,SH,科创板,2021-08-13,
688788.SH,688788,科思科技,SH,科创板,2020-10-22,
688789.SH,688789,宏华数科,SH,科创板,2021-07-08,
688790.SH,688790,昂瑞微,SH,科创板,2025-12-16,
688793.SH,688793,倍轻松,SH,科创板,2021-07-15,
688795.SH,688795,摩尔线程,SH,科创板,2025-12-05,
688796.SH,688796,百奥赛图,SH,科创板,2025-12-10,
688798.SH,688798,艾为电子,SH,科创板,2021-08-16,
688799.SH,688799,华纳药厂,SH,科创板,2021-07-13,
688800.SH,688800,瑞可达,SH,科创板,2021-07-22,
688802.SH,688802,沐曦股份,SH,科创板,2025-12-17,
688805.SH,688805,健信超导,SH,科创板,2025-12-24,
688807.SH,688807,优迅股份,SH,科创板,2025-12-19,
688808.SH,688808,C联讯,SH,科创板,2026-04-24,
688809.SH,688809,强一股份,SH,科创板,2025-12-30,
688811.SH,688811,有研复材,SH,科创板,2026-04-10,
688813.SH,688813,泰金新能,SH,科创板,2026-03-31,
688816.SH,688816,易思维,SH,科创板,2026-02-11,
688818.SH,688818,电科蓝天,SH,科创板,2026-02-10,
688819.SH,688819,天能股份,SH,科创板,2021-01-18,
688820.SH,688820,盛合晶微,SH,科创板,2026-04-21,
688981.SH,688981,中芯国际,SH,科创板,2020-07-16,
689009.SH,689009,九号公司,SH,科创板,2020-10-29,
000001.SZ,000001,平安银行,SZ,主板,1991-04-03,J 金融业
000002.SZ,000002,万  科Ａ,SZ,主板,1991-01-29,K 房地产
000004.SZ,000004,*ST国华,SZ,主板,1990-12-01,I 信息技术
000006.SZ,000006,深振业Ａ,SZ,主板,1992-04-27,K 房地产
000007.SZ,000007,全新好,SZ,主板,1992-04-13,K 房地产
000008.SZ,000008,神州高铁,SZ,主板,1992-05-07,C 制造业
000009.SZ,000009,中国宝安,SZ,主板,1991-06-25,J 金融业
000010.SZ,000010,*ST美丽,SZ,主板,1995-10-27,E 建筑业
000011.SZ,000011,深物业A,SZ,主板,1992-03-30,K 房地产
000012.SZ,000012,南  玻Ａ,SZ,主板,1992-02-28,C 制造业
000014.SZ,000014,沙河股份,SZ,主板,1992-06-02,K 房地产
000016.SZ,000016,*ST康佳A,SZ,主板,1992-03-27,C 制造业
000017.SZ,000017,深中华A,SZ,主板,1992-03-31,C 制造业
000019.SZ,000019,深粮控股,SZ,主板,1992-10-12,F 批发零售
000020.SZ,000020,深华发Ａ,SZ,主板,1992-04-28,C 制造业
000021.SZ,000021,深科技,SZ,主板,1994-02-02,C 制造业
000025.SZ,000025,特  力Ａ,SZ,主板,1993-06-21,F 批发零售
000026.SZ,000026,飞亚达,SZ,主板,1993-06-03,F 批发零售
000027.SZ,000027,深圳能源,SZ,主板,1993-09-03,D 水电煤气
000028.SZ,000028,国药一致,SZ,主板,1993-08-09,F 批发零售
000029.SZ,000029,深深房Ａ,SZ,主板,1993-09-15,K 房地产
000030.SZ,000030,富奥股份,SZ,主板,1993-09-29,C 制造业
000031.SZ,000031,大悦城,SZ,主板,1993-10-08,K 房地产
000032.SZ,000032,深桑达Ａ,SZ,主板,1993-10-28,E 建筑业
000034.SZ,000034,神州数码,SZ,主板,1994-05-09,F 批发零售
000035.SZ,000035,中国天楹,SZ,主板,1994-04-08,N 公共环保
000036.SZ,000036,华联控股,SZ,主板,1994-06-17,K 房地产
000037.SZ,000037,深南电A,SZ,主板,1994-07-01,D 水电煤气
000039.SZ,000039,中集集团,SZ,主板,1994-04-08,C 制造业
000042.SZ,000042,中洲控股,SZ,主板,1994-09-21,K 房地产
000045.SZ,000045,深纺织Ａ,SZ,主板,1994-08-15,C 制造业
000048.SZ,000048,京基智农,SZ,主板,1994-11-01,A 农林牧渔
000049.SZ,000049,德赛电池,SZ,主板,1995-03-20,C 制造业
000050.SZ,000050,深天马Ａ,SZ,主板,1995-03-15,C 制造业
000055.SZ,000055,方大集团,SZ,主板,1996-04-15,C 制造业
000056.SZ,000056,*ST皇庭,SZ,主板,1996-07-08,L 商务服务
000058.SZ,000058,深 赛 格,SZ,主板,1996-12-26,L 商务服务
000059.SZ,000059,华锦股份,SZ,主板,1997-01-30,C 制造业
000060.SZ,000060,中金岭南,SZ,主板,1997-01-23,C 制造业
000061.SZ,000061,农 产 品,SZ,主板,1997-01-10,L 商务服务
000062.SZ,000062,深圳华强,SZ,主板,1997-01-30,F 批发零售
000063.SZ,000063,中兴通讯,SZ,主板,1997-11-18,C 制造业
000065.SZ,000065,北方国际,SZ,主板,1998-06-05,F 批发零售
000066.SZ,000066,中国长城,SZ,主板,1997-06-26,C 制造业
000068.SZ,000068,华控赛格,SZ,主板,1997-06-11,F 批发零售
000069.SZ,000069,华侨城Ａ,SZ,主板,1997-09-10,K 房地产
000070.SZ,000070,特发信息,SZ,主板,2000-05-11,C 制造业
000078.SZ,000078,海王生物,SZ,主板,1998-12-18,F 批发零售
000088.SZ,000088,盐 田 港,SZ,主板,1997-07-28,G 运输仓储
000089.SZ,000089,深圳机场,SZ,主板,1998-04-20,G 运输仓储
000090.SZ,000090,天健集团,SZ,主板,1999-07-21,E 建筑业
000096.SZ,000096,广聚能源,SZ,主板,2000-07-24,F 批发零售
000099.SZ,000099,中信海直,SZ,主板,2000-07-31,G 运输仓储
000100.SZ,000100,TCL科技,SZ,主板,2004-01-30,C 制造业
000151.SZ,000151,中成股份,SZ,主板,2000-09-06,F 批发零售
000153.SZ,000153,丰原药业,SZ,主板,2000-09-20,C 制造业
000155.SZ,000155,川能动力,SZ,主板,2000-09-26,D 水电煤气
000156.SZ,000156,华数传媒,SZ,主板,2000-09-06,I 信息技术
000157.SZ,000157,中联重科,SZ,主板,2000-10-12,C 制造业
000158.SZ,000158,常山北明,SZ,主板,2000-07-24,I 信息技术
000159.SZ,000159,国际实业,SZ,主板,2000-09-26,F 批发零售
000166.SZ,000166,申万宏源,SZ,主板,2015-01-26,J 金融业
000301.SZ,000301,东方盛虹,SZ,主板,2000-05-29,C 制造业
000333.SZ,000333,美的集团,SZ,主板,2013-09-18,C 制造业
000338.SZ,000338,潍柴动力,SZ,主板,2007-04-30,C 制造业
000400.SZ,000400,许继电气,SZ,主板,1997-04-18,C 制造业
000401.SZ,000401,金隅冀东,SZ,主板,1996-06-14,C 制造业
000402.SZ,000402,金 融 街,SZ,主板,1996-06-26,K 房地产
000403.SZ,000403,派林生物,SZ,主板,1996-06-28,C 制造业
000404.SZ,000404,长虹华意,SZ,主板,1996-06-19,C 制造业
000407.SZ,000407,胜利股份,SZ,主板,1996-07-03,D 水电煤气
000408.SZ,000408,藏格矿业,SZ,主板,1996-06-28,C 制造业
000409.SZ,000409,云鼎科技,SZ,主板,1996-06-27,I 信息技术
000410.SZ,000410,沈阳机床,SZ,主板,1996-07-18,C 制造业
000411.SZ,000411,英特集团,SZ,主板,1996-07-16,F 批发零售
000415.SZ,000415,渤海租赁,SZ,主板,1996-07-16,L 商务服务
000417.SZ,000417,合百集团,SZ,主板,1996-08-12,F 批发零售
000419.SZ,000419,通程控股,SZ,主板,1996-08-16,F 批发零售
000420.SZ,000420,吉林化纤,SZ,主板,1996-08-02,C 制造业
000421.SZ,000421,南京公用,SZ,主板,1996-08-06,D 水电煤气
000422.SZ,000422,湖北宜化,SZ,主板,1996-08-15,C 制造业
000423.SZ,000423,东阿阿胶,SZ,主板,1996-07-29,C 制造业
000425.SZ,000425,徐工机械,SZ,主板,1996-08-28,C 制造业
000426.SZ,000426,兴业银锡,SZ,主板,1996-08-28,B 采矿业
000428.SZ,000428,华天酒店,SZ,主板,1996-08-08,H 住宿餐饮
000429.SZ,000429,粤高速Ａ,SZ,主板,1998-02-20,G 运输仓储
000430.SZ,000430,ST张家界,SZ,主板,1996-08-29,N 公共环保
000488.SZ,000488,ST晨鸣,SZ,主板,2000-11-20,C 制造业
000498.SZ,000498,山东路桥,SZ,主板,1997-06-09,E 建筑业
000501.SZ,000501,武商集团,SZ,主板,1992-11-20,F 批发零售
000503.SZ,000503,国新健康,SZ,主板,1992-11-30,I 信息技术
000504.SZ,000504,*ST生物,SZ,主板,1992-12-08,M 科研服务
000505.SZ,000505,京粮控股,SZ,主板,1992-12-21,C 制造业
000506.SZ,000506,招金黄金,SZ,主板,1993-03-12,B 采矿业
000507.SZ,000507,珠海港,SZ,主板,1993-03-26,G 运输仓储
000509.SZ,000509,华塑控股,SZ,主板,1993-05-07,C 制造业
000510.SZ,000510,新金路,SZ,主板,1993-05-07,C 制造业
000513.SZ,000513,丽珠集团,SZ,主板,1993-10-28,C 制造业
000514.SZ,000514,渝 开 发,SZ,主板,1993-07-12,K 房地产
000516.SZ,000516,国际医学,SZ,主板,1993-08-09,Q 卫生
000517.SZ,000517,荣安地产,SZ,主板,1993-08-06,K 房地产
000518.SZ,000518,*ST四环,SZ,主板,1993-09-08,C 制造业
000519.SZ,000519,中兵红箭,SZ,主板,1993-10-08,C 制造业
000520.SZ,000520,凤凰航运,SZ,主板,1993-10-25,G 运输仓储
000521.SZ,000521,长虹美菱,SZ,主板,1993-10-18,C 制造业
000523.SZ,000523,红棉股份,SZ,主板,1993-11-08,C 制造业
000524.SZ,000524,岭南控股,SZ,主板,1993-11-18,L 商务服务
000525.SZ,000525,红太阳,SZ,主板,1993-10-28,C 制造业
000526.SZ,000526,学大教育,SZ,主板,1993-11-01,P 教育
000528.SZ,000528,柳    工,SZ,主板,1993-11-18,C 制造业
000529.SZ,000529,广弘控股,SZ,主板,1993-11-18,C 制造业
000530.SZ,000530,冰山冷热,SZ,主板,1993-12-08,C 制造业
000531.SZ,000531,穗恒运Ａ,SZ,主板,1994-01-06,D 水电煤气
000532.SZ,000532,华金资本,SZ,主板,1994-01-03,S 综合
000533.SZ,000533,顺钠股份,SZ,主板,1994-01-03,C 制造业
000534.SZ,000534,万泽股份,SZ,主板,1994-01-10,C 制造业
000536.SZ,000536,华映科技,SZ,主板,1993-11-26,C 制造业
000537.SZ,000537,绿发电力,SZ,主板,1993-12-10,D 水电煤气
000538.SZ,000538,云南白药,SZ,主板,1993-12-15,C 制造业
000539.SZ,000539,粤电力Ａ,SZ,主板,1993-11-26,D 水电煤气
000541.SZ,000541,佛山照明,SZ,主板,1993-11-23,C 制造业
000543.SZ,000543,皖能电力,SZ,主板,1993-12-20,D 水电煤气
000544.SZ,000544,中原环保,SZ,主板,1993-12-08,D 水电煤气
000545.SZ,000545,金浦钛业,SZ,主板,1993-12-15,C 制造业
000546.SZ,000546,金圆股份,SZ,主板,1993-12-15,C 制造业
000547.SZ,000547,航天发展,SZ,主板,1993-11-30,C 制造业
000548.SZ,000548,湖南投资,SZ,主板,1993-12-20,G 运输仓储
000550.SZ,000550,江铃汽车,SZ,主板,1993-12-01,C 制造业
000551.SZ,000551,创元科技,SZ,主板,1994-01-06,C 制造业
000552.SZ,000552,甘肃能化,SZ,主板,1994-01-06,B 采矿业
000553.SZ,000553,安道麦A,SZ,主板,1993-12-03,C 制造业
000554.SZ,000554,泰山石油,SZ,主板,1993-12-15,F 批发零售
000555.SZ,000555,神州信息,SZ,主板,1994-04-08,I 信息技术
000557.SZ,000557,西部创业,SZ,主板,1994-06-17,G 运输仓储
000558.SZ,000558,天府文旅,SZ,主板,1994-05-09,N 公共环保
000559.SZ,000559,万向钱潮,SZ,主板,1994-01-10,C 制造业
000560.SZ,000560,我爱我家,SZ,主板,1994-02-02,K 房地产
000561.SZ,000561,烽火电子,SZ,主板,1994-05-09,C 制造业
000563.SZ,000563,陕国投Ａ,SZ,主板,1994-01-10,J 金融业
000564.SZ,000564,供销大集,SZ,主板,1994-01-10,F 批发零售
000565.SZ,000565,渝三峡Ａ,SZ,主板,1994-04-08,C 制造业
000566.SZ,000566,海南海药,SZ,主板,1994-05-25,C 制造业
000567.SZ,000567,海德股份,SZ,主板,1994-05-25,J 金融业
000568.SZ,000568,泸州老窖,SZ,主板,1994-05-09,C 制造业
000570.SZ,000570,苏常柴Ａ,SZ,主板,1994-07-01,C 制造业
000571.SZ,000571,新大洲A,SZ,主板,1994-05-25,B 采矿业
000572.SZ,000572,海马汽车,SZ,主板,1994-08-08,C 制造业
000573.SZ,000573,粤宏远Ａ,SZ,主板,1994-08-15,C 制造业
000576.SZ,000576,甘化科工,SZ,主板,1994-09-07,C 制造业
000581.SZ,000581,威孚高科,SZ,主板,1998-09-24,C 制造业
000582.SZ,000582,北部湾港,SZ,主板,1995-11-02,G 运输仓储
000586.SZ,000586,汇源通信,SZ,主板,1995-12-20,C 制造业
000589.SZ,000589,贵州轮胎,SZ,主板,1996-03-08,C 制造业
000590.SZ,000590,古汉医药,SZ,主板,1996-01-19,C 制造业
000591.SZ,000591,太阳能,SZ,主板,1996-02-08,D 水电煤气
000592.SZ,000592,平潭发展,SZ,主板,1996-03-27,C 制造业
000593.SZ,000593,德龙汇能,SZ,主板,1996-03-12,D 水电煤气
000595.SZ,000595,*ST宝实,SZ,主板,1996-04-19,C 制造业
000596.SZ,000596,古井贡酒,SZ,主板,1996-09-27,C 制造业
000597.SZ,000597,东北制药,SZ,主板,1996-05-23,C 制造业
000598.SZ,000598,兴蓉环境,SZ,主板,1996-05-29,D 水电煤气
000599.SZ,000599,青岛双星,SZ,主板,1996-04-30,C 制造业
000600.SZ,000600,建投能源,SZ,主板,1996-06-06,D 水电煤气
000601.SZ,000601,韶能股份,SZ,主板,1996-08-30,D 水电煤气
000603.SZ,000603,盛达资源,SZ,主板,1996-08-23,B 采矿业
000605.SZ,000605,渤海股份,SZ,主板,1996-09-13,D 水电煤气
000607.SZ,000607,华媒控股,SZ,主板,1996-08-30,L 商务服务
000608.SZ,000608,*ST阳光,SZ,主板,1996-09-19,K 房地产
000609.SZ,000609,*ST中迪,SZ,主板,1996-10-10,S 综合
000610.SZ,000610,*ST西旅,SZ,主板,1996-09-26,L 商务服务
000612.SZ,000612,焦作万方,SZ,主板,1996-09-26,C 制造业
000615.SZ,000615,*ST美谷,SZ,主板,1996-10-16,Q 卫生
000617.SZ,000617,中油资本,SZ,主板,1996-10-22,J 金融业
000619.SZ,000619,海螺新材,SZ,主板,1996-10-23,C 制造业
000620.SZ,000620,盈新发展,SZ,主板,1996-10-29,K 房地产
000623.SZ,000623,吉林敖东,SZ,主板,1996-10-28,C 制造业
000625.SZ,000625,长安汽车,SZ,主板,1997-06-10,C 制造业
000626.SZ,000626,远大控股,SZ,主板,1996-11-28,F 批发零售
000628.SZ,000628,高新发展,SZ,主板,1996-11-18,E 建筑业
000629.SZ,000629,钒钛股份,SZ,主板,1996-11-15,C 制造业
000630.SZ,000630,铜陵有色,SZ,主板,1996-11-20,C 制造业
000631.SZ,000631,顺发恒能,SZ,主板,1996-11-22,K 房地产
000632.SZ,000632,ST三木,SZ,主板,1996-11-21,F 批发零售
000633.SZ,000633,合金投资,SZ,主板,1996-11-12,C 制造业
000635.SZ,000635,英 力 特,SZ,主板,1996-11-20,C 制造业
000636.SZ,000636,风华高科,SZ,主板,1996-11-29,C 制造业
000637.SZ,000637,茂化实华,SZ,主板,1996-11-14,C 制造业
000638.SZ,000638,*ST万方,SZ,主板,1996-11-26,A 农林牧渔
000639.SZ,000639,ST西王,SZ,主板,1996-11-26,C 制造业
000650.SZ,000650,仁和药业,SZ,主板,1996-12-10,C 制造业
000651.SZ,000651,格力电器,SZ,主板,1996-11-18,C 制造业
000652.SZ,000652,泰达股份,SZ,主板,1996-11-28,F 批发零售
000655.SZ,000655,金岭矿业,SZ,主板,1996-11-28,B 采矿业
000656.SZ,000656,*ST金科,SZ,主板,1996-11-28,K 房地产
000657.SZ,000657,中钨高新,SZ,主板,1996-12-05,C 制造业
000659.SZ,000659,珠海中富,SZ,主板,1996-12-03,C 制造业
000661.SZ,000661,长春高新,SZ,主板,1996-12-18,C 制造业
000663.SZ,000663,永安林业,SZ,主板,1996-12-06,A 农林牧渔
000665.SZ,000665,湖北广电,SZ,主板,1996-12-10,I 信息技术
000668.SZ,000668,*ST荣控,SZ,主板,1996-12-10,K 房地产
000669.SZ,000669,ST金鸿,SZ,主板,1996-12-10,D 水电煤气
000670.SZ,000670,盈方微,SZ,主板,1996-12-17,F 批发零售
000672.SZ,000672,上峰水泥,SZ,主板,1996-12-18,C 制造业
000676.SZ,000676,智度股份,SZ,主板,1996-12-24,L 商务服务
000677.SZ,000677,恒天海龙,SZ,主板,1996-12-26,C 制造业
000678.SZ,000678,襄阳轴承,SZ,主板,1997-01-06,C 制造业
000679.SZ,000679,大连友谊,SZ,主板,1997-01-24,F 批发零售
000680.SZ,000680,山推股份,SZ,主板,1997-01-22,C 制造业
000681.SZ,000681,视觉中国,SZ,主板,1997-01-21,I 信息技术
000682.SZ,000682,东方电子,SZ,主板,1997-01-21,I 信息技术
000683.SZ,000683,博源化工,SZ,主板,1997-01-31,C 制造业
000685.SZ,000685,中山公用,SZ,主板,1997-01-23,D 水电煤气
000686.SZ,000686,东北证券,SZ,主板,1997-02-27,J 金融业
000688.SZ,000688,国城矿业,SZ,主板,1997-01-20,B 采矿业
000690.SZ,000690,宝新能源,SZ,主板,1997-01-28,D 水电煤气
000691.SZ,000691,*ST亚太,SZ,主板,1997-02-28,C 制造业
000692.SZ,000692,惠天热电,SZ,主板,1997-02-27,D 水电煤气
000695.SZ,000695,滨海能源,SZ,主板,1997-02-18,C 制造业
000697.SZ,000697,ST炼石,SZ,主板,1997-03-25,C 制造业
000698.SZ,000698,ST沈化,SZ,主板,1997-02-20,C 制造业
000700.SZ,000700,模塑科技,SZ,主板,1997-02-28,C 制造业
000701.SZ,000701,厦门信达,SZ,主板,1997-02-26,F 批发零售
000702.SZ,000702,正虹科技,SZ,主板,1997-03-18,C 制造业
000703.SZ,000703,恒逸石化,SZ,主板,1997-03-28,C 制造业
000705.SZ,000705,浙江震元,SZ,主板,1997-04-10,F 批发零售
000707.SZ,000707,双环科技,SZ,主板,1997-04-15,C 制造业
000708.SZ,000708,中信特钢,SZ,主板,1997-03-26,C 制造业
000709.SZ,000709,河钢股份,SZ,主板,1997-04-16,C 制造业
000710.SZ,000710,贝瑞基因,SZ,主板,1997-04-22,M 科研服务
000711.SZ,000711,ST京蓝,SZ,主板,1997-04-11,C 制造业
000712.SZ,000712,锦龙股份,SZ,主板,1997-04-15,J 金融业
000713.SZ,000713,国投丰乐,SZ,主板,1997-04-22,A 农林牧渔
000715.SZ,000715,中兴商业,SZ,主板,1997-05-08,F 批发零售
000716.SZ,000716,黑芝麻,SZ,主板,1997-04-18,C 制造业
000717.SZ,000717,中南股份,SZ,主板,1997-05-08,C 制造业
000718.SZ,000718,苏宁环球,SZ,主板,1997-04-08,K 房地产
000719.SZ,000719,中原传媒,SZ,主板,1997-03-31,R 文化传播
000720.SZ,000720,新能泰山,SZ,主板,1997-05-09,C 制造业
000721.SZ,000721,西安饮食,SZ,主板,1997-04-30,H 住宿餐饮
000722.SZ,000722,湖南发展,SZ,主板,1997-05-22,D 水电煤气
000723.SZ,000723,美锦能源,SZ,主板,1997-05-15,C 制造业
000725.SZ,000725,京东方Ａ,SZ,主板,2001-01-12,C 制造业
000726.SZ,000726,鲁  泰Ａ,SZ,主板,2000-12-25,C 制造业
000727.SZ,000727,冠捷科技,SZ,主板,1997-05-20,C 制造业
000728.SZ,000728,国元证券,SZ,主板,1997-06-16,J 金融业
000729.SZ,000729,燕京啤酒,SZ,主板,1997-07-16,C 制造业
000731.SZ,000731,四川美丰,SZ,主板,1997-06-17,C 制造业
000733.SZ,000733,振华科技,SZ,主板,1997-07-03,C 制造业
000735.SZ,000735,罗 牛 山,SZ,主板,1997-06-11,A 农林牧渔
000736.SZ,000736,*ST中地,SZ,主板,1997-04-25,K 房地产
000737.SZ,000737,北方铜业,SZ,主板,1997-04-28,C 制造业
000738.SZ,000738,航发控制,SZ,主板,1997-06-26,C 制造业
000739.SZ,000739,普洛药业,SZ,主板,1997-05-09,C 制造业
000750.SZ,000750,国海证券,SZ,主板,1997-07-09,J 金融业
000751.SZ,000751,锌业股份,SZ,主板,1997-06-26,C 制造业
000752.SZ,000752,*ST西发,SZ,主板,1997-06-25,C 制造业
000753.SZ,000753,漳州发展,SZ,主板,1997-06-26,F 批发零售
000755.SZ,000755,山西高速,SZ,主板,1997-06-27,G 运输仓储
000756.SZ,000756,新华制药,SZ,主板,1997-08-06,C 制造业
000757.SZ,000757,浩物股份,SZ,主板,1997-06-27,F 批发零售
000758.SZ,000758,中色股份,SZ,主板,1997-04-16,B 采矿业
000759.SZ,000759,中百集团,SZ,主板,1997-05-19,F 批发零售
000761.SZ,000761,本钢板材,SZ,主板,1998-01-15,C 制造业
000762.SZ,000762,西藏矿业,SZ,主板,1997-07-08,B 采矿业
000766.SZ,000766,通化金马,SZ,主板,1997-04-30,C 制造业
000767.SZ,000767,晋控电力,SZ,主板,1997-06-09,D 水电煤气
000768.SZ,000768,中航西飞,SZ,主板,1997-06-26,C 制造业
000776.SZ,000776,广发证券,SZ,主板,1997-06-11,J 金融业
000777.SZ,000777,中核科技,SZ,主板,1997-07-10,C 制造业
000778.SZ,000778,新兴铸管,SZ,主板,1997-06-06,C 制造业
000779.SZ,000779,甘咨询,SZ,主板,1997-05-28,M 科研服务
000782.SZ,000782,恒申新材,SZ,主板,1997-06-19,C 制造业
000783.SZ,000783,长江证券,SZ,主板,1997-07-31,J 金融业
000785.SZ,000785,居然智家,SZ,主板,1997-07-11,L 商务服务
000786.SZ,000786,北新建材,SZ,主板,1997-06-06,C 制造业
000788.SZ,000788,北大医药,SZ,主板,1997-06-16,C 制造业
000789.SZ,000789,万年青,SZ,主板,1997-09-23,C 制造业
000790.SZ,000790,华神科技,SZ,主板,1998-03-27,C 制造业
000791.SZ,000791,甘肃能源,SZ,主板,1997-10-14,D 水电煤气
000792.SZ,000792,盐湖股份,SZ,主板,1997-09-04,C 制造业
000793.SZ,000793,*ST华闻,SZ,主板,1997-07-29,R 文化传播
000795.SZ,000795,英洛华,SZ,主板,1997-08-08,C 制造业
000796.SZ,000796,凯撒旅业,SZ,主板,1997-07-03,L 商务服务
000797.SZ,000797,中国武夷,SZ,主板,1997-07-15,K 房地产
000798.SZ,000798,中水渔业,SZ,主板,1998-02-12,A 农林牧渔
000799.SZ,000799,酒鬼酒,SZ,主板,1997-07-18,C 制造业
000800.SZ,000800,一汽解放,SZ,主板,1997-06-18,C 制造业
000801.SZ,000801,四川九洲,SZ,主板,1998-05-06,C 制造业
000802.SZ,000802,北京文化,SZ,主板,1998-01-08,R 文化传播
000803.SZ,000803,山高环能,SZ,主板,1998-03-03,N 公共环保
000807.SZ,000807,云铝股份,SZ,主板,1998-04-08,C 制造业
000809.SZ,000809,和展能源,SZ,主板,1998-06-16,C 制造业
000810.SZ,000810,创维数字,SZ,主板,1998-06-02,C 制造业
000811.SZ,000811,冰轮环境,SZ,主板,1998-05-28,C 制造业
000812.SZ,000812,陕西金叶,SZ,主板,1998-06-23,C 制造业
000813.SZ,000813,德展健康,SZ,主板,1998-05-19,C 制造业
000815.SZ,000815,美利云,SZ,主板,1998-06-09,C 制造业
000816.SZ,000816,智慧农业,SZ,主板,1997-08-18,C 制造业
000818.SZ,000818,航锦科技,SZ,主板,1997-10-17,C 制造业
000819.SZ,000819,岳阳兴长,SZ,主板,1997-06-25,C 制造业
000820.SZ,000820,*ST节能,SZ,主板,1998-06-30,M 科研服务
000821.SZ,000821,ST京机,SZ,主板,1998-06-26,C 制造业
000822.SZ,000822,山东海化,SZ,主板,1998-07-03,C 制造业
000823.SZ,000823,超声电子,SZ,主板,1997-10-08,C 制造业
000825.SZ,000825,太钢不锈,SZ,主板,1998-10-21,C 制造业
000826.SZ,000826,*ST启环,SZ,主板,1998-02-25,N 公共环保
000828.SZ,000828,东莞控股,SZ,主板,1997-06-17,G 运输仓储
000829.SZ,000829,天音控股,SZ,主板,1997-12-02,F 批发零售
000830.SZ,000830,鲁西化工,SZ,主板,1998-08-07,C 制造业
000831.SZ,000831,中国稀土,SZ,主板,1998-09-11,C 制造业
000833.SZ,000833,粤桂股份,SZ,主板,1998-11-11,S 综合
000837.SZ,000837,秦川机床,SZ,主板,1998-09-28,C 制造业
000838.SZ,000838,*ST发展,SZ,主板,1997-06-26,K 房地产
000839.SZ,000839,国安股份,SZ,主板,1997-10-31,I 信息技术
000848.SZ,000848,承德露露,SZ,主板,1997-11-13,C 制造业
000850.SZ,000850,华茂股份,SZ,主板,1998-10-07,C 制造业
000852.SZ,000852,石化机械,SZ,主板,1998-11-26,C 制造业
000856.SZ,000856,冀东装备,SZ,主板,1998-08-13,C 制造业
000858.SZ,000858,五 粮 液,SZ,主板,1998-04-27,C 制造业
000859.SZ,000859,国风新材,SZ,主板,1998-11-19,C 制造业
000860.SZ,000860,顺鑫农业,SZ,主板,1998-11-04,C 制造业
000862.SZ,000862,银星能源,SZ,主板,1998-09-15,D 水电煤气
000863.SZ,000863,三湘印象,SZ,主板,1997-09-25,K 房地产
000868.SZ,000868,安凯客车,SZ,主板,1997-07-25,C 制造业
000869.SZ,000869,张  裕Ａ,SZ,主板,2000-10-26,C 制造业
000875.SZ,000875,电投绿能,SZ,主板,2002-09-26,D 水电煤气
000876.SZ,000876,新 希 望,SZ,主板,1998-03-11,C 制造业
000877.SZ,000877,天山股份,SZ,主板,1999-01-07,C 制造业
000878.SZ,000878,云南铜业,SZ,主板,1998-06-02,C 制造业
000880.SZ,000880,潍柴重机,SZ,主板,1998-04-02,C 制造业
000881.SZ,000881,中广核技,SZ,主板,1998-09-02,C 制造业
000882.SZ,000882,华联股份,SZ,主板,1998-06-16,L 商务服务
000883.SZ,000883,湖北能源,SZ,主板,1998-05-19,D 水电煤气
000885.SZ,000885,城发环境,SZ,主板,1999-03-19,N 公共环保
000886.SZ,000886,海南高速,SZ,主板,1998-01-23,G 运输仓储
000887.SZ,000887,中鼎股份,SZ,主板,1998-12-03,C 制造业
000888.SZ,000888,峨眉山Ａ,SZ,主板,1997-10-21,N 公共环保
000889.SZ,000889,中嘉博创,SZ,主板,1997-12-18,I 信息技术
000890.SZ,000890,法尔胜,SZ,主板,1999-01-19,C 制造业
000892.SZ,000892,欢瑞世纪,SZ,主板,1999-01-15,R 文化传播
000893.SZ,000893,亚钾国际,SZ,主板,1998-12-24,C 制造业
000895.SZ,000895,双汇发展,SZ,主板,1998-12-10,C 制造业
000897.SZ,000897,津滨发展,SZ,主板,1999-04-22,K 房地产
000898.SZ,000898,鞍钢股份,SZ,主板,1997-12-25,C 制造业
000899.SZ,000899,赣能股份,SZ,主板,1997-11-26,D 水电煤气
000900.SZ,000900,现代投资,SZ,主板,1999-01-28,G 运输仓储
000901.SZ,000901,航天科技,SZ,主板,1999-04-01,C 制造业
000902.SZ,000902,新洋丰,SZ,主板,1999-04-08,C 制造业
000903.SZ,000903,ST云动,SZ,主板,1999-04-15,C 制造业
000905.SZ,000905,厦门港务,SZ,主板,1999-04-29,F 批发零售
000906.SZ,000906,浙商中拓,SZ,主板,1999-07-07,L 商务服务
000908.SZ,000908,ST景峰,SZ,主板,1999-02-03,C 制造业
000909.SZ,000909,*ST数源,SZ,主板,1999-05-07,K 房地产
000910.SZ,000910,大亚圣象,SZ,主板,1999-06-30,C 制造业
000911.SZ,000911,*ST广糖,SZ,主板,1999-05-27,C 制造业
000912.SZ,000912,泸天化,SZ,主板,1999-06-03,C 制造业
000913.SZ,000913,钱江摩托,SZ,主板,1999-05-14,C 制造业
000915.SZ,000915,华特达因,SZ,主板,1999-06-09,C 制造业
000917.SZ,000917,电广传媒,SZ,主板,1999-03-25,I 信息技术
000919.SZ,000919,金陵药业,SZ,主板,1999-11-18,C 制造业
000920.SZ,000920,沃顿科技,SZ,主板,1999-06-16,C 制造业
000921.SZ,000921,海信家电,SZ,主板,1999-07-13,C 制造业
000922.SZ,000922,佳电股份,SZ,主板,1999-06-18,C 制造业
000923.SZ,000923,河钢资源,SZ,主板,1999-07-14,B 采矿业
000925.SZ,000925,众合科技,SZ,主板,1999-06-11,C 制造业
000926.SZ,000926,福星股份,SZ,主板,1999-06-18,K 房地产
000927.SZ,000927,中国铁物,SZ,主板,1999-07-27,L 商务服务
000928.SZ,000928,中钢国际,SZ,主板,1999-03-12,E 建筑业
000929.SZ,000929,*ST兰黄,SZ,主板,1999-06-23,C 制造业
000930.SZ,000930,中粮科技,SZ,主板,1999-07-12,C 制造业
000931.SZ,000931,中 关 村,SZ,主板,1999-07-12,C 制造业
000932.SZ,000932,华菱钢铁,SZ,主板,1999-08-03,C 制造业
000933.SZ,000933,神火股份,SZ,主板,1999-08-31,C 制造业
000935.SZ,000935,四川双马,SZ,主板,1999-08-24,C 制造业
000936.SZ,000936,华西股份,SZ,主板,1999-08-10,C 制造业
000937.SZ,000937,冀中能源,SZ,主板,1999-09-09,B 采矿业
000938.SZ,000938,紫光股份,SZ,主板,1999-11-04,C 制造业
000948.SZ,000948,南天信息,SZ,主板,1999-10-14,I 信息技术
000949.SZ,000949,新乡化纤,SZ,主板,1999-10-21,C 制造业
000950.SZ,000950,重药控股,SZ,主板,1999-09-16,F 批发零售
000951.SZ,000951,中国重汽,SZ,主板,1999-11-25,C 制造业
000952.SZ,000952,广济药业,SZ,主板,1999-11-12,C 制造业
000953.SZ,000953,河化股份,SZ,主板,1999-12-02,C 制造业
000955.SZ,000955,欣龙控股,SZ,主板,1999-12-09,C 制造业
000957.SZ,000957,中通客车,SZ,主板,2000-01-13,C 制造业
000958.SZ,000958,电投产融,SZ,主板,1999-12-23,D 水电煤气
000959.SZ,000959,首钢股份,SZ,主板,1999-12-16,C 制造业
000960.SZ,000960,锡业股份,SZ,主板,2000-02-21,C 制造业
000962.SZ,000962,东方钽业,SZ,主板,2000-01-20,C 制造业
000963.SZ,000963,华东医药,SZ,主板,2000-01-27,F 批发零售
000965.SZ,000965,天保基建,SZ,主板,2000-04-06,K 房地产
000966.SZ,000966,长源电力,SZ,主板,2000-03-16,D 水电煤气
000967.SZ,000967,盈峰环境,SZ,主板,2000-03-30,C 制造业
000968.SZ,000968,蓝焰控股,SZ,主板,2000-06-22,B 采矿业
000969.SZ,000969,安泰科技,SZ,主板,2000-05-29,C 制造业
000970.SZ,000970,中科三环,SZ,主板,2000-04-20,C 制造业
000972.SZ,000972,*ST中基,SZ,主板,2000-09-26,C 制造业
000973.SZ,000973,佛塑科技,SZ,主板,2000-05-25,C 制造业
000975.SZ,000975,山金国际,SZ,主板,2000-06-08,B 采矿业
000977.SZ,000977,浪潮信息,SZ,主板,2000-06-08,C 制造业
000978.SZ,000978,桂林旅游,SZ,主板,2000-05-18,N 公共环保
000980.SZ,000980,众泰汽车,SZ,主板,2000-06-16,C 制造业
000981.SZ,000981,山子高科,SZ,主板,2000-06-22,C 制造业
000983.SZ,000983,山西焦煤,SZ,主板,2000-07-26,B 采矿业
000985.SZ,000985,大庆华科,SZ,主板,2000-07-26,C 制造业
000987.SZ,000987,越秀资本,SZ,主板,2000-07-18,J 金融业
000988.SZ,000988,华工科技,SZ,主板,2000-06-08,C 制造业
000989.SZ,000989,九芝堂,SZ,主板,2000-06-28,C 制造业
000990.SZ,000990,诚志股份,SZ,主板,2000-07-06,C 制造业
000993.SZ,000993,闽东电力,SZ,主板,2000-07-31,D 水电煤气
000995.SZ,000995,皇台酒业,SZ,主板,2000-08-07,C 制造业
000997.SZ,000997,新 大 陆,SZ,主板,2000-08-07,I 信息技术
000998.SZ,000998,隆平高科,SZ,主板,2000-12-11,A 农林牧渔
000999.SZ,000999,华润三九,SZ,主板,2000-03-09,C 制造业
001201.SZ,001201,东瑞股份,SZ,主板,2021-04-28,A 农林牧渔
001202.SZ,001202,炬申股份,SZ,主板,2021-04-29,G 运输仓储
001203.SZ,001203,大中矿业,SZ,主板,2021-05-10,B 采矿业
001205.SZ,001205,盛航股份,SZ,主板,2021-05-13,G 运输仓储
001206.SZ,001206,依依股份,SZ,主板,2021-05-18,C 制造业
001207.SZ,001207,联科科技,SZ,主板,2021-06-23,C 制造业
001208.SZ,001208,华菱线缆,SZ,主板,2021-06-24,C 制造业
001209.SZ,001209,洪兴股份,SZ,主板,2021-07-23,C 制造业
001210.SZ,001210,金房能源,SZ,主板,2021-07-29,D 水电煤气
001211.SZ,001211,双枪科技,SZ,主板,2021-08-05,C 制造业
001212.SZ,001212,中旗新材,SZ,主板,2021-08-23,C 制造业
001213.SZ,001213,中铁特货,SZ,主板,2021-09-08,G 运输仓储
001215.SZ,001215,千味央厨,SZ,主板,2021-09-06,C 制造业
001216.SZ,001216,华瓷股份,SZ,主板,2021-10-19,C 制造业
001217.SZ,001217,华尔泰,SZ,主板,2021-09-29,C 制造业
001218.SZ,001218,丽臣实业,SZ,主板,2021-10-15,C 制造业
001219.SZ,001219,青岛食品,SZ,主板,2021-10-21,C 制造业
001220.SZ,001220,世盟股份,SZ,主板,2026-02-03,G 运输仓储
001221.SZ,001221,悍高集团,SZ,主板,2025-07-30,C 制造业
001222.SZ,001222,源飞宠物,SZ,主板,2022-08-18,C 制造业
001223.SZ,001223,欧克科技,SZ,主板,2022-12-12,C 制造业
001225.SZ,001225,和泰机电,SZ,主板,2023-02-22,C 制造业
001226.SZ,001226,拓山重工,SZ,主板,2022-06-22,C 制造业
001227.SZ,001227,兰州银行,SZ,主板,2022-01-17,J 金融业
001228.SZ,001228,永泰运,SZ,主板,2022-04-29,L 商务服务
001229.SZ,001229,魅视科技,SZ,主板,2022-08-08,C 制造业
001230.SZ,001230,劲旅环境,SZ,主板,2022-07-15,N 公共环保
001231.SZ,001231,农心科技,SZ,主板,2022-08-19,C 制造业
001233.SZ,001233,海安集团,SZ,主板,2025-11-25,C 制造业
001234.SZ,001234,泰慕士,SZ,主板,2022-01-11,C 制造业
001236.SZ,001236,弘业期货,SZ,主板,2022-08-05,J 金融业
001238.SZ,001238,浙江正特,SZ,主板,2022-09-19,C 制造业
001239.SZ,001239,永达股份,SZ,主板,2023-12-12,C 制造业
001255.SZ,001255,博菲电气,SZ,主板,2022-09-30,C 制造业
001256.SZ,001256,炜冈科技,SZ,主板,2022-12-05,C 制造业
001257.SZ,001257,盛龙股份,SZ,主板,2026-03-31,B 采矿业
001258.SZ,001258,立新能源,SZ,主板,2022-07-27,D 水电煤气
001259.SZ,001259,利仁科技,SZ,主板,2022-08-31,C 制造业
001260.SZ,001260,坤泰股份,SZ,主板,2023-02-16,C 制造业
001266.SZ,001266,宏英智能,SZ,主板,2022-02-28,C 制造业
001267.SZ,001267,汇绿生态,SZ,主板,2021-11-17,C 制造业
001268.SZ,001268,联合精密,SZ,主板,2022-06-30,C 制造业
001269.SZ,001269,欧晶科技,SZ,主板,2022-09-30,C 制造业
001270.SZ,001270,*ST铖昌,SZ,主板,2022-06-06,C 制造业
001277.SZ,001277,速达股份,SZ,主板,2024-09-03,C 制造业
001278.SZ,001278,一彬科技,SZ,主板,2023-03-08,C 制造业
001279.SZ,001279,强邦新材,SZ,主板,2024-10-11,C 制造业
001280.SZ,001280,中国铀业,SZ,主板,2025-12-03,B 采矿业
001282.SZ,001282,三联锻造,SZ,主板,2023-05-24,C 制造业
001283.SZ,001283,豪鹏科技,SZ,主板,2022-09-05,C 制造业
001285.SZ,001285,瑞立科密,SZ,主板,2025-09-30,C 制造业
001286.SZ,001286,陕西能源,SZ,主板,2023-04-10,D 水电煤气
001287.SZ,001287,中电港,SZ,主板,2023-04-10,F 批发零售
001288.SZ,001288,运机集团,SZ,主板,2021-11-01,C 制造业
001289.SZ,001289,龙源电力,SZ,主板,2022-01-24,D 水电煤气
001296.SZ,001296,长江材料,SZ,主板,2021-12-24,C 制造业
001298.SZ,001298,好上好,SZ,主板,2022-10-31,F 批发零售
001299.SZ,001299,美能能源,SZ,主板,2022-10-31,D 水电煤气
001300.SZ,001300,三柏硕,SZ,主板,2022-10-19,C 制造业
001301.SZ,001301,尚太科技,SZ,主板,2022-12-28,C 制造业
001306.SZ,001306,夏厦精密,SZ,主板,2023-11-16,C 制造业
001308.SZ,001308,康冠科技,SZ,主板,2022-03-18,C 制造业
001309.SZ,001309,德明利,SZ,主板,2022-07-01,C 制造业
001311.SZ,001311,多利科技,SZ,主板,2023-02-27,C 制造业
001312.SZ,001312,福恩股份,SZ,主板,2026-04-21,C 制造业
001313.SZ,001313,粤海饲料,SZ,主板,2022-02-16,C 制造业
001314.SZ,001314,亿道信息,SZ,主板,2023-02-14,C 制造业
001316.SZ,001316,润贝航科,SZ,主板,2022-06-24,F 批发零售
001317.SZ,001317,三羊马,SZ,主板,2021-11-30,G 运输仓储
001318.SZ,001318,阳光乳业,SZ,主板,2022-05-20,C 制造业
001319.SZ,001319,铭科精技,SZ,主板,2022-05-12,C 制造业
001322.SZ,001322,箭牌家居,SZ,主板,2022-10-26,C 制造业
001323.SZ,001323,慕思股份,SZ,主板,2022-06-23,C 制造业
001324.SZ,001324,长青科技,SZ,主板,2023-05-22,C 制造业
001325.SZ,001325,元创股份,SZ,主板,2025-12-18,C 制造业
001326.SZ,001326,联域股份,SZ,主板,2023-11-09,C 制造业
001328.SZ,001328,登康口腔,SZ,主板,2023-04-10,C 制造业
001330.SZ,001330,博纳影业,SZ,主板,2022-08-18,R 文化传播
001331.SZ,001331,胜通能源,SZ,主板,2022-09-08,D 水电煤气
001332.SZ,001332,锡装股份,SZ,主板,2022-09-20,C 制造业
001333.SZ,001333,光华股份,SZ,主板,2022-12-08,C 制造业
001335.SZ,001335,信凯科技,SZ,主板,2025-04-15,F 批发零售
001336.SZ,001336,楚环科技,SZ,主板,2022-07-25,C 制造业
001337.SZ,001337,四川黄金,SZ,主板,2023-03-03,B 采矿业
001338.SZ,001338,永顺泰,SZ,主板,2022-11-16,C 制造业
001339.SZ,001339,智微智能,SZ,主板,2022-08-15,C 制造业
001356.SZ,001356,富岭股份,SZ,主板,2025-01-23,C 制造业
001358.SZ,001358,兴欣新材,SZ,主板,2023-12-21,C 制造业
001359.SZ,001359,平安电工,SZ,主板,2024-03-28,C 制造业
001360.SZ,001360,南矿集团,SZ,主板,2023-04-10,C 制造业
001366.SZ,001366,播恩集团,SZ,主板,2023-03-07,C 制造业
001367.SZ,001367,海森药业,SZ,主板,2023-04-10,C 制造业
001368.SZ,001368,通达创智,SZ,主板,2023-03-13,C 制造业
001369.SZ,001369,双欣材料,SZ,主板,2025-12-30,C 制造业
001373.SZ,001373,翔腾新材,SZ,主板,2023-06-01,C 制造业
001376.SZ,001376,百通能源,SZ,主板,2023-11-03,D 水电煤气
001378.SZ,001378,德冠新材,SZ,主板,2023-10-30,C 制造业
001379.SZ,001379,腾达科技,SZ,主板,2024-01-19,C 制造业
001380.SZ,001380,华纬科技,SZ,主板,2023-05-16,C 制造业
001382.SZ,001382,新亚电缆,SZ,主板,2025-03-21,C 制造业
001386.SZ,001386,马可波罗,SZ,主板,2025-10-22,C 制造业
001387.SZ,001387,雪祺电气,SZ,主板,2024-01-11,C 制造业
001388.SZ,001388,信通电子,SZ,主板,2025-07-01,C 制造业
001389.SZ,001389,广合科技,SZ,主板,2024-04-02,C 制造业
001390.SZ,001390,古麒绒材,SZ,主板,2025-05-29,C 制造业
001391.SZ,001391,国货航,SZ,主板,2024-12-30,G 运输仓储
001395.SZ,001395,亚联机械,SZ,主板,2025-01-27,C 制造业
001396.SZ,001396,誉帆科技,SZ,主板,2025-12-30,M 科研服务
001400.SZ,001400,江顺科技,SZ,主板,2025-04-24,C 制造业
001696.SZ,001696,宗申动力,SZ,主板,1997-03-06,C 制造业
001872.SZ,001872,招商港口,SZ,主板,1993-05-05,G 运输仓储
001896.SZ,001896,豫能控股,SZ,主板,1998-01-22,D 水电煤气
001914.SZ,001914,招商积余,SZ,主板,1994-09-28,K 房地产
001965.SZ,001965,招商公路,SZ,主板,2017-12-25,G 运输仓储
001979.SZ,001979,招商蛇口,SZ,主板,2015-12-30,K 房地产
002001.SZ,002001,新 和 成,SZ,主板,2004-06-25,C 制造业
002003.SZ,002003,伟星股份,SZ,主板,2004-06-25,C 制造业
002004.SZ,002004,华邦健康,SZ,主板,2004-06-25,C 制造业
002005.SZ,002005,ST德豪,SZ,主板,2004-06-25,C 制造业
002006.SZ,002006,精工科技,SZ,主板,2004-06-25,C 制造业
002007.SZ,002007,华兰生物,SZ,主板,2004-06-25,C 制造业
002008.SZ,002008,大族激光,SZ,主板,2004-06-25,C 制造业
002009.SZ,002009,天奇股份,SZ,主板,2004-06-29,C 制造业
002010.SZ,002010,传化智联,SZ,主板,2004-06-29,L 商务服务
002011.SZ,002011,盾安环境,SZ,主板,2004-07-05,C 制造业
002012.SZ,002012,凯恩股份,SZ,主板,2004-07-05,C 制造业
002014.SZ,002014,永新股份,SZ,主板,2004-07-08,C 制造业
002015.SZ,002015,协鑫能科,SZ,主板,2004-07-08,D 水电煤气
002016.SZ,002016,世荣兆业,SZ,主板,2004-07-08,K 房地产
002017.SZ,002017,东信和平,SZ,主板,2004-07-13,C 制造业
002019.SZ,002019,亿帆医药,SZ,主板,2004-07-13,C 制造业
002020.SZ,002020,京新药业,SZ,主板,2004-07-15,C 制造业
002021.SZ,002021,中捷资源,SZ,主板,2004-07-15,C 制造业
002022.SZ,002022,科华生物,SZ,主板,2004-07-21,C 制造业
002023.SZ,002023,海特高新,SZ,主板,2004-07-21,C 制造业
002024.SZ,002024,ST易购,SZ,主板,2004-07-21,F 批发零售
002025.SZ,002025,航天电器,SZ,主板,2004-07-26,C 制造业
002026.SZ,002026,山东威达,SZ,主板,2004-07-27,C 制造业
002027.SZ,002027,分众传媒,SZ,主板,2004-08-04,L 商务服务
002028.SZ,002028,思源电气,SZ,主板,2004-08-05,C 制造业
002029.SZ,002029,七 匹 狼,SZ,主板,2004-08-06,C 制造业
002030.SZ,002030,达安基因,SZ,主板,2004-08-09,C 制造业
002031.SZ,002031,巨轮智能,SZ,主板,2004-08-16,C 制造业
002032.SZ,002032,苏 泊 尔,SZ,主板,2004-08-17,C 制造业
002033.SZ,002033,丽江股份,SZ,主板,2004-08-25,N 公共环保
002034.SZ,002034,旺能环境,SZ,主板,2004-08-26,D 水电煤气
002035.SZ,002035,华帝股份,SZ,主板,2004-09-01,C 制造业
002036.SZ,002036,联创电子,SZ,主板,2004-09-03,C 制造业
002037.SZ,002037,保利联合,SZ,主板,2004-09-08,C 制造业
002038.SZ,002038,双鹭药业,SZ,主板,2004-09-09,C 制造业
002039.SZ,002039,黔源电力,SZ,主板,2005-03-03,D 水电煤气
002040.SZ,002040,南 京 港,SZ,主板,2005-03-25,G 运输仓储
002041.SZ,002041,登海种业,SZ,主板,2005-04-18,A 农林牧渔
002042.SZ,002042,华孚时尚,SZ,主板,2005-04-27,C 制造业
002043.SZ,002043,兔 宝 宝,SZ,主板,2005-05-10,C 制造业
002044.SZ,002044,美年健康,SZ,主板,2005-05-18,Q 卫生
002045.SZ,002045,国光电器,SZ,主板,2005-05-23,C 制造业
002046.SZ,002046,国机精工,SZ,主板,2005-05-26,C 制造业
002047.SZ,002047,*ST宝鹰,SZ,主板,2005-05-31,E 建筑业
002048.SZ,002048,宁波华翔,SZ,主板,2005-06-03,C 制造业
002049.SZ,002049,紫光国微,SZ,主板,2005-06-06,C 制造业
002050.SZ,002050,三花智控,SZ,主板,2005-06-07,C 制造业
002051.SZ,002051,中工国际,SZ,主板,2006-06-19,E 建筑业
002052.SZ,002052,同洲电子,SZ,主板,2006-06-27,C 制造业
002053.SZ,002053,云南能投,SZ,主板,2006-06-27,D 水电煤气
002054.SZ,002054,德美化工,SZ,主板,2006-07-25,C 制造业
002055.SZ,002055,ST得润,SZ,主板,2006-07-25,C 制造业
002056.SZ,002056,横店东磁,SZ,主板,2006-08-02,C 制造业
002057.SZ,002057,中钢天源,SZ,主板,2006-08-02,C 制造业
002058.SZ,002058,*ST威尔,SZ,主板,2006-08-02,C 制造业
002059.SZ,002059,云南旅游,SZ,主板,2006-08-10,N 公共环保
002060.SZ,002060,广东建工,SZ,主板,2006-08-10,E 建筑业
002061.SZ,002061,浙江交科,SZ,主板,2006-08-16,E 建筑业
002062.SZ,002062,宏润建设,SZ,主板,2006-08-16,E 建筑业
002063.SZ,002063,远光软件,SZ,主板,2006-08-23,I 信息技术
002064.SZ,002064,华峰化学,SZ,主板,2006-08-23,C 制造业
002065.SZ,002065,东华软件,SZ,主板,2006-08-23,I 信息技术
002066.SZ,002066,瑞泰科技,SZ,主板,2006-08-23,C 制造业
002067.SZ,002067,景兴纸业,SZ,主板,2006-09-15,C 制造业
002068.SZ,002068,黑猫股份,SZ,主板,2006-09-15,C 制造业
002069.SZ,002069,獐子岛,SZ,主板,2006-09-28,A 农林牧渔
002072.SZ,002072,凯瑞德,SZ,主板,2006-10-18,F 批发零售
002073.SZ,002073,软控股份,SZ,主板,2006-10-18,C 制造业
002074.SZ,002074,国轩高科,SZ,主板,2006-10-18,C 制造业
002075.SZ,002075,沙钢股份,SZ,主板,2006-10-25,C 制造业
002076.SZ,002076,*ST星光,SZ,主板,2006-10-25,C 制造业
002077.SZ,002077,大港股份,SZ,主板,2006-11-16,C 制造业
002078.SZ,002078,太阳纸业,SZ,主板,2006-11-16,C 制造业
002079.SZ,002079,苏州固锝,SZ,主板,2006-11-16,C 制造业
002080.SZ,002080,中材科技,SZ,主板,2006-11-20,C 制造业
002081.SZ,002081,金 螳 螂,SZ,主板,2006-11-20,E 建筑业
002082.SZ,002082,万邦德,SZ,主板,2006-11-20,C 制造业
002083.SZ,002083,孚日股份,SZ,主板,2006-11-24,C 制造业
002084.SZ,002084,海鸥住工,SZ,主板,2006-11-24,C 制造业
002085.SZ,002085,万丰奥威,SZ,主板,2006-11-28,C 制造业
002086.SZ,002086,东方海洋,SZ,主板,2006-11-28,A 农林牧渔
002088.SZ,002088,鲁阳节能,SZ,主板,2006-11-30,C 制造业
002090.SZ,002090,金智科技,SZ,主板,2006-12-08,C 制造业
002091.SZ,002091,江苏国泰,SZ,主板,2006-12-08,F 批发零售
002092.SZ,002092,中泰化学,SZ,主板,2006-12-08,C 制造业
002093.SZ,002093,国脉科技,SZ,主板,2006-12-15,I 信息技术
002094.SZ,002094,青岛金王,SZ,主板,2006-12-15,C 制造业
002095.SZ,002095,生 意 宝,SZ,主板,2006-12-15,I 信息技术
002096.SZ,002096,易普力,SZ,主板,2006-12-22,C 制造业
002097.SZ,002097,山河智能,SZ,主板,2006-12-22,C 制造业
002098.SZ,002098,浔兴股份,SZ,主板,2006-12-22,C 制造业
002099.SZ,002099,海翔药业,SZ,主板,2006-12-26,C 制造业
002100.SZ,002100,天康生物,SZ,主板,2006-12-26,C 制造业
002101.SZ,002101,广东鸿图,SZ,主板,2006-12-29,C 制造业
002102.SZ,002102,ST能特,SZ,主板,2006-12-29,C 制造业
002103.SZ,002103,广博股份,SZ,主板,2007-01-10,C 制造业
002104.SZ,002104,恒宝股份,SZ,主板,2007-01-10,C 制造业
002105.SZ,002105,信隆健康,SZ,主板,2007-01-12,C 制造业
002106.SZ,002106,莱宝高科,SZ,主板,2007-01-12,C 制造业
002107.SZ,002107,沃华医药,SZ,主板,2007-01-24,C 制造业
002108.SZ,002108,沧州明珠,SZ,主板,2007-01-24,C 制造业
002109.SZ,002109,兴化股份,SZ,主板,2007-01-26,C 制造业
002110.SZ,002110,三钢闽光,SZ,主板,2007-01-26,C 制造业
002111.SZ,002111,威海广泰,SZ,主板,2007-01-26,C 制造业
002112.SZ,002112,三变科技,SZ,主板,2007-02-08,C 制造业
002114.SZ,002114,罗平锌电,SZ,主板,2007-02-15,C 制造业
002115.SZ,002115,三维通信,SZ,主板,2007-02-15,L 商务服务
002116.SZ,002116,中国海诚,SZ,主板,2007-02-15,E 建筑业
002117.SZ,002117,东港股份,SZ,主板,2007-03-02,C 制造业
002119.SZ,002119,康强电子,SZ,主板,2007-03-02,C 制造业
002120.SZ,002120,韵达股份,SZ,主板,2007-03-06,G 运输仓储
002121.SZ,002121,科陆电子,SZ,主板,2007-03-06,C 制造业
002122.SZ,002122,ST汇洲,SZ,主板,2007-03-28,C 制造业
002123.SZ,002123,梦网科技,SZ,主板,2007-03-28,I 信息技术
002124.SZ,002124,天邦食品,SZ,主板,2007-04-03,A 农林牧渔
002125.SZ,002125,湘潭电化,SZ,主板,2007-04-03,C 制造业
002126.SZ,002126,银轮股份,SZ,主板,2007-04-18,C 制造业
002127.SZ,002127,南极电商,SZ,主板,2007-04-18,L 商务服务
002128.SZ,002128,电投能源,SZ,主板,2007-04-18,B 采矿业
002129.SZ,002129,TCL中环,SZ,主板,2007-04-20,C 制造业
002130.SZ,002130,沃尔核材,SZ,主板,2007-04-20,C 制造业
002131.SZ,002131,利欧股份,SZ,主板,2007-04-27,L 商务服务
002132.SZ,002132,恒星科技,SZ,主板,2007-04-27,C 制造业
002133.SZ,002133,广宇集团,SZ,主板,2007-04-27,K 房地产
002134.SZ,002134,天津普林,SZ,主板,2007-05-16,C 制造业
002135.SZ,002135,东南网架,SZ,主板,2007-05-30,C 制造业
002136.SZ,002136,安 纳 达,SZ,主板,2007-05-30,C 制造业
002137.SZ,002137,实益达,SZ,主板,2007-06-13,C 制造业
002138.SZ,002138,顺络电子,SZ,主板,2007-06-13,C 制造业
002139.SZ,002139,拓邦股份,SZ,主板,2007-06-29,C 制造业
002140.SZ,002140,东华科技,SZ,主板,2007-07-12,E 建筑业
002141.SZ,002141,贤丰控股,SZ,主板,2007-07-20,C 制造业
002142.SZ,002142,宁波银行,SZ,主板,2007-07-19,J 金融业
002144.SZ,002144,宏达高科,SZ,主板,2007-08-03,C 制造业
002145.SZ,002145,钛能化学,SZ,主板,2007-08-03,C 制造业
002146.SZ,002146,荣盛发展,SZ,主板,2007-08-08,K 房地产
002148.SZ,002148,北纬科技,SZ,主板,2007-08-10,I 信息技术
002149.SZ,002149,西部材料,SZ,主板,2007-08-10,C 制造业
002150.SZ,002150,正泰电源,SZ,主板,2007-08-10,C 制造业
002151.SZ,002151,北斗星通,SZ,主板,2007-08-13,C 制造业
002152.SZ,002152,广电运通,SZ,主板,2007-08-13,C 制造业
002153.SZ,002153,石基信息,SZ,主板,2007-08-13,I 信息技术
002154.SZ,002154,报 喜 鸟,SZ,主板,2007-08-16,C 制造业
002155.SZ,002155,湖南黄金,SZ,主板,2007-08-16,B 采矿业
002156.SZ,002156,通富微电,SZ,主板,2007-08-16,C 制造业
002157.SZ,002157,正邦科技,SZ,主板,2007-08-17,A 农林牧渔
002158.SZ,002158,汉钟精机,SZ,主板,2007-08-17,C 制造业
002159.SZ,002159,三特索道,SZ,主板,2007-08-17,N 公共环保
002160.SZ,002160,常铝股份,SZ,主板,2007-08-21,C 制造业
002161.SZ,002161,远 望 谷,SZ,主板,2007-08-21,C 制造业
002162.SZ,002162,悦心健康,SZ,主板,2007-08-23,C 制造业
002163.SZ,002163,海南发展,SZ,主板,2007-08-23,E 建筑业
002164.SZ,002164,宁波东力,SZ,主板,2007-08-23,C 制造业
002165.SZ,002165,红 宝 丽,SZ,主板,2007-09-13,C 制造业
002166.SZ,002166,莱茵生物,SZ,主板,2007-09-13,C 制造业
002167.SZ,002167,东方锆业,SZ,主板,2007-09-13,C 制造业
002168.SZ,002168,*ST惠程,SZ,主板,2007-09-19,C 制造业
002169.SZ,002169,智光电气,SZ,主板,2007-09-19,C 制造业
002170.SZ,002170,芭田股份,SZ,主板,2007-09-19,C 制造业
002171.SZ,002171,楚江新材,SZ,主板,2007-09-21,C 制造业
002172.SZ,002172,澳洋健康,SZ,主板,2007-09-21,Q 卫生
002173.SZ,002173,创新医疗,SZ,主板,2007-09-25,Q 卫生
002174.SZ,002174,游族网络,SZ,主板,2007-09-25,I 信息技术
002175.SZ,002175,*ST东智,SZ,主板,2007-10-12,C 制造业
002176.SZ,002176,江特电机,SZ,主板,2007-10-12,C 制造业
002177.SZ,002177,御银股份,SZ,主板,2007-11-01,C 制造业
002178.SZ,002178,延华智能,SZ,主板,2007-11-01,I 信息技术
002179.SZ,002179,中航光电,SZ,主板,2007-11-01,C 制造业
002180.SZ,002180,奔图科技,SZ,主板,2007-11-13,C 制造业
002181.SZ,002181,粤 传 媒,SZ,主板,2007-11-16,L 商务服务
002182.SZ,002182,宝武镁业,SZ,主板,2007-11-13,C 制造业
002183.SZ,002183,怡 亚 通,SZ,主板,2007-11-13,L 商务服务
002184.SZ,002184,海得控制,SZ,主板,2007-11-16,C 制造业
002185.SZ,002185,华天科技,SZ,主板,2007-11-20,C 制造业
002186.SZ,002186,全 聚 德,SZ,主板,2007-11-20,H 住宿餐饮
002187.SZ,002187,广百股份,SZ,主板,2007-11-22,F 批发零售
002188.SZ,002188,中天服务,SZ,主板,2007-11-22,K 房地产
002189.SZ,002189,中光学,SZ,主板,2007-12-03,C 制造业
002190.SZ,002190,成飞集成,SZ,主板,2007-12-03,C 制造业
002191.SZ,002191,劲嘉股份,SZ,主板,2007-12-05,C 制造业
002192.SZ,002192,融捷股份,SZ,主板,2007-12-05,B 采矿业
002193.SZ,002193,如意集团,SZ,主板,2007-12-07,C 制造业
002194.SZ,002194,武汉凡谷,SZ,主板,2007-12-07,C 制造业
002195.SZ,002195,岩山科技,SZ,主板,2007-12-12,I 信息技术
002196.SZ,002196,方正电机,SZ,主板,2007-12-12,C 制造业
002197.SZ,002197,证通电子,SZ,主板,2007-12-18,I 信息技术
002198.SZ,002198,嘉应制药,SZ,主板,2007-12-18,C 制造业
002199.SZ,002199,*ST东晶,SZ,主板,2007-12-21,C 制造业
002200.SZ,002200,*ST交投,SZ,主板,2007-12-21,E 建筑业
002201.SZ,002201,九鼎新材,SZ,主板,2007-12-26,C 制造业
002202.SZ,002202,金风科技,SZ,主板,2007-12-26,C 制造业
002203.SZ,002203,海亮股份,SZ,主板,2008-01-16,C 制造业
002204.SZ,002204,大连重工,SZ,主板,2008-01-16,C 制造业
002205.SZ,002205,国统股份,SZ,主板,2008-01-23,C 制造业
002206.SZ,002206,海 利 得,SZ,主板,2008-01-23,C 制造业
002207.SZ,002207,*ST准油,SZ,主板,2008-01-28,B 采矿业
002208.SZ,002208,合肥城建,SZ,主板,2008-01-28,K 房地产
002209.SZ,002209,达 意 隆,SZ,主板,2008-01-30,C 制造业
002210.SZ,002210,飞马国际,SZ,主板,2008-01-30,L 商务服务
002211.SZ,002211,ST宏达,SZ,主板,2008-02-01,C 制造业
002212.SZ,002212,天融信,SZ,主板,2008-02-01,I 信息技术
002213.SZ,002213,大为股份,SZ,主板,2008-02-01,C 制造业
002214.SZ,002214,*ST大立,SZ,主板,2008-02-18,C 制造业
002215.SZ,002215,诺 普 信,SZ,主板,2008-02-18,C 制造业
002216.SZ,002216,三全食品,SZ,主板,2008-02-20,C 制造业
002217.SZ,002217,合力泰,SZ,主板,2008-02-20,C 制造业
002218.SZ,002218,拓日新能,SZ,主板,2008-02-28,C 制造业
002219.SZ,002219,新里程,SZ,主板,2008-03-06,Q 卫生
002221.SZ,002221,东华能源,SZ,主板,2008-03-06,F 批发零售
002222.SZ,002222,福晶科技,SZ,主板,2008-03-19,C 制造业
002223.SZ,002223,鱼跃医疗,SZ,主板,2008-04-18,C 制造业
002224.SZ,002224,三 力 士,SZ,主板,2008-04-25,C 制造业
002225.SZ,002225,濮耐股份,SZ,主板,2008-04-25,C 制造业
002226.SZ,002226,江南化工,SZ,主板,2008-05-06,C 制造业
002227.SZ,002227,*ST特迅,SZ,主板,2008-05-06,C 制造业
002228.SZ,002228,合兴包装,SZ,主板,2008-05-08,C 制造业
002229.SZ,002229,鸿博股份,SZ,主板,2008-05-08,C 制造业
002230.SZ,002230,科大讯飞,SZ,主板,2008-05-12,I 信息技术
002232.SZ,002232,启明信息,SZ,主板,2008-05-09,I 信息技术
002233.SZ,002233,塔牌集团,SZ,主板,2008-05-16,C 制造业
002234.SZ,002234,民和股份,SZ,主板,2008-05-16,A 农林牧渔
002235.SZ,002235,安妮股份,SZ,主板,2008-05-16,C 制造业
002236.SZ,002236,大华股份,SZ,主板,2008-05-20,C 制造业
002237.SZ,002237,恒邦股份,SZ,主板,2008-05-20,C 制造业
002238.SZ,002238,天威视讯,SZ,主板,2008-05-26,I 信息技术
002239.SZ,002239,奥特佳,SZ,主板,2008-05-22,C 制造业
002240.SZ,002240,盛新锂能,SZ,主板,2008-05-23,C 制造业
002241.SZ,002241,歌尔股份,SZ,主板,2008-05-22,C 制造业
002242.SZ,002242,九阳股份,SZ,主板,2008-05-28,C 制造业
002243.SZ,002243,力合科创,SZ,主板,2008-05-28,C 制造业
002244.SZ,002244,滨江集团,SZ,主板,2008-05-29,K 房地产
002245.SZ,002245,蔚蓝锂芯,SZ,主板,2008-06-05,C 制造业
002246.SZ,002246,北化股份,SZ,主板,2008-06-05,C 制造业
002247.SZ,002247,聚力文化,SZ,主板,2008-06-12,C 制造业
002248.SZ,002248,华东数控,SZ,主板,2008-06-12,C 制造业
002249.SZ,002249,大洋电机,SZ,主板,2008-06-19,C 制造业
002250.SZ,002250,联化科技,SZ,主板,2008-06-19,C 制造业
002251.SZ,002251,步步高,SZ,主板,2008-06-19,F 批发零售
002252.SZ,002252,上海莱士,SZ,主板,2008-06-23,C 制造业
002253.SZ,002253,*ST智胜,SZ,主板,2008-06-23,I 信息技术
002254.SZ,002254,泰和新材,SZ,主板,2008-06-25,C 制造业
002255.SZ,002255,海陆重工,SZ,主板,2008-06-25,C 制造业
002256.SZ,002256,兆新股份,SZ,主板,2008-06-25,D 水电煤气
002258.SZ,002258,利尔化学,SZ,主板,2008-07-08,C 制造业
002259.SZ,002259,升达林业,SZ,主板,2008-07-16,D 水电煤气
002261.SZ,002261,拓维信息,SZ,主板,2008-07-23,I 信息技术
002262.SZ,002262,恩华药业,SZ,主板,2008-07-23,C 制造业
002263.SZ,002263,大东南,SZ,主板,2008-07-28,C 制造业
002264.SZ,002264,新 华 都,SZ,主板,2008-07-31,I 信息技术
002265.SZ,002265,建设工业,SZ,主板,2008-08-06,C 制造业
002266.SZ,002266,浙富控股,SZ,主板,2008-08-06,N 公共环保
002267.SZ,002267,陕天然气,SZ,主板,2008-08-13,D 水电煤气
002268.SZ,002268,电科网安,SZ,主板,2008-08-11,I 信息技术
002269.SZ,002269,美邦服饰,SZ,主板,2008-08-28,C 制造业
002270.SZ,002270,华明装备,SZ,主板,2008-09-05,C 制造业
002271.SZ,002271,东方雨虹,SZ,主板,2008-09-10,C 制造业
002272.SZ,002272,川润股份,SZ,主板,2008-09-19,C 制造业
002273.SZ,002273,水晶光电,SZ,主板,2008-09-19,C 制造业
002274.SZ,002274,华昌化工,SZ,主板,2008-09-25,C 制造业
002275.SZ,002275,桂林三金,SZ,主板,2009-07-10,C 制造业
002276.SZ,002276,万马股份,SZ,主板,2009-07-10,C 制造业
002277.SZ,002277,友阿股份,SZ,主板,2009-07-17,F 批发零售
002278.SZ,002278,神开股份,SZ,主板,2009-08-11,C 制造业
002279.SZ,002279,久其软件,SZ,主板,2009-08-11,I 信息技术
002281.SZ,002281,光迅科技,SZ,主板,2009-08-21,C 制造业
002282.SZ,002282,博深股份,SZ,主板,2009-08-21,C 制造业
002283.SZ,002283,天润工业,SZ,主板,2009-08-21,C 制造业
002284.SZ,002284,亚太股份,SZ,主板,2009-08-28,C 制造业
002285.SZ,002285,世联行,SZ,主板,2009-08-28,K 房地产
002286.SZ,002286,保龄宝,SZ,主板,2009-08-28,C 制造业
002287.SZ,002287,奇正藏药,SZ,主板,2009-08-28,C 制造业
002289.SZ,002289,*ST宇顺,SZ,主板,2009-09-03,C 制造业
002290.SZ,002290,禾盛新材,SZ,主板,2009-09-03,C 制造业
002291.SZ,002291,遥望科技,SZ,主板,2009-09-03,I 信息技术
002292.SZ,002292,奥飞娱乐,SZ,主板,2009-09-10,C 制造业
002293.SZ,002293,罗莱生活,SZ,主板,2009-09-10,C 制造业
002294.SZ,002294,信立泰,SZ,主板,2009-09-10,C 制造业
002295.SZ,002295,精艺股份,SZ,主板,2009-09-29,C 制造业
002296.SZ,002296,辉煌科技,SZ,主板,2009-09-29,C 制造业
002297.SZ,002297,博云新材,SZ,主板,2009-09-29,C 制造业
002298.SZ,002298,中电鑫龙,SZ,主板,2009-09-29,C 制造业
002299.SZ,002299,圣农发展,SZ,主板,2009-10-21,C 制造业
002300.SZ,002300,太阳电缆,SZ,主板,2009-10-21,C 制造业
002301.SZ,002301,齐心集团,SZ,主板,2009-10-21,C 制造业
002302.SZ,002302,西部建设,SZ,主板,2009-11-03,C 制造业
002303.SZ,002303,美盈森,SZ,主板,2009-11-03,C 制造业
002304.SZ,002304,洋河股份,SZ,主板,2009-11-06,C 制造业
002305.SZ,002305,*ST南置,SZ,主板,2009-11-06,K 房地产
002306.SZ,002306,*ST云网,SZ,主板,2009-11-11,H 住宿餐饮
002307.SZ,002307,北新路桥,SZ,主板,2009-11-11,E 建筑业
002309.SZ,002309,中利集团,SZ,主板,2009-11-27,C 制造业
002310.SZ,002310,东方新能,SZ,主板,2009-11-27,D 水电煤气
002311.SZ,002311,海大集团,SZ,主板,2009-11-27,C 制造业
002312.SZ,002312,川发龙蟒,SZ,主板,2009-12-03,C 制造业
002313.SZ,002313,日海智能,SZ,主板,2009-12-03,C 制造业
002314.SZ,002314,南山控股,SZ,主板,2009-12-03,K 房地产
002315.SZ,002315,焦点科技,SZ,主板,2009-12-09,I 信息技术
002316.SZ,002316,亚联发展,SZ,主板,2009-12-09,I 信息技术
002317.SZ,002317,众生药业,SZ,主板,2009-12-11,C 制造业
002318.SZ,002318,久立特材,SZ,主板,2009-12-11,C 制造业
002319.SZ,002319,乐通股份,SZ,主板,2009-12-11,C 制造业
002320.SZ,002320,海峡股份,SZ,主板,2009-12-16,G 运输仓储
002321.SZ,002321,华英农业,SZ,主板,2009-12-16,A 农林牧渔
002322.SZ,002322,理工能科,SZ,主板,2009-12-18,I 信息技术
002323.SZ,002323,*ST雅博,SZ,主板,2009-12-18,E 建筑业
002324.SZ,002324,普利特,SZ,主板,2009-12-18,C 制造业
002326.SZ,002326,永太科技,SZ,主板,2009-12-22,C 制造业
002327.SZ,002327,富安娜,SZ,主板,2009-12-30,C 制造业
002328.SZ,002328,新朋股份,SZ,主板,2009-12-30,C 制造业
002329.SZ,002329,皇氏集团,SZ,主板,2010-01-06,C 制造业
002330.SZ,002330,得利斯,SZ,主板,2010-01-06,C 制造业
002331.SZ,002331,皖通科技,SZ,主板,2010-01-06,I 信息技术
002332.SZ,002332,仙琚制药,SZ,主板,2010-01-12,C 制造业
002333.SZ,002333,罗普斯金,SZ,主板,2010-01-12,C 制造业
002334.SZ,002334,英威腾,SZ,主板,2010-01-13,C 制造业
002335.SZ,002335,科华数据,SZ,主板,2010-01-13,C 制造业
002337.SZ,002337,赛象科技,SZ,主板,2010-01-15,C 制造业
002338.SZ,002338,奥普光电,SZ,主板,2010-01-15,C 制造业
002339.SZ,002339,积成电子,SZ,主板,2010-01-22,C 制造业
002340.SZ,002340,格林美,SZ,主板,2010-01-22,C 制造业
002342.SZ,002342,巨力索具,SZ,主板,2010-01-26,C 制造业
002343.SZ,002343,慈文传媒,SZ,主板,2010-01-26,R 文化传播
002344.SZ,002344,海宁皮城,SZ,主板,2010-01-26,L 商务服务
002345.SZ,002345,潮宏基,SZ,主板,2010-01-28,C 制造业
002346.SZ,002346,柘中股份,SZ,主板,2010-01-28,C 制造业
002347.SZ,002347,泰尔股份,SZ,主板,2010-01-28,C 制造业
002348.SZ,002348,高乐股份,SZ,主板,2010-02-03,C 制造业
002349.SZ,002349,精华制药,SZ,主板,2010-02-03,C 制造业
002350.SZ,002350,北京科锐,SZ,主板,2010-02-03,C 制造业
002351.SZ,002351,漫步者,SZ,主板,2010-02-05,C 制造业
002352.SZ,002352,顺丰控股,SZ,主板,2010-02-05,G 运输仓储
002353.SZ,002353,杰瑞股份,SZ,主板,2010-02-05,C 制造业
002354.SZ,002354,天娱数科,SZ,主板,2010-02-09,I 信息技术
002355.SZ,002355,兴民智通,SZ,主板,2010-02-09,C 制造业
002356.SZ,002356,赫美集团,SZ,主板,2010-02-09,F 批发零售
002357.SZ,002357,富临运业,SZ,主板,2010-02-10,G 运输仓储
002358.SZ,002358,森源电气,SZ,主板,2010-02-10,C 制造业
002360.SZ,002360,ST同德,SZ,主板,2010-03-03,C 制造业
002361.SZ,002361,神剑股份,SZ,主板,2010-03-03,C 制造业
002362.SZ,002362,汉王科技,SZ,主板,2010-03-03,C 制造业
002363.SZ,002363,隆基机械,SZ,主板,2010-03-05,C 制造业
002364.SZ,002364,中恒电气,SZ,主板,2010-03-05,C 制造业
002365.SZ,002365,永安药业,SZ,主板,2010-03-05,C 制造业
002366.SZ,002366,融发核电,SZ,主板,2010-03-12,C 制造业
002367.SZ,002367,康力电梯,SZ,主板,2010-03-12,C 制造业
002368.SZ,002368,太极股份,SZ,主板,2010-03-12,I 信息技术
002369.SZ,002369,卓翼科技,SZ,主板,2010-03-16,C 制造业
002370.SZ,002370,亚太药业,SZ,主板,2010-03-16,C 制造业
002371.SZ,002371,北方华创,SZ,主板,2010-03-16,C 制造业
002372.SZ,002372,伟星新材,SZ,主板,2010-03-18,C 制造业
002373.SZ,002373,千方科技,SZ,主板,2010-03-18,I 信息技术
002374.SZ,002374,中锐股份,SZ,主板,2010-03-18,C 制造业
002375.SZ,002375,亚厦股份,SZ,主板,2010-03-23,E 建筑业
002376.SZ,002376,新北洋,SZ,主板,2010-03-23,C 制造业
002377.SZ,002377,国创高新,SZ,主板,2010-03-23,C 制造业
002378.SZ,002378,章源钨业,SZ,主板,2010-03-31,C 制造业
002379.SZ,002379,宏桥控股,SZ,主板,2010-03-31,C 制造业
002380.SZ,002380,科远智慧,SZ,主板,2010-03-31,I 信息技术
002381.SZ,002381,双箭股份,SZ,主板,2010-04-02,C 制造业
002382.SZ,002382,蓝帆医疗,SZ,主板,2010-04-02,C 制造业
002383.SZ,002383,合众思壮,SZ,主板,2010-04-02,C 制造业
002384.SZ,002384,东山精密,SZ,主板,2010-04-09,C 制造业
002385.SZ,002385,大北农,SZ,主板,2010-04-09,C 制造业
002386.SZ,002386,天原股份,SZ,主板,2010-04-09,C 制造业
002387.SZ,002387,维信诺,SZ,主板,2010-04-13,C 制造业
002388.SZ,002388,新亚制程,SZ,主板,2010-04-13,C 制造业
002389.SZ,002389,航天彩虹,SZ,主板,2010-04-13,C 制造业
002390.SZ,002390,信邦制药,SZ,主板,2010-04-16,F 批发零售
002391.SZ,002391,长青股份,SZ,主板,2010-04-16,C 制造业
002392.SZ,002392,北京利尔,SZ,主板,2010-04-23,C 制造业
002393.SZ,002393,力生制药,SZ,主板,2010-04-23,C 制造业
002394.SZ,002394,联发股份,SZ,主板,2010-04-23,C 制造业
002395.SZ,002395,双象股份,SZ,主板,2010-04-29,C 制造业
002396.SZ,002396,星网锐捷,SZ,主板,2010-06-23,C 制造业
002397.SZ,002397,梦洁股份,SZ,主板,2010-04-29,C 制造业
002398.SZ,002398,垒知集团,SZ,主板,2010-05-06,C 制造业
002399.SZ,002399,海普瑞,SZ,主板,2010-05-06,C 制造业
002400.SZ,002400,省广集团,SZ,主板,2010-05-06,L 商务服务
002401.SZ,002401,中远海科,SZ,主板,2010-05-06,I 信息技术
002402.SZ,002402,和而泰,SZ,主板,2010-05-11,C 制造业
002403.SZ,002403,爱仕达,SZ,主板,2010-05-11,C 制造业
002404.SZ,002404,嘉欣丝绸,SZ,主板,2010-05-11,C 制造业
002405.SZ,002405,四维图新,SZ,主板,2010-05-18,I 信息技术
002406.SZ,002406,远东传动,SZ,主板,2010-05-18,C 制造业
002407.SZ,002407,多氟多,SZ,主板,2010-05-18,C 制造业
002408.SZ,002408,齐翔腾达,SZ,主板,2010-05-18,C 制造业
002409.SZ,002409,雅克科技,SZ,主板,2010-05-25,C 制造业
002410.SZ,002410,广联达,SZ,主板,2010-05-25,I 信息技术
002412.SZ,002412,汉森制药,SZ,主板,2010-05-25,C 制造业
002413.SZ,002413,雷科防务,SZ,主板,2010-05-28,C 制造业
002414.SZ,002414,高德红外,SZ,主板,2010-07-16,C 制造业
002415.SZ,002415,海康威视,SZ,主板,2010-05-28,C 制造业
002416.SZ,002416,爱施德,SZ,主板,2010-05-28,F 批发零售
002418.SZ,002418,康盛股份,SZ,主板,2010-06-01,C 制造业
002419.SZ,002419,天虹股份,SZ,主板,2010-06-01,F 批发零售
002420.SZ,002420,毅昌科技,SZ,主板,2010-06-01,C 制造业
002421.SZ,002421,达实智能,SZ,主板,2010-06-03,I 信息技术
002422.SZ,002422,科伦药业,SZ,主板,2010-06-03,C 制造业
002423.SZ,002423,中粮资本,SZ,主板,2010-06-03,J 金融业
002424.SZ,002424,ST百灵,SZ,主板,2010-06-03,C 制造业
002425.SZ,002425,凯撒文化,SZ,主板,2010-06-08,I 信息技术
002426.SZ,002426,胜利精密,SZ,主板,2010-06-08,C 制造业
002427.SZ,002427,尤夫股份,SZ,主板,2010-06-08,C 制造业
002428.SZ,002428,云南锗业,SZ,主板,2010-06-08,C 制造业
002429.SZ,002429,兆驰股份,SZ,主板,2010-06-10,C 制造业
002430.SZ,002430,杭氧股份,SZ,主板,2010-06-10,C 制造业
002431.SZ,002431,ST棕榈,SZ,主板,2010-06-10,E 建筑业
002432.SZ,002432,九安医疗,SZ,主板,2010-06-10,C 制造业
002434.SZ,002434,万里扬,SZ,主板,2010-06-18,C 制造业
002436.SZ,002436,兴森科技,SZ,主板,2010-06-18,C 制造业
002437.SZ,002437,誉衡药业,SZ,主板,2010-06-23,C 制造业
002438.SZ,002438,江苏神通,SZ,主板,2010-06-23,C 制造业
002439.SZ,002439,启明星辰,SZ,主板,2010-06-23,I 信息技术
002440.SZ,002440,闰土股份,SZ,主板,2010-07-06,C 制造业
002441.SZ,002441,众业达,SZ,主板,2010-07-06,F 批发零售
002442.SZ,002442,龙星科技,SZ,主板,2010-07-06,C 制造业
002443.SZ,002443,金洲管道,SZ,主板,2010-07-06,C 制造业
002444.SZ,002444,巨星科技,SZ,主板,2010-07-13,C 制造业
002445.SZ,002445,中南文化,SZ,主板,2010-07-13,C 制造业
002446.SZ,002446,盛路通信,SZ,主板,2010-07-13,C 制造业
002448.SZ,002448,中原内配,SZ,主板,2010-07-16,C 制造业
002449.SZ,002449,国星光电,SZ,主板,2010-07-16,C 制造业
002451.SZ,002451,摩恩电气,SZ,主板,2010-07-20,C 制造业
002452.SZ,002452,长高电新,SZ,主板,2010-07-20,C 制造业
002453.SZ,002453,华软科技,SZ,主板,2010-07-20,C 制造业
002454.SZ,002454,松芝股份,SZ,主板,2010-07-20,C 制造业
002455.SZ,002455,百川股份,SZ,主板,2010-08-03,C 制造业
002456.SZ,002456,欧菲光,SZ,主板,2010-08-03,C 制造业
002457.SZ,002457,青龙管业,SZ,主板,2010-08-03,C 制造业
002458.SZ,002458,益生股份,SZ,主板,2010-08-10,A 农林牧渔
002459.SZ,002459,晶澳科技,SZ,主板,2010-08-10,C 制造业
002460.SZ,002460,赣锋锂业,SZ,主板,2010-08-10,C 制造业
002461.SZ,002461,珠江啤酒,SZ,主板,2010-08-18,C 制造业
002462.SZ,002462,嘉事堂,SZ,主板,2010-08-18,F 批发零售
002463.SZ,002463,沪电股份,SZ,主板,2010-08-18,C 制造业
002465.SZ,002465,海格通信,SZ,主板,2010-08-31,C 制造业
002466.SZ,002466,天齐锂业,SZ,主板,2010-08-31,C 制造业
002467.SZ,002467,二六三,SZ,主板,2010-09-08,I 信息技术
002468.SZ,002468,申通快递,SZ,主板,2010-09-08,G 运输仓储
002469.SZ,002469,三维化学,SZ,主板,2010-09-08,C 制造业
002470.SZ,002470,金正大,SZ,主板,2010-09-08,C 制造业
002471.SZ,002471,中超控股,SZ,主板,2010-09-10,C 制造业
002472.SZ,002472,双环传动,SZ,主板,2010-09-10,C 制造业
002474.SZ,002474,榕基软件,SZ,主板,2010-09-15,I 信息技术
002475.SZ,002475,立讯精密,SZ,主板,2010-09-15,C 制造业
002476.SZ,002476,宝莫股份,SZ,主板,2010-09-15,C 制造业
002478.SZ,002478,常宝股份,SZ,主板,2010-09-21,C 制造业
002479.SZ,002479,富春环保,SZ,主板,2010-09-21,D 水电煤气
002480.SZ,002480,新筑股份,SZ,主板,2010-09-21,C 制造业
002481.SZ,002481,双塔食品,SZ,主板,2010-09-21,C 制造业
002482.SZ,002482,广田集团,SZ,主板,2010-09-29,E 建筑业
002483.SZ,002483,润邦股份,SZ,主板,2010-09-29,C 制造业
002484.SZ,002484,江海股份,SZ,主板,2010-09-29,C 制造业
002485.SZ,002485,ST雪发,SZ,主板,2010-10-15,L 商务服务
002486.SZ,002486,嘉麟杰,SZ,主板,2010-10-15,C 制造业
002487.SZ,002487,大金重工,SZ,主板,2010-10-15,C 制造业
002488.SZ,002488,金固股份,SZ,主板,2010-10-21,C 制造业
002489.SZ,002489,浙江永强,SZ,主板,2010-10-21,C 制造业
002490.SZ,002490,山东墨龙,SZ,主板,2010-10-21,C 制造业
002491.SZ,002491,通鼎互联,SZ,主板,2010-10-21,C 制造业
002492.SZ,002492,恒基达鑫,SZ,主板,2010-11-02,G 运输仓储
002493.SZ,002493,荣盛石化,SZ,主板,2010-11-02,C 制造业
002494.SZ,002494,华斯股份,SZ,主板,2010-11-02,C 制造业
002495.SZ,002495,佳隆股份,SZ,主板,2010-11-02,C 制造业
002496.SZ,002496,*ST辉丰,SZ,主板,2010-11-09,C 制造业
002497.SZ,002497,雅化集团,SZ,主板,2010-11-09,C 制造业
002498.SZ,002498,汉缆股份,SZ,主板,2010-11-09,C 制造业
002500.SZ,002500,山西证券,SZ,主板,2010-11-15,J 金融业
002501.SZ,002501,*ST利源,SZ,主板,2010-11-17,C 制造业
002506.SZ,002506,协鑫集成,SZ,主板,2010-11-18,C 制造业
002507.SZ,002507,涪陵榨菜,SZ,主板,2010-11-23,C 制造业
002508.SZ,002508,老板电器,SZ,主板,2010-11-23,C 制造业
002510.SZ,002510,天汽模,SZ,主板,2010-11-25,C 制造业
002511.SZ,002511,中顺洁柔,SZ,主板,2010-11-25,C 制造业
002512.SZ,002512,ST达华,SZ,主板,2010-12-03,C 制造业
002513.SZ,002513,蓝丰生化,SZ,主板,2010-12-03,C 制造业
002514.SZ,002514,宝馨科技,SZ,主板,2010-12-03,C 制造业
002515.SZ,002515,金字火腿,SZ,主板,2010-12-03,C 制造业
002516.SZ,002516,旷达科技,SZ,主板,2010-12-07,C 制造业
002517.SZ,002517,恺英网络,SZ,主板,2010-12-07,I 信息技术
002518.SZ,002518,科士达,SZ,主板,2010-12-07,C 制造业
002519.SZ,002519,银河电子,SZ,主板,2010-12-07,C 制造业
002520.SZ,002520,日发精机,SZ,主板,2010-12-10,C 制造业
002521.SZ,002521,齐峰新材,SZ,主板,2010-12-10,C 制造业
002522.SZ,002522,浙江众成,SZ,主板,2010-12-10,C 制造业
002523.SZ,002523,天桥起重,SZ,主板,2010-12-10,C 制造业
002524.SZ,002524,光正眼科,SZ,主板,2010-12-17,Q 卫生
002526.SZ,002526,山东矿机,SZ,主板,2010-12-17,C 制造业
002527.SZ,002527,新时达,SZ,主板,2010-12-24,C 制造业
002528.SZ,002528,*ST英飞,SZ,主板,2010-12-24,C 制造业
002529.SZ,002529,*ST海源,SZ,主板,2010-12-24,C 制造业
002530.SZ,002530,金财互联,SZ,主板,2010-12-31,C 制造业
002531.SZ,002531,天顺风能,SZ,主板,2010-12-31,C 制造业
002532.SZ,002532,天山铝业,SZ,主板,2010-12-31,C 制造业
002533.SZ,002533,金杯电工,SZ,主板,2010-12-31,C 制造业
002534.SZ,002534,西子洁能,SZ,主板,2011-01-10,C 制造业
002535.SZ,002535,林州重机,SZ,主板,2011-01-11,C 制造业
002536.SZ,002536,飞龙股份,SZ,主板,2011-01-11,C 制造业
002537.SZ,002537,海联金汇,SZ,主板,2011-01-10,C 制造业
002538.SZ,002538,ST司特,SZ,主板,2011-01-18,C 制造业
002539.SZ,002539,云图控股,SZ,主板,2011-01-18,C 制造业
002540.SZ,002540,亚太科技,SZ,主板,2011-01-18,C 制造业
002541.SZ,002541,鸿路钢构,SZ,主板,2011-01-18,C 制造业
002542.SZ,002542,*ST中岩,SZ,主板,2011-01-28,E 建筑业
002543.SZ,002543,万和电气,SZ,主板,2011-01-28,C 制造业
002544.SZ,002544,普天科技,SZ,主板,2011-01-28,I 信息技术
002545.SZ,002545,东方铁塔,SZ,主板,2011-02-11,C 制造业
002546.SZ,002546,新联电子,SZ,主板,2011-02-11,C 制造业
002547.SZ,002547,*ST春兴,SZ,主板,2011-02-18,C 制造业
002548.SZ,002548,金新农,SZ,主板,2011-02-18,C 制造业
002549.SZ,002549,凯美特气,SZ,主板,2011-02-18,N 公共环保
002550.SZ,002550,千红制药,SZ,主板,2011-02-18,C 制造业
002551.SZ,002551,尚荣医疗,SZ,主板,2011-02-25,C 制造业
002552.SZ,002552,宝鼎科技,SZ,主板,2011-02-25,C 制造业
002553.SZ,002553,南方精工,SZ,主板,2011-02-25,C 制造业
002554.SZ,002554,惠博普,SZ,主板,2011-02-25,B 采矿业
002555.SZ,002555,三七互娱,SZ,主板,2011-03-02,I 信息技术
002556.SZ,002556,辉隆股份,SZ,主板,2011-03-02,F 批发零售
002557.SZ,002557,洽洽食品,SZ,主板,2011-03-02,C 制造业
002558.SZ,002558,巨人网络,SZ,主板,2011-03-02,I 信息技术
002559.SZ,002559,亚威股份,SZ,主板,2011-03-03,C 制造业
002560.SZ,002560,通达股份,SZ,主板,2011-03-03,C 制造业
002561.SZ,002561,徐家汇,SZ,主板,2011-03-03,F 批发零售
002562.SZ,002562,兄弟科技,SZ,主板,2011-03-10,C 制造业
002563.SZ,002563,森马服饰,SZ,主板,2011-03-11,C 制造业
002564.SZ,002564,天沃科技,SZ,主板,2011-03-10,C 制造业
002565.SZ,002565,顺灏股份,SZ,主板,2011-03-18,C 制造业
002566.SZ,002566,益盛药业,SZ,主板,2011-03-18,C 制造业
002567.SZ,002567,唐人神,SZ,主板,2011-03-25,C 制造业
002568.SZ,002568,百润股份,SZ,主板,2011-03-25,C 制造业
002569.SZ,002569,*ST步森,SZ,主板,2011-04-12,C 制造业
002570.SZ,002570,贝因美,SZ,主板,2011-04-12,C 制造业
002571.SZ,002571,德力股份,SZ,主板,2011-04-12,C 制造业
002572.SZ,002572,索菲亚,SZ,主板,2011-04-12,C 制造业
002573.SZ,002573,清新环境,SZ,主板,2011-04-22,N 公共环保
002574.SZ,002574,明牌珠宝,SZ,主板,2011-04-22,C 制造业
002575.SZ,002575,群兴玩具,SZ,主板,2011-04-22,F 批发零售
002576.SZ,002576,通达动力,SZ,主板,2011-04-28,C 制造业
002577.SZ,002577,雷柏科技,SZ,主板,2011-04-28,C 制造业
002578.SZ,002578,闽发铝业,SZ,主板,2011-04-28,C 制造业
002579.SZ,002579,中京电子,SZ,主板,2011-05-06,C 制造业
002580.SZ,002580,圣阳股份,SZ,主板,2011-05-06,C 制造业
002581.SZ,002581,*ST未名,SZ,主板,2011-05-20,C 制造业
002582.SZ,002582,好想你,SZ,主板,2011-05-20,C 制造业
002583.SZ,002583,海能达,SZ,主板,2011-05-27,C 制造业
002584.SZ,002584,西陇科学,SZ,主板,2011-06-02,C 制造业
002585.SZ,002585,双星新材,SZ,主板,2011-06-02,C 制造业
002586.SZ,002586,ST围海,SZ,主板,2011-06-02,E 建筑业
002587.SZ,002587,奥拓电子,SZ,主板,2011-06-10,C 制造业
002588.SZ,002588,史丹利,SZ,主板,2011-06-10,C 制造业
002589.SZ,002589,瑞康医药,SZ,主板,2011-06-10,F 批发零售
002590.SZ,002590,万安科技,SZ,主板,2011-06-10,C 制造业
002591.SZ,002591,恒大高新,SZ,主板,2011-06-21,C 制造业
002592.SZ,002592,ST八菱,SZ,主板,2011-11-11,C 制造业
002593.SZ,002593,日上集团,SZ,主板,2011-06-28,C 制造业
002594.SZ,002594,比亚迪,SZ,主板,2011-06-30,C 制造业
002595.SZ,002595,豪迈科技,SZ,主板,2011-06-28,C 制造业
002596.SZ,002596,海南瑞泽,SZ,主板,2011-07-07,C 制造业
002597.SZ,002597,金禾实业,SZ,主板,2011-07-07,C 制造业
002598.SZ,002598,ST章鼓,SZ,主板,2011-07-07,C 制造业
002599.SZ,002599,盛通股份,SZ,主板,2011-07-15,C 制造业
002600.SZ,002600,领益智造,SZ,主板,2011-07-15,C 制造业
002601.SZ,002601,龙佰集团,SZ,主板,2011-07-15,C 制造业
002602.SZ,002602,世纪华通,SZ,主板,2011-07-28,I 信息技术
002603.SZ,002603,以岭药业,SZ,主板,2011-07-28,C 制造业
002605.SZ,002605,姚记科技,SZ,主板,2011-08-05,I 信息技术
002606.SZ,002606,大连电瓷,SZ,主板,2011-08-05,C 制造业
002607.SZ,002607,中公教育,SZ,主板,2011-08-10,P 教育
002608.SZ,002608,江苏国信,SZ,主板,2011-08-10,D 水电煤气
002609.SZ,002609,捷顺科技,SZ,主板,2011-08-15,I 信息技术
002611.SZ,002611,东方精工,SZ,主板,2011-08-30,C 制造业
002612.SZ,002612,朗姿股份,SZ,主板,2011-08-30,C 制造业
002613.SZ,002613,北玻股份,SZ,主板,2011-08-30,C 制造业
002614.SZ,002614,奥佳华,SZ,主板,2011-09-09,C 制造业
002615.SZ,002615,哈尔斯,SZ,主板,2011-09-09,C 制造业
002616.SZ,002616,长青集团,SZ,主板,2011-09-20,N 公共环保
002617.SZ,002617,露笑科技,SZ,主板,2011-09-20,C 制造业
002620.SZ,002620,*ST瑞和,SZ,主板,2011-09-29,E 建筑业
002622.SZ,002622,皓宸医疗,SZ,主板,2011-10-18,Q 卫生
002623.SZ,002623,亚玛顿,SZ,主板,2011-10-13,C 制造业
002624.SZ,002624,完美世界,SZ,主板,2011-10-28,I 信息技术
002625.SZ,002625,光启技术,SZ,主板,2011-11-03,C 制造业
002626.SZ,002626,金达威,SZ,主板,2011-10-28,C 制造业
002627.SZ,002627,三峡旅游,SZ,主板,2011-11-03,N 公共环保
002628.SZ,002628,成都路桥,SZ,主板,2011-11-03,E 建筑业
002629.SZ,002629,仁智股份,SZ,主板,2011-11-03,B 采矿业
002630.SZ,002630,*ST华西,SZ,主板,2011-11-11,C 制造业
002631.SZ,002631,德尔未来,SZ,主板,2011-11-11,C 制造业
002632.SZ,002632,道明光学,SZ,主板,2011-11-22,C 制造业
002633.SZ,002633,申科股份,SZ,主板,2011-11-22,C 制造业
002634.SZ,002634,*ST棒杰,SZ,主板,2011-12-05,C 制造业
002635.SZ,002635,安洁科技,SZ,主板,2011-11-25,C 制造业
002636.SZ,002636,金安国纪,SZ,主板,2011-11-25,C 制造业
002637.SZ,002637,赞宇科技,SZ,主板,2011-11-25,C 制造业
002638.SZ,002638,勤上股份,SZ,主板,2011-11-25,C 制造业
002639.SZ,002639,雪人集团,SZ,主板,2011-12-05,C 制造业
002640.SZ,002640,跨境通,SZ,主板,2011-12-08,F 批发零售
002641.SZ,002641,公元股份,SZ,主板,2011-12-08,C 制造业
002642.SZ,002642,荣联科技,SZ,主板,2011-12-20,I 信息技术
002643.SZ,002643,万润股份,SZ,主板,2011-12-20,C 制造业
002644.SZ,002644,佛慈制药,SZ,主板,2011-12-22,C 制造业
002645.SZ,002645,华宏科技,SZ,主板,2011-12-20,C 制造业
002646.SZ,002646,天佑德酒,SZ,主板,2011-12-22,C 制造业
002647.SZ,002647,仁东控股,SZ,主板,2011-12-28,J 金融业
002648.SZ,002648,卫星化学,SZ,主板,2011-12-28,C 制造业
002649.SZ,002649,博彦科技,SZ,主板,2012-01-06,I 信息技术
002650.SZ,002650,ST加加,SZ,主板,2012-01-06,C 制造业
002651.SZ,002651,利君股份,SZ,主板,2012-01-06,C 制造业
002652.SZ,002652,扬子新材,SZ,主板,2012-01-19,C 制造业
002653.SZ,002653,海思科,SZ,主板,2012-01-17,C 制造业
002654.SZ,002654,万润科技,SZ,主板,2012-02-17,L 商务服务
002655.SZ,002655,共达电声,SZ,主板,2012-02-17,C 制造业
002656.SZ,002656,*ST摩登,SZ,主板,2012-02-28,C 制造业
002657.SZ,002657,中科金财,SZ,主板,2012-02-28,I 信息技术
002658.SZ,002658,雪迪龙,SZ,主板,2012-03-09,C 制造业
002659.SZ,002659,凯文教育,SZ,主板,2012-03-09,P 教育
002660.SZ,002660,茂硕电源,SZ,主板,2012-03-16,C 制造业
002661.SZ,002661,克明食品,SZ,主板,2012-03-16,C 制造业
002662.SZ,002662,峰璟股份,SZ,主板,2012-03-09,C 制造业
002663.SZ,002663,普邦股份,SZ,主板,2012-03-16,E 建筑业
002664.SZ,002664,信质集团,SZ,主板,2012-03-16,C 制造业
002666.SZ,002666,德联集团,SZ,主板,2012-03-27,C 制造业
002667.SZ,002667,威领股份,SZ,主板,2012-03-29,C 制造业
002668.SZ,002668,TCL智家,SZ,主板,2012-04-16,C 制造业
002669.SZ,002669,康达新材,SZ,主板,2012-04-16,C 制造业
002670.SZ,002670,国盛证券,SZ,主板,2012-04-16,J 金融业
002671.SZ,002671,龙泉股份,SZ,主板,2012-04-26,C 制造业
002672.SZ,002672,东江环保,SZ,主板,2012-04-26,C 制造业
002673.SZ,002673,西部证券,SZ,主板,2012-05-03,J 金融业
002674.SZ,002674,兴业科技,SZ,主板,2012-05-07,C 制造业
002675.SZ,002675,东诚药业,SZ,主板,2012-05-25,C 制造业
002676.SZ,002676,顺威股份,SZ,主板,2012-05-25,C 制造业
002677.SZ,002677,浙江美大,SZ,主板,2012-05-25,C 制造业
002678.SZ,002678,珠江钢琴,SZ,主板,2012-05-30,C 制造业
002679.SZ,002679,福建金森,SZ,主板,2012-06-05,A 农林牧渔
002681.SZ,002681,奋达科技,SZ,主板,2012-06-05,C 制造业
002682.SZ,002682,龙洲股份,SZ,主板,2012-06-12,G 运输仓储
002683.SZ,002683,广东宏大,SZ,主板,2012-06-12,B 采矿业
002685.SZ,002685,华东重机,SZ,主板,2012-06-12,C 制造业
002686.SZ,002686,亿利达,SZ,主板,2012-07-03,C 制造业
002687.SZ,002687,乔治白,SZ,主板,2012-07-13,C 制造业
002688.SZ,002688,金河生物,SZ,主板,2012-07-13,C 制造业
002689.SZ,002689,ST远智,SZ,主板,2012-07-17,C 制造业
002690.SZ,002690,美亚光电,SZ,主板,2012-07-31,C 制造业
002691.SZ,002691,*ST冀凯,SZ,主板,2012-07-31,C 制造业
002692.SZ,002692,远程股份,SZ,主板,2012-08-08,C 制造业
002693.SZ,002693,*ST双成,SZ,主板,2012-08-08,C 制造业
002694.SZ,002694,*ST顾地,SZ,主板,2012-08-16,C 制造业
002695.SZ,002695,煌上煌,SZ,主板,2012-09-05,C 制造业
002696.SZ,002696,百洋股份,SZ,主板,2012-09-05,C 制造业
002697.SZ,002697,红旗连锁,SZ,主板,2012-09-05,F 批发零售
002698.SZ,002698,博实股份,SZ,主板,2012-09-11,C 制造业
002700.SZ,002700,万憬能源,SZ,主板,2012-09-21,D 水电煤气
002701.SZ,002701,奥瑞金,SZ,主板,2012-10-11,C 制造业
002702.SZ,002702,海欣食品,SZ,主板,2012-10-11,C 制造业
002703.SZ,002703,浙江世宝,SZ,主板,2012-11-02,C 制造业
002705.SZ,002705,新宝股份,SZ,主板,2014-01-21,C 制造业
002706.SZ,002706,良信股份,SZ,主板,2014-01-21,C 制造业
002707.SZ,002707,众信旅游,SZ,主板,2014-01-23,L 商务服务
002708.SZ,002708,光洋股份,SZ,主板,2014-01-21,C 制造业
002709.SZ,002709,天赐材料,SZ,主板,2014-01-23,C 制造业
002712.SZ,002712,思美传媒,SZ,主板,2014-01-23,L 商务服务
002713.SZ,002713,*ST东易,SZ,主板,2014-02-19,E 建筑业
002714.SZ,002714,牧原股份,SZ,主板,2014-01-28,A 农林牧渔
002715.SZ,002715,登云股份,SZ,主板,2014-02-19,C 制造业
002716.SZ,002716,湖南白银,SZ,主板,2014-01-28,C 制造业
002717.SZ,002717,*ST岭南,SZ,主板,2014-02-19,N 公共环保
002718.SZ,002718,友邦吊顶,SZ,主板,2014-01-28,C 制造业
002719.SZ,002719,ST麦趣,SZ,主板,2014-01-28,C 制造业
002721.SZ,002721,金一文化,SZ,主板,2014-01-27,C 制造业
002722.SZ,002722,物产金轮,SZ,主板,2014-01-28,C 制造业
002723.SZ,002723,小崧股份,SZ,主板,2014-01-29,C 制造业
002724.SZ,002724,海洋王,SZ,主板,2014-11-04,C 制造业
002725.SZ,002725,跃岭股份,SZ,主板,2014-01-29,C 制造业
002726.SZ,002726,ST龙大,SZ,主板,2014-06-26,C 制造业
002727.SZ,002727,一心堂,SZ,主板,2014-07-02,F 批发零售
002728.SZ,002728,特一药业,SZ,主板,2014-07-31,C 制造业
002729.SZ,002729,好利科技,SZ,主板,2014-09-12,C 制造业
002730.SZ,002730,电光科技,SZ,主板,2014-10-09,C 制造业
002731.SZ,002731,ST萃华,SZ,主板,2014-11-04,C 制造业
002732.SZ,002732,燕塘乳业,SZ,主板,2014-12-05,C 制造业
002733.SZ,002733,雄韬股份,SZ,主板,2014-12-03,C 制造业
002734.SZ,002734,利民股份,SZ,主板,2015-01-27,C 制造业
002735.SZ,002735,王子新材,SZ,主板,2014-12-03,C 制造业
002736.SZ,002736,国信证券,SZ,主板,2014-12-29,J 金融业
002737.SZ,002737,葵花药业,SZ,主板,2014-12-30,C 制造业
002738.SZ,002738,中矿资源,SZ,主板,2014-12-30,C 制造业
002739.SZ,002739,儒意电影,SZ,主板,2015-01-22,R 文化传播
002741.SZ,002741,光华科技,SZ,主板,2015-02-16,C 制造业
002742.SZ,002742,*ST三圣,SZ,主板,2015-02-17,C 制造业
002743.SZ,002743,富煌钢构,SZ,主板,2015-02-17,C 制造业
002745.SZ,002745,木林森,SZ,主板,2015-02-17,C 制造业
002746.SZ,002746,仙坛股份,SZ,主板,2015-02-16,C 制造业
002747.SZ,002747,埃斯顿,SZ,主板,2015-03-20,C 制造业
002748.SZ,002748,世龙实业,SZ,主板,2015-03-19,C 制造业
002749.SZ,002749,国光股份,SZ,主板,2015-03-20,C 制造业
002752.SZ,002752,昇兴股份,SZ,主板,2015-04-22,C 制造业
002753.SZ,002753,永东股份,SZ,主板,2015-05-19,C 制造业
002755.SZ,002755,奥赛康,SZ,主板,2015-05-15,C 制造业
002756.SZ,002756,永兴材料,SZ,主板,2015-05-15,C 制造业
002757.SZ,002757,南兴股份,SZ,主板,2015-05-27,C 制造业
002758.SZ,002758,浙农股份,SZ,主板,2015-05-27,F 批发零售
002759.SZ,002759,天际股份,SZ,主板,2015-05-28,C 制造业
002760.SZ,002760,凤形股份,SZ,主板,2015-06-11,C 制造业
002761.SZ,002761,浙江建投,SZ,主板,2015-06-10,E 建筑业
002762.SZ,002762,*ST金比,SZ,主板,2015-06-10,C 制造业
002763.SZ,002763,汇洁股份,SZ,主板,2015-06-10,C 制造业
002765.SZ,002765,蓝黛科技,SZ,主板,2015-06-12,C 制造业
002766.SZ,002766,索菱股份,SZ,主板,2015-06-11,C 制造业
002767.SZ,002767,先锋电子,SZ,主板,2015-06-12,C 制造业
002768.SZ,002768,国恩股份,SZ,主板,2015-06-30,C 制造业
002769.SZ,002769,普路通,SZ,主板,2015-06-29,L 商务服务
002771.SZ,002771,真视通,SZ,主板,2015-06-29,I 信息技术
002772.SZ,002772,众兴菌业,SZ,主板,2015-06-26,A 农林牧渔
002773.SZ,002773,康弘药业,SZ,主板,2015-06-26,C 制造业
002774.SZ,002774,快意电梯,SZ,主板,2017-03-24,C 制造业
002775.SZ,002775,文科股份,SZ,主板,2015-06-29,E 建筑业
002777.SZ,002777,久远银海,SZ,主板,2015-12-31,I 信息技术
002778.SZ,002778,中晟高科,SZ,主板,2016-01-06,C 制造业
002779.SZ,002779,中坚科技,SZ,主板,2015-12-09,C 制造业
002780.SZ,002780,三夫户外,SZ,主板,2015-12-09,F 批发零售
002782.SZ,002782,可立克,SZ,主板,2015-12-22,C 制造业
002783.SZ,002783,凯龙股份,SZ,主板,2015-12-09,C 制造业
002785.SZ,002785,万里石,SZ,主板,2015-12-23,C 制造业
002786.SZ,002786,银宝山新,SZ,主板,2015-12-23,C 制造业
002787.SZ,002787,华源控股,SZ,主板,2015-12-31,C 制造业
002788.SZ,002788,鹭燕医药,SZ,主板,2016-02-18,F 批发零售
002789.SZ,002789,*ST建艺,SZ,主板,2016-03-11,E 建筑业
002790.SZ,002790,瑞尔特,SZ,主板,2016-03-08,C 制造业
002791.SZ,002791,坚朗五金,SZ,主板,2016-03-29,C 制造业
002792.SZ,002792,通宇通讯,SZ,主板,2016-03-28,C 制造业
002793.SZ,002793,罗欣药业,SZ,主板,2016-04-15,C 制造业
002795.SZ,002795,永和智控,SZ,主板,2016-04-28,C 制造业
002796.SZ,002796,世嘉科技,SZ,主板,2016-05-10,C 制造业
002797.SZ,002797,第一创业,SZ,主板,2016-05-11,J 金融业
002798.SZ,002798,帝欧水华,SZ,主板,2016-05-25,C 制造业
002799.SZ,002799,环球印务,SZ,主板,2016-06-08,C 制造业
002800.SZ,002800,天顺股份,SZ,主板,2016-05-30,G 运输仓储
002801.SZ,002801,微光股份,SZ,主板,2016-06-22,C 制造业
002802.SZ,002802,洪汇新材,SZ,主板,2016-06-29,C 制造业
002803.SZ,002803,吉宏股份,SZ,主板,2016-07-12,F 批发零售
002805.SZ,002805,丰元股份,SZ,主板,2016-07-07,C 制造业
002806.SZ,002806,华锋股份,SZ,主板,2016-07-26,C 制造业
002807.SZ,002807,江阴银行,SZ,主板,2016-09-02,J 金融业
002808.SZ,002808,*ST恒久,SZ,主板,2016-08-12,C 制造业
002809.SZ,002809,红墙股份,SZ,主板,2016-08-23,C 制造业
002810.SZ,002810,山东赫达,SZ,主板,2016-08-26,C 制造业
002811.SZ,002811,郑中设计,SZ,主板,2016-09-08,M 科研服务
002812.SZ,002812,恩捷股份,SZ,主板,2016-09-14,C 制造业
002813.SZ,002813,路畅科技,SZ,主板,2016-10-12,C 制造业
002815.SZ,002815,崇达技术,SZ,主板,2016-10-12,C 制造业
002816.SZ,002816,*ST和科,SZ,主板,2016-10-25,C 制造业
002817.SZ,002817,黄山胶囊,SZ,主板,2016-10-25,C 制造业
002818.SZ,002818,富森美,SZ,主板,2016-11-09,L 商务服务
002819.SZ,002819,东方中科,SZ,主板,2016-11-11,F 批发零售
002820.SZ,002820,桂发祥,SZ,主板,2016-11-18,C 制造业
002821.SZ,002821,凯莱英,SZ,主板,2016-11-18,C 制造业
002822.SZ,002822,ST中装,SZ,主板,2016-11-29,E 建筑业
002823.SZ,002823,凯中精密,SZ,主板,2016-11-24,C 制造业
002824.SZ,002824,和胜股份,SZ,主板,2017-01-12,C 制造业
002825.SZ,002825,纳尔股份,SZ,主板,2016-11-29,C 制造业
002826.SZ,002826,易明医药,SZ,主板,2016-12-09,C 制造业
002827.SZ,002827,高争民爆,SZ,主板,2016-12-09,C 制造业
002828.SZ,002828,贝肯能源,SZ,主板,2016-12-08,B 采矿业
002829.SZ,002829,星网宇达,SZ,主板,2016-12-13,C 制造业
002830.SZ,002830,名雕股份,SZ,主板,2016-12-13,E 建筑业
002831.SZ,002831,裕同科技,SZ,主板,2016-12-16,C 制造业
002832.SZ,002832,比音勒芬,SZ,主板,2016-12-23,C 制造业
002833.SZ,002833,弘亚数控,SZ,主板,2016-12-28,C 制造业
002835.SZ,002835,同为股份,SZ,主板,2016-12-28,C 制造业
002836.SZ,002836,新宏泽,SZ,主板,2016-12-29,C 制造业
002837.SZ,002837,英维克,SZ,主板,2016-12-29,C 制造业
002838.SZ,002838,道恩股份,SZ,主板,2017-01-06,C 制造业
002839.SZ,002839,张家港行,SZ,主板,2017-01-24,J 金融业
002840.SZ,002840,华统股份,SZ,主板,2017-01-10,C 制造业
002841.SZ,002841,视源股份,SZ,主板,2017-01-19,C 制造业
002842.SZ,002842,翔鹭钨业,SZ,主板,2017-01-19,C 制造业
002843.SZ,002843,泰嘉股份,SZ,主板,2017-01-20,C 制造业
002845.SZ,002845,同兴达,SZ,主板,2017-01-25,C 制造业
002846.SZ,002846,英联股份,SZ,主板,2017-02-07,C 制造业
002847.SZ,002847,盐津铺子,SZ,主板,2017-02-08,C 制造业
002848.SZ,002848,*ST高斯,SZ,主板,2017-02-13,C 制造业
002849.SZ,002849,威星智能,SZ,主板,2017-02-17,C 制造业
002850.SZ,002850,科达利,SZ,主板,2017-03-02,C 制造业
002851.SZ,002851,麦格米特,SZ,主板,2017-03-06,C 制造业
002852.SZ,002852,道道全,SZ,主板,2017-03-10,C 制造业
002853.SZ,002853,皮阿诺,SZ,主板,2017-03-10,C 制造业
002855.SZ,002855,捷荣技术,SZ,主板,2017-03-21,C 制造业
002856.SZ,002856,*ST美芝,SZ,主板,2017-03-20,E 建筑业
002857.SZ,002857,三晖电气,SZ,主板,2017-03-23,C 制造业
002858.SZ,002858,力盛体育,SZ,主板,2017-03-24,R 文化传播
002859.SZ,002859,洁美科技,SZ,主板,2017-04-07,C 制造业
002860.SZ,002860,星帅尔,SZ,主板,2017-04-12,C 制造业
002861.SZ,002861,瀛通通讯,SZ,主板,2017-04-13,C 制造业
002862.SZ,002862,实丰文化,SZ,主板,2017-04-11,C 制造业
002863.SZ,002863,今飞凯达,SZ,主板,2017-04-18,C 制造业
002864.SZ,002864,盘龙药业,SZ,主板,2017-11-16,C 制造业
002865.SZ,002865,钧达股份,SZ,主板,2017-04-25,C 制造业
002866.SZ,002866,传艺科技,SZ,主板,2017-04-26,C 制造业
002867.SZ,002867,周大生,SZ,主板,2017-04-27,F 批发零售
002868.SZ,002868,*ST绿康,SZ,主板,2017-05-03,C 制造业
002869.SZ,002869,金溢科技,SZ,主板,2017-05-15,C 制造业
002870.SZ,002870,香山股份,SZ,主板,2017-05-15,C 制造业
002871.SZ,002871,伟隆股份,SZ,主板,2017-05-11,C 制造业
002872.SZ,002872,ST天圣,SZ,主板,2017-05-19,C 制造业
002873.SZ,002873,新天药业,SZ,主板,2017-05-19,C 制造业
002875.SZ,002875,安奈儿,SZ,主板,2017-06-01,C 制造业
002876.SZ,002876,三利谱,SZ,主板,2017-05-25,C 制造业
002877.SZ,002877,智能自控,SZ,主板,2017-06-05,C 制造业
002878.SZ,002878,元隆雅图,SZ,主板,2017-06-06,L 商务服务
002879.SZ,002879,长缆科技,SZ,主板,2017-07-07,C 制造业
002880.SZ,002880,卫光生物,SZ,主板,2017-06-16,C 制造业
002881.SZ,002881,美格智能,SZ,主板,2017-06-22,C 制造业
002882.SZ,002882,金龙羽,SZ,主板,2017-07-17,C 制造业
002883.SZ,002883,中设股份,SZ,主板,2017-06-20,M 科研服务
002884.SZ,002884,凌霄泵业,SZ,主板,2017-07-11,C 制造业
002885.SZ,002885,京泉华,SZ,主板,2017-06-27,C 制造业
002886.SZ,002886,沃特股份,SZ,主板,2017-06-27,C 制造业
002887.SZ,002887,绿茵生态,SZ,主板,2017-08-01,N 公共环保
002888.SZ,002888,惠威科技,SZ,主板,2017-07-21,C 制造业
002889.SZ,002889,东方嘉盛,SZ,主板,2017-07-31,L 商务服务
002890.SZ,002890,弘宇股份,SZ,主板,2017-08-02,C 制造业
002891.SZ,002891,中宠股份,SZ,主板,2017-08-21,C 制造业
002892.SZ,002892,科力尔,SZ,主板,2017-08-17,C 制造业
002893.SZ,002893,京能热力,SZ,主板,2017-09-15,D 水电煤气
002895.SZ,002895,川恒股份,SZ,主板,2017-08-25,C 制造业
002896.SZ,002896,中大力德,SZ,主板,2017-08-29,C 制造业
002897.SZ,002897,意华股份,SZ,主板,2017-09-07,C 制造业
002898.SZ,002898,*ST赛隆,SZ,主板,2017-09-12,C 制造业
002899.SZ,002899,英派斯,SZ,主板,2017-09-15,C 制造业
002900.SZ,002900,哈三联,SZ,主板,2017-09-22,C 制造业
002901.SZ,002901,大博医疗,SZ,主板,2017-09-22,C 制造业
002902.SZ,002902,铭普光磁,SZ,主板,2017-09-29,C 制造业
002903.SZ,002903,宇环数控,SZ,主板,2017-10-13,C 制造业
002905.SZ,002905,金逸影视,SZ,主板,2017-10-16,R 文化传播
002906.SZ,002906,华阳集团,SZ,主板,2017-10-13,C 制造业
002907.SZ,002907,华森制药,SZ,主板,2017-10-20,C 制造业
002908.SZ,002908,德生科技,SZ,主板,2017-10-20,I 信息技术
002909.SZ,002909,集泰股份,SZ,主板,2017-10-26,C 制造业
002910.SZ,002910,庄园牧场,SZ,主板,2017-10-31,C 制造业
002911.SZ,002911,佛燃能源,SZ,主板,2017-11-22,D 水电煤气
002912.SZ,002912,中新赛克,SZ,主板,2017-11-21,I 信息技术
002913.SZ,002913,奥士康,SZ,主板,2017-12-01,C 制造业
002915.SZ,002915,中欣氟材,SZ,主板,2017-12-05,C 制造业
002916.SZ,002916,深南电路,SZ,主板,2017-12-13,C 制造业
002917.SZ,002917,金奥博,SZ,主板,2017-12-08,C 制造业
002918.SZ,002918,蒙娜丽莎,SZ,主板,2017-12-19,C 制造业
002919.SZ,002919,名臣健康,SZ,主板,2017-12-18,I 信息技术
002920.SZ,002920,德赛西威,SZ,主板,2017-12-26,C 制造业
002921.SZ,002921,联诚精密,SZ,主板,2017-12-27,C 制造业
002922.SZ,002922,伊戈尔,SZ,主板,2017-12-29,C 制造业
002923.SZ,002923,润都股份,SZ,主板,2018-01-05,C 制造业
002925.SZ,002925,盈趣科技,SZ,主板,2018-01-15,C 制造业
002926.SZ,002926,华西证券,SZ,主板,2018-02-05,J 金融业
002927.SZ,002927,泰永长征,SZ,主板,2018-02-23,C 制造业
002928.SZ,002928,华夏航空,SZ,主板,2018-03-02,G 运输仓储
002929.SZ,002929,润建股份,SZ,主板,2018-03-01,I 信息技术
002930.SZ,002930,宏川智慧,SZ,主板,2018-03-28,G 运输仓储
002931.SZ,002931,锋龙股份,SZ,主板,2018-04-03,C 制造业
002932.SZ,002932,*ST明德,SZ,主板,2018-07-10,C 制造业
002933.SZ,002933,新兴装备,SZ,主板,2018-08-28,C 制造业
002935.SZ,002935,天奥电子,SZ,主板,2018-09-03,C 制造业
002936.SZ,002936,郑州银行,SZ,主板,2018-09-19,J 金融业
002937.SZ,002937,兴瑞科技,SZ,主板,2018-09-26,C 制造业
002938.SZ,002938,鹏鼎控股,SZ,主板,2018-09-18,C 制造业
002939.SZ,002939,长城证券,SZ,主板,2018-10-26,J 金融业
002940.SZ,002940,昂利康,SZ,主板,2018-10-23,C 制造业
002941.SZ,002941,新疆交建,SZ,主板,2018-11-28,E 建筑业
002942.SZ,002942,新农股份,SZ,主板,2018-12-05,C 制造业
002943.SZ,002943,宇晶股份,SZ,主板,2018-11-29,C 制造业
002945.SZ,002945,华林证券,SZ,主板,2019-01-17,J 金融业
002946.SZ,002946,新乳业,SZ,主板,2019-01-25,C 制造业
002947.SZ,002947,恒铭达,SZ,主板,2019-02-01,C 制造业
002948.SZ,002948,青岛银行,SZ,主板,2019-01-16,J 金融业
002949.SZ,002949,华阳国际,SZ,主板,2019-02-26,M 科研服务
002950.SZ,002950,奥美医疗,SZ,主板,2019-03-11,C 制造业
002951.SZ,002951,金时科技,SZ,主板,2019-03-15,C 制造业
002952.SZ,002952,亚世光电,SZ,主板,2019-03-28,C 制造业
002953.SZ,002953,日丰股份,SZ,主板,2019-05-09,C 制造业
002955.SZ,002955,鸿合科技,SZ,主板,2019-05-23,C 制造业
002956.SZ,002956,西麦食品,SZ,主板,2019-06-19,C 制造业
002957.SZ,002957,科瑞技术,SZ,主板,2019-07-26,C 制造业
002958.SZ,002958,青农商行,SZ,主板,2019-03-26,J 金融业
002959.SZ,002959,小熊电器,SZ,主板,2019-08-23,C 制造业
002960.SZ,002960,青鸟智控,SZ,主板,2019-08-09,C 制造业
002961.SZ,002961,瑞达期货,SZ,主板,2019-09-05,J 金融业
002962.SZ,002962,五方光电,SZ,主板,2019-09-17,C 制造业
002963.SZ,002963,豪尔赛,SZ,主板,2019-10-28,E 建筑业
002965.SZ,002965,祥鑫科技,SZ,主板,2019-10-25,C 制造业
002966.SZ,002966,苏州银行,SZ,主板,2019-08-02,J 金融业
002967.SZ,002967,广电计量,SZ,主板,2019-11-08,M 科研服务
002968.SZ,002968,新大正,SZ,主板,2019-12-03,K 房地产
002969.SZ,002969,嘉美包装,SZ,主板,2019-12-02,C 制造业
002970.SZ,002970,锐明技术,SZ,主板,2019-12-17,I 信息技术
002971.SZ,002971,和远气体,SZ,主板,2020-01-13,C 制造业
002972.SZ,002972,科安达,SZ,主板,2019-12-27,C 制造业
002973.SZ,002973,侨银股份,SZ,主板,2020-01-06,N 公共环保
002975.SZ,002975,博杰股份,SZ,主板,2020-02-05,C 制造业
002976.SZ,002976,瑞玛精密,SZ,主板,2020-03-06,C 制造业
002977.SZ,002977,*ST天箭,SZ,主板,2020-03-17,C 制造业
002978.SZ,002978,安宁股份,SZ,主板,2020-04-17,B 采矿业
002979.SZ,002979,雷赛智能,SZ,主板,2020-04-08,C 制造业
002980.SZ,002980,华盛昌,SZ,主板,2020-04-15,C 制造业
002981.SZ,002981,朝阳科技,SZ,主板,2020-04-17,C 制造业
002982.SZ,002982,湘佳股份,SZ,主板,2020-04-24,A 农林牧渔
002983.SZ,002983,芯瑞达,SZ,主板,2020-04-28,C 制造业
002984.SZ,002984,森麒麟,SZ,主板,2020-09-11,C 制造业
002985.SZ,002985,北摩高科,SZ,主板,2020-04-29,C 制造业
002986.SZ,002986,宇新股份,SZ,主板,2020-06-02,C 制造业
002987.SZ,002987,京北方,SZ,主板,2020-05-07,I 信息技术
002988.SZ,002988,豪美新材,SZ,主板,2020-05-18,C 制造业
002989.SZ,002989,中天精装,SZ,主板,2020-06-10,E 建筑业
002990.SZ,002990,盛视科技,SZ,主板,2020-05-25,I 信息技术
002991.SZ,002991,甘源食品,SZ,主板,2020-07-31,C 制造业
002992.SZ,002992,宝明科技,SZ,主板,2020-08-03,C 制造业
002993.SZ,002993,奥海科技,SZ,主板,2020-08-17,C 制造业
002995.SZ,002995,天地在线,SZ,主板,2020-08-05,L 商务服务
002996.SZ,002996,顺博合金,SZ,主板,2020-08-28,C 制造业
002997.SZ,002997,瑞鹄模具,SZ,主板,2020-09-03,C 制造业
002998.SZ,002998,优彩资源,SZ,主板,2020-09-25,C 制造业
002999.SZ,002999,天禾股份,SZ,主板,2020-09-03,F 批发零售
003000.SZ,003000,劲仔食品,SZ,主板,2020-09-14,C 制造业
003001.SZ,003001,中岩大地,SZ,主板,2020-10-13,E 建筑业
003002.SZ,003002,壶化股份,SZ,主板,2020-09-22,C 制造业
003003.SZ,003003,天元股份,SZ,主板,2020-09-21,C 制造业
003004.SZ,003004,*ST声迅,SZ,主板,2020-11-26,I 信息技术
003005.SZ,003005,竞业达,SZ,主板,2020-09-22,I 信息技术
003006.SZ,003006,百亚股份,SZ,主板,2020-09-21,C 制造业
003007.SZ,003007,直真科技,SZ,主板,2020-09-23,I 信息技术
003008.SZ,003008,开普检测,SZ,主板,2020-09-23,M 科研服务
003009.SZ,003009,中天火箭,SZ,主板,2020-09-25,C 制造业
003010.SZ,003010,若羽臣,SZ,主板,2020-09-25,I 信息技术
003011.SZ,003011,海象新材,SZ,主板,2020-09-30,C 制造业
003012.SZ,003012,东鹏控股,SZ,主板,2020-10-19,C 制造业
003013.SZ,003013,地铁设计,SZ,主板,2020-10-22,M 科研服务
003015.SZ,003015,日久光电,SZ,主板,2020-10-21,C 制造业
003016.SZ,003016,欣贺股份,SZ,主板,2020-10-26,C 制造业
003017.SZ,003017,大洋生物,SZ,主板,2020-10-26,C 制造业
003018.SZ,003018,金富科技,SZ,主板,2020-11-06,C 制造业
003019.SZ,003019,宸展光电,SZ,主板,2020-11-17,C 制造业
003020.SZ,003020,立方制药,SZ,主板,2020-12-15,C 制造业
003021.SZ,003021,兆威机电,SZ,主板,2020-12-04,C 制造业
003022.SZ,003022,联泓新科,SZ,主板,2020-12-08,C 制造业
003023.SZ,003023,彩虹集团,SZ,主板,2020-12-11,C 制造业
003025.SZ,003025,思进智能,SZ,主板,2020-12-11,C 制造业
003026.SZ,003026,中晶科技,SZ,主板,2020-12-18,C 制造业
003027.SZ,003027,同兴科技,SZ,主板,2020-12-18,N 公共环保
003028.SZ,003028,振邦智能,SZ,主板,2020-12-28,C 制造业
003029.SZ,003029,吉大正元,SZ,主板,2020-12-24,I 信息技术
003030.SZ,003030,祖名股份,SZ,主板,2021-01-06,C 制造业
003031.SZ,003031,中瓷电子,SZ,主板,2021-01-04,C 制造业
003032.SZ,003032,*ST传智,SZ,主板,2021-01-12,P 教育
003033.SZ,003033,征和工业,SZ,主板,2021-01-11,C 制造业
003035.SZ,003035,南网能源,SZ,主板,2021-01-19,M 科研服务
003036.SZ,003036,泰坦股份,SZ,主板,2021-01-28,C 制造业
003037.SZ,003037,三和管桩,SZ,主板,2021-02-04,C 制造业
003038.SZ,003038,鑫铂股份,SZ,主板,2021-02-10,C 制造业
003039.SZ,003039,顺控发展,SZ,主板,2021-03-08,D 水电煤气
003040.SZ,003040,楚天龙,SZ,主板,2021-03-22,C 制造业
003041.SZ,003041,真爱美家,SZ,主板,2021-04-06,C 制造业
003042.SZ,003042,中农联合,SZ,主板,2021-04-06,C 制造业
003043.SZ,003043,华亚智能,SZ,主板,2021-04-06,C 制造业
003816.SZ,003816,中国广核,SZ,主板,2019-08-26,D 水电煤气
300001.SZ,300001,特锐德,SZ,创业板,2009-10-30,C 制造业
300002.SZ,300002,神州泰岳,SZ,创业板,2009-10-30,I 信息技术
300003.SZ,300003,乐普医疗,SZ,创业板,2009-10-30,C 制造业
300004.SZ,300004,南风股份,SZ,创业板,2009-10-30,C 制造业
300005.SZ,300005,探路者,SZ,创业板,2009-10-30,C 制造业
300006.SZ,300006,莱美药业,SZ,创业板,2009-10-30,C 制造业
300007.SZ,300007,汉威科技,SZ,创业板,2009-10-30,I 信息技术
300008.SZ,300008,天海防务,SZ,创业板,2009-10-30,C 制造业
300009.SZ,300009,安科生物,SZ,创业板,2009-10-30,C 制造业
300010.SZ,300010,豆神教育,SZ,创业板,2009-10-30,I 信息技术
300011.SZ,300011,鼎汉技术,SZ,创业板,2009-10-30,C 制造业
300012.SZ,300012,华测检测,SZ,创业板,2009-10-30,M 科研服务
300013.SZ,300013,新宁物流,SZ,创业板,2009-10-30,G 运输仓储
300014.SZ,300014,亿纬锂能,SZ,创业板,2009-10-30,C 制造业
300015.SZ,300015,爱尔眼科,SZ,创业板,2009-10-30,Q 卫生
300016.SZ,300016,北陆药业,SZ,创业板,2009-10-30,C 制造业
300017.SZ,300017,网宿科技,SZ,创业板,2009-10-30,I 信息技术
300018.SZ,300018,中元股份,SZ,创业板,2009-10-30,C 制造业
300019.SZ,300019,硅宝科技,SZ,创业板,2009-10-30,C 制造业
300020.SZ,300020,ST银江,SZ,创业板,2009-10-30,I 信息技术
300021.SZ,300021,大禹节水,SZ,创业板,2009-10-30,N 公共环保
300022.SZ,300022,吉峰科技,SZ,创业板,2009-10-30,F 批发零售
300024.SZ,300024,机器人,SZ,创业板,2009-10-30,C 制造业
300025.SZ,300025,华星创业,SZ,创业板,2009-10-30,I 信息技术
300026.SZ,300026,红日药业,SZ,创业板,2009-10-30,C 制造业
300027.SZ,300027,ST华谊,SZ,创业板,2009-10-30,R 文化传播
300029.SZ,300029,*ST天龙,SZ,创业板,2009-12-25,E 建筑业
300030.SZ,300030,阳普医疗,SZ,创业板,2009-12-25,C 制造业
300031.SZ,300031,宝通科技,SZ,创业板,2009-12-25,I 信息技术
300032.SZ,300032,金龙机电,SZ,创业板,2009-12-25,C 制造业
300033.SZ,300033,同花顺,SZ,创业板,2009-12-25,J 金融业
300034.SZ,300034,钢研高纳,SZ,创业板,2009-12-25,C 制造业
300035.SZ,300035,中科电气,SZ,创业板,2009-12-25,C 制造业
300036.SZ,300036,超图软件,SZ,创业板,2009-12-25,I 信息技术
300037.SZ,300037,新宙邦,SZ,创业板,2010-01-08,C 制造业
300039.SZ,300039,上海凯宝,SZ,创业板,2010-01-08,C 制造业
300040.SZ,300040,九洲集团,SZ,创业板,2010-01-08,D 水电煤气
300041.SZ,300041,回天新材,SZ,创业板,2010-01-08,C 制造业
300042.SZ,300042,朗科科技,SZ,创业板,2010-01-08,C 制造业
300043.SZ,300043,星辉娱乐,SZ,创业板,2010-01-20,I 信息技术
300044.SZ,300044,*ST赛为,SZ,创业板,2010-01-20,I 信息技术
300045.SZ,300045,华力创通,SZ,创业板,2010-01-20,C 制造业
300046.SZ,300046,台基股份,SZ,创业板,2010-01-20,C 制造业
300047.SZ,300047,天源迪科,SZ,创业板,2010-01-20,I 信息技术
300048.SZ,300048,合康新能,SZ,创业板,2010-01-20,C 制造业
300049.SZ,300049,福瑞医科,SZ,创业板,2010-01-20,C 制造业
300050.SZ,300050,世纪鼎利,SZ,创业板,2010-01-20,I 信息技术
300051.SZ,300051,琏升科技,SZ,创业板,2010-02-11,I 信息技术
300052.SZ,300052,中青宝,SZ,创业板,2010-02-11,I 信息技术
300053.SZ,300053,航宇微,SZ,创业板,2010-02-11,C 制造业
300054.SZ,300054,鼎龙股份,SZ,创业板,2010-02-11,C 制造业
300055.SZ,300055,万邦达,SZ,创业板,2010-02-26,C 制造业
300056.SZ,300056,中创环保,SZ,创业板,2010-02-26,C 制造业
300057.SZ,300057,万顺新材,SZ,创业板,2010-02-26,C 制造业
300058.SZ,300058,蓝色光标,SZ,创业板,2010-02-26,L 商务服务
300059.SZ,300059,东方财富,SZ,创业板,2010-03-19,J 金融业
300061.SZ,300061,旗天科技,SZ,创业板,2010-03-19,L 商务服务
300062.SZ,300062,中能电气,SZ,创业板,2010-03-19,C 制造业
300063.SZ,300063,天龙集团,SZ,创业板,2010-03-26,L 商务服务
300065.SZ,300065,海兰信,SZ,创业板,2010-03-26,C 制造业
300066.SZ,300066,三川智慧,SZ,创业板,2010-03-26,C 制造业
300067.SZ,300067,安诺其,SZ,创业板,2010-04-21,C 制造业
300068.SZ,300068,ST南都,SZ,创业板,2010-04-21,C 制造业
300069.SZ,300069,金利华电,SZ,创业板,2010-04-21,C 制造业
300070.SZ,300070,碧水源,SZ,创业板,2010-04-21,N 公共环保
300071.SZ,300071,福石控股,SZ,创业板,2010-04-21,L 商务服务
300072.SZ,300072,海新能科,SZ,创业板,2010-04-27,C 制造业
300073.SZ,300073,当升科技,SZ,创业板,2010-04-27,C 制造业
300074.SZ,300074,华平股份,SZ,创业板,2010-04-27,I 信息技术
300075.SZ,300075,数字政通,SZ,创业板,2010-04-27,I 信息技术
300076.SZ,300076,GQY视讯,SZ,创业板,2010-04-30,C 制造业
300077.SZ,300077,国民技术,SZ,创业板,2010-04-30,C 制造业
300078.SZ,300078,思创智联,SZ,创业板,2010-04-30,C 制造业
300079.SZ,300079,数码视讯,SZ,创业板,2010-04-30,C 制造业
300080.SZ,300080,易成新能,SZ,创业板,2010-06-25,C 制造业
300081.SZ,300081,ST恒信,SZ,创业板,2010-05-20,I 信息技术
300082.SZ,300082,奥克股份,SZ,创业板,2010-05-20,C 制造业
300083.SZ,300083,创世纪,SZ,创业板,2010-05-20,C 制造业
300084.SZ,300084,海默科技,SZ,创业板,2010-05-20,B 采矿业
300085.SZ,300085,银之杰,SZ,创业板,2010-05-26,I 信息技术
300086.SZ,300086,康芝药业,SZ,创业板,2010-05-26,C 制造业
300087.SZ,300087,荃银高科,SZ,创业板,2010-05-26,A 农林牧渔
300088.SZ,300088,长信科技,SZ,创业板,2010-05-26,C 制造业
300091.SZ,300091,*ST金灵,SZ,创业板,2010-06-25,C 制造业
300092.SZ,300092,科新机电,SZ,创业板,2010-07-08,C 制造业
300093.SZ,300093,*ST金刚,SZ,创业板,2010-07-08,C 制造业
300094.SZ,300094,国联水产,SZ,创业板,2010-07-08,C 制造业
300095.SZ,300095,华伍股份,SZ,创业板,2010-07-28,C 制造业
300096.SZ,300096,ST易联众,SZ,创业板,2010-07-28,I 信息技术
300097.SZ,300097,智云股份,SZ,创业板,2010-07-28,C 制造业
300098.SZ,300098,高新兴,SZ,创业板,2010-07-28,I 信息技术
300099.SZ,300099,尤洛卡,SZ,创业板,2010-08-06,C 制造业
300100.SZ,300100,双林股份,SZ,创业板,2010-08-06,C 制造业
300101.SZ,300101,振芯科技,SZ,创业板,2010-08-06,I 信息技术
300102.SZ,300102,乾照光电,SZ,创业板,2010-08-12,C 制造业
300103.SZ,300103,达刚控股,SZ,创业板,2010-08-12,C 制造业
300105.SZ,300105,龙源技术,SZ,创业板,2010-08-20,C 制造业
300106.SZ,300106,西部牧业,SZ,创业板,2010-08-20,C 制造业
300107.SZ,300107,建新股份,SZ,创业板,2010-08-20,C 制造业
300109.SZ,300109,新开源,SZ,创业板,2010-08-25,C 制造业
300110.SZ,300110,华仁药业,SZ,创业板,2010-08-25,C 制造业
300111.SZ,300111,向日葵,SZ,创业板,2010-08-27,C 制造业
300112.SZ,300112,万讯自控,SZ,创业板,2010-08-27,C 制造业
300113.SZ,300113,顺网科技,SZ,创业板,2010-08-27,I 信息技术
300115.SZ,300115,长盈精密,SZ,创业板,2010-09-02,C 制造业
300118.SZ,300118,东方日升,SZ,创业板,2010-09-02,C 制造业
300119.SZ,300119,瑞普生物,SZ,创业板,2010-09-17,C 制造业
300120.SZ,300120,经纬辉开,SZ,创业板,2010-09-17,C 制造业
300121.SZ,300121,阳谷华泰,SZ,创业板,2010-09-17,C 制造业
300122.SZ,300122,智飞生物,SZ,创业板,2010-09-28,C 制造业
300123.SZ,300123,ST亚光,SZ,创业板,2010-09-28,C 制造业
300124.SZ,300124,汇川技术,SZ,创业板,2010-09-28,C 制造业
300125.SZ,300125,*ST聆达,SZ,创业板,2010-10-13,C 制造业
300126.SZ,300126,锐奇股份,SZ,创业板,2010-10-13,C 制造业
300127.SZ,300127,银河磁体,SZ,创业板,2010-10-13,C 制造业
300128.SZ,300128,锦富技术,SZ,创业板,2010-10-13,C 制造业
300129.SZ,300129,泰胜风能,SZ,创业板,2010-10-19,C 制造业
300130.SZ,300130,新国都,SZ,创业板,2010-10-19,C 制造业
300131.SZ,300131,英唐智控,SZ,创业板,2010-10-19,F 批发零售
300132.SZ,300132,青松股份,SZ,创业板,2010-10-26,C 制造业
300133.SZ,300133,华策影视,SZ,创业板,2010-10-26,R 文化传播
300134.SZ,300134,大富科技,SZ,创业板,2010-10-26,C 制造业
300135.SZ,300135,宝利国际,SZ,创业板,2010-10-26,C 制造业
300136.SZ,300136,信维通信,SZ,创业板,2010-11-05,C 制造业
300137.SZ,300137,先河环保,SZ,创业板,2010-11-05,C 制造业
300138.SZ,300138,晨光生物,SZ,创业板,2010-11-05,C 制造业
300139.SZ,300139,晓程科技,SZ,创业板,2010-11-12,B 采矿业
300140.SZ,300140,节能环境,SZ,创业板,2010-11-12,N 公共环保
300141.SZ,300141,和顺电气,SZ,创业板,2010-11-12,C 制造业
300142.SZ,300142,沃森生物,SZ,创业板,2010-11-12,C 制造业
300143.SZ,300143,盈康生命,SZ,创业板,2010-12-09,Q 卫生
300144.SZ,300144,宋城演艺,SZ,创业板,2010-12-09,R 文化传播
300145.SZ,300145,南方泵业,SZ,创业板,2010-12-09,C 制造业
300146.SZ,300146,汤臣倍健,SZ,创业板,2010-12-15,C 制造业
300147.SZ,300147,*ST香雪,SZ,创业板,2010-12-15,C 制造业
300148.SZ,300148,天舟文化,SZ,创业板,2010-12-15,R 文化传播
300149.SZ,300149,睿智医药,SZ,创业板,2010-12-22,M 科研服务
300150.SZ,300150,世纪瑞尔,SZ,创业板,2010-12-22,I 信息技术
300151.SZ,300151,昌红科技,SZ,创业板,2010-12-22,C 制造业
300152.SZ,300152,*ST动力,SZ,创业板,2010-12-29,C 制造业
300153.SZ,300153,科泰电源,SZ,创业板,2010-12-29,C 制造业
300154.SZ,300154,瑞凌股份,SZ,创业板,2010-12-29,C 制造业
300155.SZ,300155,安居宝,SZ,创业板,2011-01-07,C 制造业
300157.SZ,300157,新锦动力,SZ,创业板,2011-01-07,C 制造业
300158.SZ,300158,振东制药,SZ,创业板,2011-01-07,C 制造业
300159.SZ,300159,*ST新研,SZ,创业板,2011-01-07,C 制造业
300160.SZ,300160,秀强股份,SZ,创业板,2011-01-13,C 制造业
300161.SZ,300161,华中数控,SZ,创业板,2011-01-13,C 制造业
300162.SZ,300162,雷曼光电,SZ,创业板,2011-01-13,C 制造业
300163.SZ,300163,先锋新材,SZ,创业板,2011-01-13,C 制造业
300164.SZ,300164,通源石油,SZ,创业板,2011-01-13,B 采矿业
300165.SZ,300165,天瑞仪器,SZ,创业板,2011-01-25,C 制造业
300166.SZ,300166,东方国信,SZ,创业板,2011-01-25,I 信息技术
300167.SZ,300167,ST迪威迅,SZ,创业板,2011-01-25,I 信息技术
300168.SZ,300168,万达信息,SZ,创业板,2011-01-25,I 信息技术
300169.SZ,300169,天晟新材,SZ,创业板,2011-01-25,C 制造业
300170.SZ,300170,汉得信息,SZ,创业板,2011-02-01,I 信息技术
300171.SZ,300171,东富龙,SZ,创业板,2011-02-01,C 制造业
300172.SZ,300172,中电环保,SZ,创业板,2011-02-01,D 水电煤气
300173.SZ,300173,ST福能,SZ,创业板,2011-02-01,C 制造业
300174.SZ,300174,元力股份,SZ,创业板,2011-02-01,C 制造业
300175.SZ,300175,ST朗源,SZ,创业板,2011-02-15,C 制造业
300176.SZ,300176,鸿特科技,SZ,创业板,2011-02-15,C 制造业
300177.SZ,300177,中海达,SZ,创业板,2011-02-15,C 制造业
300179.SZ,300179,四方达,SZ,创业板,2011-02-15,C 制造业
300180.SZ,300180,华峰超纤,SZ,创业板,2011-02-22,C 制造业
300181.SZ,300181,佐力药业,SZ,创业板,2011-02-22,C 制造业
300182.SZ,300182,捷成股份,SZ,创业板,2011-02-22,R 文化传播
300183.SZ,300183,东软载波,SZ,创业板,2011-02-22,C 制造业
300184.SZ,300184,力源信息,SZ,创业板,2011-02-22,F 批发零售
300185.SZ,300185,通裕重工,SZ,创业板,2011-03-08,C 制造业
300187.SZ,300187,永清环保,SZ,创业板,2011-03-08,N 公共环保
300188.SZ,300188,国投智能,SZ,创业板,2011-03-16,I 信息技术
300189.SZ,300189,神农种业,SZ,创业板,2011-03-16,A 农林牧渔
300190.SZ,300190,维尔利,SZ,创业板,2011-03-16,N 公共环保
300191.SZ,300191,潜能恒信,SZ,创业板,2011-03-16,B 采矿业
300192.SZ,300192,科德教育,SZ,创业板,2011-03-22,P 教育
300193.SZ,300193,佳士科技,SZ,创业板,2011-03-22,C 制造业
300194.SZ,300194,福安药业,SZ,创业板,2011-03-22,C 制造业
300195.SZ,300195,长荣股份,SZ,创业板,2011-03-29,C 制造业
300196.SZ,300196,长海股份,SZ,创业板,2011-03-29,C 制造业
300197.SZ,300197,节能铁汉,SZ,创业板,2011-03-29,N 公共环保
300198.SZ,300198,*ST纳川,SZ,创业板,2011-04-07,C 制造业
300199.SZ,300199,翰宇药业,SZ,创业板,2011-04-07,C 制造业
300200.SZ,300200,高盟新材,SZ,创业板,2011-04-07,C 制造业
300201.SZ,300201,海伦哲,SZ,创业板,2011-04-07,C 制造业
300203.SZ,300203,聚光科技,SZ,创业板,2011-04-15,C 制造业
300204.SZ,300204,舒泰神,SZ,创业板,2011-04-15,C 制造业
300205.SZ,300205,*ST天喻,SZ,创业板,2011-04-21,C 制造业
300206.SZ,300206,理邦仪器,SZ,创业板,2011-04-21,C 制造业
300207.SZ,300207,欣旺达,SZ,创业板,2011-04-21,C 制造业
300209.SZ,300209,行云科技,SZ,创业板,2011-04-26,F 批发零售
300210.SZ,300210,森远股份,SZ,创业板,2011-04-26,C 制造业
300211.SZ,300211,*ST亿通,SZ,创业板,2011-05-05,C 制造业
300212.SZ,300212,*ST易录,SZ,创业板,2011-05-05,I 信息技术
300213.SZ,300213,佳讯飞鸿,SZ,创业板,2011-05-05,C 制造业
300214.SZ,300214,日科化学,SZ,创业板,2011-05-11,C 制造业
300215.SZ,300215,电科院,SZ,创业板,2011-05-11,M 科研服务
300217.SZ,300217,东方电热,SZ,创业板,2011-05-18,C 制造业
300218.SZ,300218,安利股份,SZ,创业板,2011-05-18,C 制造业
300219.SZ,300219,鸿利智汇,SZ,创业板,2011-05-18,C 制造业
300220.SZ,300220,金运激光,SZ,创业板,2011-05-25,C 制造业
300221.SZ,300221,银禧科技,SZ,创业板,2011-05-25,C 制造业
300222.SZ,300222,科大智能,SZ,创业板,2011-05-25,C 制造业
300223.SZ,300223,北京君正,SZ,创业板,2011-05-31,C 制造业
300224.SZ,300224,正海磁材,SZ,创业板,2011-05-31,C 制造业
300225.SZ,300225,*ST金泰,SZ,创业板,2011-05-31,C 制造业
300226.SZ,300226,上海钢联,SZ,创业板,2011-06-08,L 商务服务
300227.SZ,300227,光韵达,SZ,创业板,2011-06-08,C 制造业
300228.SZ,300228,富瑞特装,SZ,创业板,2011-06-08,C 制造业
300229.SZ,300229,拓尔思,SZ,创业板,2011-06-15,I 信息技术
300230.SZ,300230,永利股份,SZ,创业板,2011-06-15,C 制造业
300231.SZ,300231,银信科技,SZ,创业板,2011-06-15,I 信息技术
300232.SZ,300232,洲明科技,SZ,创业板,2011-06-22,C 制造业
300233.SZ,300233,金城医药,SZ,创业板,2011-06-22,C 制造业
300234.SZ,300234,开尔新材,SZ,创业板,2011-06-22,C 制造业
300235.SZ,300235,方直科技,SZ,创业板,2011-06-29,I 信息技术
300236.SZ,300236,上海新阳,SZ,创业板,2011-06-29,C 制造业
300237.SZ,300237,ST美晨,SZ,创业板,2011-06-29,C 制造业
300238.SZ,300238,冠昊生物,SZ,创业板,2011-07-06,C 制造业
300239.SZ,300239,东宝生物,SZ,创业板,2011-07-06,C 制造业
300240.SZ,300240,飞力达,SZ,创业板,2011-07-06,G 运输仓储
300241.SZ,300241,瑞丰光电,SZ,创业板,2011-07-12,C 制造业
300242.SZ,300242,佳云科技,SZ,创业板,2011-07-12,L 商务服务
300243.SZ,300243,瑞丰高材,SZ,创业板,2011-07-12,C 制造业
300244.SZ,300244,迪安诊断,SZ,创业板,2011-07-19,Q 卫生
300245.SZ,300245,ST天玑,SZ,创业板,2011-07-19,I 信息技术
300246.SZ,300246,宝莱特,SZ,创业板,2011-07-19,C 制造业
300247.SZ,300247,融捷健康,SZ,创业板,2011-07-29,C 制造业
300248.SZ,300248,新开普,SZ,创业板,2011-07-29,I 信息技术
300249.SZ,300249,依米康,SZ,创业板,2011-08-03,I 信息技术
300250.SZ,300250,初灵信息,SZ,创业板,2011-08-03,I 信息技术
300251.SZ,300251,光线传媒,SZ,创业板,2011-08-03,R 文化传播
300252.SZ,300252,金信诺,SZ,创业板,2011-08-18,C 制造业
300253.SZ,300253,卫宁健康,SZ,创业板,2011-08-18,I 信息技术
300254.SZ,300254,仟源医药,SZ,创业板,2011-08-19,C 制造业
300255.SZ,300255,常山药业,SZ,创业板,2011-08-19,C 制造业
300256.SZ,300256,星星科技,SZ,创业板,2011-08-19,C 制造业
300257.SZ,300257,开山股份,SZ,创业板,2011-08-19,C 制造业
300258.SZ,300258,精锻科技,SZ,创业板,2011-08-26,C 制造业
300259.SZ,300259,新天科技,SZ,创业板,2011-08-31,C 制造业
300260.SZ,300260,新莱应材,SZ,创业板,2011-09-06,C 制造业
300261.SZ,300261,雅本化学,SZ,创业板,2011-09-06,C 制造业
300263.SZ,300263,隆华科技,SZ,创业板,2011-09-16,C 制造业
300264.SZ,300264,佳创视讯,SZ,创业板,2011-09-16,I 信息技术
300265.SZ,300265,通光线缆,SZ,创业板,2011-09-16,C 制造业
300266.SZ,300266,兴源环境,SZ,创业板,2011-09-27,N 公共环保
300267.SZ,300267,尔康制药,SZ,创业板,2011-09-27,C 制造业
300268.SZ,300268,*ST佳沃,SZ,创业板,2011-09-27,C 制造业
300269.SZ,300269,联建光电,SZ,创业板,2011-10-12,C 制造业
300270.SZ,300270,中威电子,SZ,创业板,2011-10-12,C 制造业
300271.SZ,300271,华宇软件,SZ,创业板,2011-10-26,I 信息技术
300272.SZ,300272,开能健康,SZ,创业板,2011-11-02,C 制造业
300274.SZ,300274,阳光电源,SZ,创业板,2011-11-02,C 制造业
300275.SZ,300275,梅安森,SZ,创业板,2011-11-02,I 信息技术
300276.SZ,300276,三丰智能,SZ,创业板,2011-11-15,C 制造业
300277.SZ,300277,汽轮科技,SZ,创业板,2011-11-23,I 信息技术
300278.SZ,300278,华昌达,SZ,创业板,2011-12-16,C 制造业
300279.SZ,300279,和晶科技,SZ,创业板,2011-12-29,C 制造业
300281.SZ,300281,金明精机,SZ,创业板,2011-12-29,C 制造业
300283.SZ,300283,温州宏丰,SZ,创业板,2012-01-10,C 制造业
300284.SZ,300284,苏交科,SZ,创业板,2012-01-10,M 科研服务
300285.SZ,300285,国瓷材料,SZ,创业板,2012-01-13,C 制造业
300286.SZ,300286,安科瑞,SZ,创业板,2012-01-13,C 制造业
300287.SZ,300287,飞利信,SZ,创业板,2012-02-01,I 信息技术
300288.SZ,300288,朗玛信息,SZ,创业板,2012-02-16,I 信息技术
300289.SZ,300289,利德曼,SZ,创业板,2012-02-16,C 制造业
300290.SZ,300290,荣科科技,SZ,创业板,2012-02-16,I 信息技术
300291.SZ,300291,百纳千成,SZ,创业板,2012-02-09,R 文化传播
300292.SZ,300292,吴通控股,SZ,创业板,2012-02-29,I 信息技术
300293.SZ,300293,蓝英装备,SZ,创业板,2012-03-08,C 制造业
300294.SZ,300294,博雅生物,SZ,创业板,2012-03-08,C 制造业
300295.SZ,300295,*ST三六五,SZ,创业板,2012-03-15,I 信息技术
300296.SZ,300296,利亚德,SZ,创业板,2012-03-15,C 制造业
300298.SZ,300298,三诺生物,SZ,创业板,2012-03-19,C 制造业
300299.SZ,300299,富春股份,SZ,创业板,2012-03-19,I 信息技术
300300.SZ,300300,海峡创新,SZ,创业板,2012-03-19,I 信息技术
300301.SZ,300301,ST长方,SZ,创业板,2012-03-21,C 制造业
300302.SZ,300302,同有科技,SZ,创业板,2012-03-21,I 信息技术
300303.SZ,300303,聚飞光电,SZ,创业板,2012-03-19,C 制造业
300304.SZ,300304,云意电气,SZ,创业板,2012-03-21,C 制造业
300305.SZ,300305,裕兴股份,SZ,创业板,2012-03-29,C 制造业
300306.SZ,300306,远方信息,SZ,创业板,2012-03-29,C 制造业
300307.SZ,300307,慈星股份,SZ,创业板,2012-03-29,C 制造业
300308.SZ,300308,中际旭创,SZ,创业板,2012-04-10,C 制造业
300310.SZ,300310,宜通世纪,SZ,创业板,2012-04-25,I 信息技术
300311.SZ,300311,ST任子行,SZ,创业板,2012-04-25,I 信息技术
300313.SZ,300313,*ST天山,SZ,创业板,2012-04-25,A 农林牧渔
300314.SZ,300314,戴维医疗,SZ,创业板,2012-05-08,C 制造业
300315.SZ,300315,掌趣科技,SZ,创业板,2012-05-11,I 信息技术
300316.SZ,300316,晶盛机电,SZ,创业板,2012-05-11,C 制造业
300317.SZ,300317,珈伟新能,SZ,创业板,2012-05-11,C 制造业
300318.SZ,300318,博晖创新,SZ,创业板,2012-05-23,C 制造业
300319.SZ,300319,麦捷科技,SZ,创业板,2012-05-23,C 制造业
300320.SZ,300320,海达股份,SZ,创业板,2012-06-01,C 制造业
300321.SZ,300321,同大股份,SZ,创业板,2012-05-23,C 制造业
300322.SZ,300322,硕贝德,SZ,创业板,2012-06-08,C 制造业
300323.SZ,300323,华灿光电,SZ,创业板,2012-06-01,C 制造业
300324.SZ,300324,旋极信息,SZ,创业板,2012-06-08,I 信息技术
300326.SZ,300326,ST凯利,SZ,创业板,2012-06-13,C 制造业
300327.SZ,300327,中颖电子,SZ,创业板,2012-06-13,C 制造业
300328.SZ,300328,宜安科技,SZ,创业板,2012-06-19,C 制造业
300329.SZ,300329,海伦钢琴,SZ,创业板,2012-06-19,C 制造业
300331.SZ,300331,苏大维格,SZ,创业板,2012-06-28,C 制造业
300332.SZ,300332,天壕能源,SZ,创业板,2012-06-28,D 水电煤气
300333.SZ,300333,兆日科技,SZ,创业板,2012-06-28,I 信息技术
300334.SZ,300334,津膜科技,SZ,创业板,2012-07-05,C 制造业
300335.SZ,300335,迪森股份,SZ,创业板,2012-07-10,D 水电煤气
300337.SZ,300337,银邦股份,SZ,创业板,2012-07-18,C 制造业
300338.SZ,300338,*ST开元,SZ,创业板,2012-07-26,P 教育
300339.SZ,300339,润和软件,SZ,创业板,2012-07-18,I 信息技术
300340.SZ,300340,科恒股份,SZ,创业板,2012-07-26,C 制造业
300341.SZ,300341,麦克奥迪,SZ,创业板,2012-07-26,C 制造业
300342.SZ,300342,天银机电,SZ,创业板,2012-07-26,C 制造业
300343.SZ,300343,ST联创,SZ,创业板,2012-08-01,C 制造业
300345.SZ,300345,华民股份,SZ,创业板,2012-08-01,C 制造业
300346.SZ,300346,南大光电,SZ,创业板,2012-08-07,C 制造业
300347.SZ,300347,泰格医药,SZ,创业板,2012-08-17,M 科研服务
300348.SZ,300348,长亮科技,SZ,创业板,2012-08-17,I 信息技术
300349.SZ,300349,金卡智能,SZ,创业板,2012-08-17,I 信息技术
300350.SZ,300350,华鹏飞,SZ,创业板,2012-08-21,G 运输仓储
300351.SZ,300351,永贵电器,SZ,创业板,2012-09-20,C 制造业
300352.SZ,300352,北信源,SZ,创业板,2012-09-12,I 信息技术
300353.SZ,300353,东土科技,SZ,创业板,2012-09-27,C 制造业
300354.SZ,300354,东华测试,SZ,创业板,2012-09-20,C 制造业
300355.SZ,300355,蒙草生态,SZ,创业板,2012-09-27,N 公共环保
300357.SZ,300357,我武生物,SZ,创业板,2014-01-21,C 制造业
300358.SZ,300358,楚天科技,SZ,创业板,2014-01-21,C 制造业
300359.SZ,300359,全通教育,SZ,创业板,2014-01-21,P 教育
300360.SZ,300360,炬华科技,SZ,创业板,2014-01-21,C 制造业
300363.SZ,300363,博腾股份,SZ,创业板,2014-01-29,C 制造业
300364.SZ,300364,中文在线,SZ,创业板,2015-01-21,R 文化传播
300365.SZ,300365,恒华科技,SZ,创业板,2014-01-23,I 信息技术
300366.SZ,300366,ST创意,SZ,创业板,2014-01-27,I 信息技术
300368.SZ,300368,汇金股份,SZ,创业板,2014-01-23,I 信息技术
300369.SZ,300369,绿盟科技,SZ,创业板,2014-01-29,I 信息技术
300370.SZ,300370,安控科技,SZ,创业板,2014-01-23,C 制造业
300371.SZ,300371,汇中股份,SZ,创业板,2014-01-23,C 制造业
300373.SZ,300373,扬杰科技,SZ,创业板,2014-01-23,C 制造业
300374.SZ,300374,中铁装配,SZ,创业板,2015-03-19,C 制造业
300375.SZ,300375,鹏翎股份,SZ,创业板,2014-01-27,C 制造业
300376.SZ,300376,易事特,SZ,创业板,2014-01-27,C 制造业
300377.SZ,300377,赢时胜,SZ,创业板,2014-01-27,I 信息技术
300378.SZ,300378,鼎捷数智,SZ,创业板,2014-01-27,I 信息技术
300380.SZ,300380,安硕信息,SZ,创业板,2014-01-28,I 信息技术
300381.SZ,300381,溢多利,SZ,创业板,2014-01-28,C 制造业
300382.SZ,300382,斯莱克,SZ,创业板,2014-01-29,C 制造业
300383.SZ,300383,光环新网,SZ,创业板,2014-01-29,I 信息技术
300384.SZ,300384,三联虹普,SZ,创业板,2014-08-01,M 科研服务
300385.SZ,300385,ST雪浪,SZ,创业板,2014-06-26,C 制造业
300386.SZ,300386,飞天诚信,SZ,创业板,2014-06-26,I 信息技术
300387.SZ,300387,富邦科技,SZ,创业板,2014-07-02,C 制造业
300388.SZ,300388,节能国祯,SZ,创业板,2014-08-01,N 公共环保
300389.SZ,300389,艾比森,SZ,创业板,2014-08-01,C 制造业
300390.SZ,300390,天华新能,SZ,创业板,2014-07-31,C 制造业
300393.SZ,300393,中来股份,SZ,创业板,2014-09-12,C 制造业
300394.SZ,300394,天孚通信,SZ,创业板,2015-02-17,C 制造业
300395.SZ,300395,菲利华,SZ,创业板,2014-09-10,C 制造业
300396.SZ,300396,迪瑞医疗,SZ,创业板,2014-09-10,C 制造业
300397.SZ,300397,天和防务,SZ,创业板,2014-09-10,C 制造业
300398.SZ,300398,飞凯材料,SZ,创业板,2014-10-09,C 制造业
300399.SZ,300399,天利科技,SZ,创业板,2014-10-09,I 信息技术
300400.SZ,300400,劲拓股份,SZ,创业板,2014-10-10,C 制造业
300401.SZ,300401,花园生物,SZ,创业板,2014-10-09,C 制造业
300402.SZ,300402,宝色股份,SZ,创业板,2014-10-10,C 制造业
300403.SZ,300403,汉宇集团,SZ,创业板,2014-10-30,C 制造业
300404.SZ,300404,博济医药,SZ,创业板,2015-04-24,M 科研服务
300405.SZ,300405,科隆股份,SZ,创业板,2014-10-30,C 制造业
300406.SZ,300406,九强生物,SZ,创业板,2014-10-30,C 制造业
300407.SZ,300407,凯发电气,SZ,创业板,2014-12-03,C 制造业
300408.SZ,300408,三环集团,SZ,创业板,2014-12-03,C 制造业
300409.SZ,300409,道氏技术,SZ,创业板,2014-12-03,C 制造业
300410.SZ,300410,正业科技,SZ,创业板,2014-12-31,C 制造业
300411.SZ,300411,金盾股份,SZ,创业板,2014-12-31,C 制造业
300412.SZ,300412,迦南科技,SZ,创业板,2014-12-31,C 制造业
300413.SZ,300413,芒果超媒,SZ,创业板,2015-01-21,I 信息技术
300414.SZ,300414,中光防雷,SZ,创业板,2015-05-13,C 制造业
300415.SZ,300415,伊之密,SZ,创业板,2015-01-23,C 制造业
300416.SZ,300416,苏试试验,SZ,创业板,2015-01-22,M 科研服务
300417.SZ,300417,南华仪器,SZ,创业板,2015-01-23,C 制造业
300418.SZ,300418,昆仑万维,SZ,创业板,2015-01-21,I 信息技术
300419.SZ,300419,ST浩丰,SZ,创业板,2015-01-22,I 信息技术
300420.SZ,300420,五洋自控,SZ,创业板,2015-02-17,C 制造业
300421.SZ,300421,力星股份,SZ,创业板,2015-02-17,C 制造业
300422.SZ,300422,博世科,SZ,创业板,2015-02-17,N 公共环保
300423.SZ,300423,昇辉科技,SZ,创业板,2015-02-17,C 制造业
300424.SZ,300424,航新科技,SZ,创业板,2015-04-22,C 制造业
300425.SZ,300425,中建环能,SZ,创业板,2015-02-16,C 制造业
300426.SZ,300426,华智数媒,SZ,创业板,2015-02-17,R 文化传播
300427.SZ,300427,红相股份,SZ,创业板,2015-02-17,C 制造业
300428.SZ,300428,立中集团,SZ,创业板,2015-03-19,C 制造业
300429.SZ,300429,强力新材,SZ,创业板,2015-03-24,C 制造业
300430.SZ,300430,诚益通,SZ,创业板,2015-03-19,C 制造业
300432.SZ,300432,富临精工,SZ,创业板,2015-03-19,C 制造业
300433.SZ,300433,蓝思科技,SZ,创业板,2015-03-18,C 制造业
300434.SZ,300434,金石亚药,SZ,创业板,2015-04-24,C 制造业
300435.SZ,300435,中泰股份,SZ,创业板,2015-03-26,D 水电煤气
300436.SZ,300436,广生堂,SZ,创业板,2015-04-22,C 制造业
300437.SZ,300437,清水源,SZ,创业板,2015-04-23,C 制造业
300438.SZ,300438,鹏辉能源,SZ,创业板,2015-04-24,C 制造业
300439.SZ,300439,美康生物,SZ,创业板,2015-04-22,C 制造业
300440.SZ,300440,运达科技,SZ,创业板,2015-04-23,I 信息技术
300441.SZ,300441,鲍斯股份,SZ,创业板,2015-04-23,C 制造业
300442.SZ,300442,润泽科技,SZ,创业板,2015-04-24,I 信息技术
300443.SZ,300443,金雷股份,SZ,创业板,2015-04-22,C 制造业
300444.SZ,300444,双杰电气,SZ,创业板,2015-04-23,C 制造业
300445.SZ,300445,康斯特,SZ,创业板,2015-04-24,C 制造业
300446.SZ,300446,航天智造,SZ,创业板,2015-04-23,C 制造业
300447.SZ,300447,全信股份,SZ,创业板,2015-04-22,C 制造业
300448.SZ,300448,浩云科技,SZ,创业板,2015-04-24,I 信息技术
300449.SZ,300449,汉邦高科,SZ,创业板,2015-04-22,C 制造业
300450.SZ,300450,先导智能,SZ,创业板,2015-05-18,C 制造业
300451.SZ,300451,创业慧康,SZ,创业板,2015-05-14,I 信息技术
300452.SZ,300452,山河药辅,SZ,创业板,2015-05-15,C 制造业
300453.SZ,300453,三鑫医疗,SZ,创业板,2015-05-15,C 制造业
300454.SZ,300454,深信服,SZ,创业板,2018-05-16,I 信息技术
300455.SZ,300455,航天智装,SZ,创业板,2015-05-15,C 制造业
300456.SZ,300456,赛微电子,SZ,创业板,2015-05-14,C 制造业
300457.SZ,300457,赢合科技,SZ,创业板,2015-05-14,C 制造业
300458.SZ,300458,全志科技,SZ,创业板,2015-05-15,C 制造业
300459.SZ,300459,汤姆猫,SZ,创业板,2015-05-15,I 信息技术
300460.SZ,300460,ST惠伦,SZ,创业板,2015-05-15,C 制造业
300461.SZ,300461,田中精机,SZ,创业板,2015-05-19,C 制造业
300462.SZ,300462,ST华铭,SZ,创业板,2015-05-27,C 制造业
300463.SZ,300463,迈克生物,SZ,创业板,2015-05-28,C 制造业
300464.SZ,300464,星徽股份,SZ,创业板,2015-06-10,F 批发零售
300465.SZ,300465,高伟达,SZ,创业板,2015-05-28,I 信息技术
300466.SZ,300466,赛摩智能,SZ,创业板,2015-05-28,C 制造业
300467.SZ,300467,迅游科技,SZ,创业板,2015-05-27,I 信息技术
300468.SZ,300468,四方精创,SZ,创业板,2015-05-27,I 信息技术
300469.SZ,300469,信息发展,SZ,创业板,2015-06-11,I 信息技术
300470.SZ,300470,中密控股,SZ,创业板,2015-06-12,C 制造业
300471.SZ,300471,厚普股份,SZ,创业板,2015-06-11,C 制造业
300472.SZ,300472,*ST新元,SZ,创业板,2015-06-11,C 制造业
300473.SZ,300473,德尔股份,SZ,创业板,2015-06-12,C 制造业
300474.SZ,300474,景嘉微,SZ,创业板,2016-03-31,C 制造业
300475.SZ,300475,香农芯创,SZ,创业板,2015-06-10,F 批发零售
300476.SZ,300476,胜宏科技,SZ,创业板,2015-06-11,C 制造业
300477.SZ,300477,ST合纵,SZ,创业板,2015-06-10,C 制造业
300478.SZ,300478,杭州高新,SZ,创业板,2015-06-10,C 制造业
300479.SZ,300479,神思电子,SZ,创业板,2015-06-12,I 信息技术
300480.SZ,300480,光力科技,SZ,创业板,2015-07-02,C 制造业
300481.SZ,300481,濮阳惠成,SZ,创业板,2015-06-30,C 制造业
300482.SZ,300482,万孚生物,SZ,创业板,2015-06-30,C 制造业
300483.SZ,300483,首华燃气,SZ,创业板,2015-06-30,B 采矿业
300484.SZ,300484,蓝海华腾,SZ,创业板,2016-03-22,C 制造业
300485.SZ,300485,赛升药业,SZ,创业板,2015-06-26,C 制造业
300486.SZ,300486,东杰智能,SZ,创业板,2015-06-30,C 制造业
300487.SZ,300487,蓝晓科技,SZ,创业板,2015-07-02,C 制造业
300488.SZ,300488,恒锋工具,SZ,创业板,2015-07-01,C 制造业
300489.SZ,300489,光智科技,SZ,创业板,2015-07-01,C 制造业
300490.SZ,300490,华自科技,SZ,创业板,2015-12-31,C 制造业
300491.SZ,300491,通合科技,SZ,创业板,2015-12-31,C 制造业
300492.SZ,300492,华图山鼎,SZ,创业板,2015-12-23,P 教育
300493.SZ,300493,润欣科技,SZ,创业板,2015-12-10,F 批发零售
300494.SZ,300494,盛天网络,SZ,创业板,2015-12-31,I 信息技术
300496.SZ,300496,中科创达,SZ,创业板,2015-12-10,I 信息技术
300497.SZ,300497,富祥药业,SZ,创业板,2015-12-22,C 制造业
300498.SZ,300498,温氏股份,SZ,创业板,2015-11-02,A 农林牧渔
300499.SZ,300499,高澜股份,SZ,创业板,2016-02-02,C 制造业
300500.SZ,300500,启迪设计,SZ,创业板,2016-02-04,M 科研服务
300501.SZ,300501,海顺新材,SZ,创业板,2016-02-04,C 制造业
300502.SZ,300502,新易盛,SZ,创业板,2016-03-03,C 制造业
300503.SZ,300503,昊志机电,SZ,创业板,2016-03-09,C 制造业
300504.SZ,300504,天邑股份,SZ,创业板,2018-03-30,C 制造业
300505.SZ,300505,川金诺,SZ,创业板,2016-03-15,C 制造业
300506.SZ,300506,ST名家汇,SZ,创业板,2016-03-24,E 建筑业
300507.SZ,300507,苏奥传感,SZ,创业板,2016-04-29,C 制造业
300508.SZ,300508,维宏股份,SZ,创业板,2016-04-19,C 制造业
300509.SZ,300509,新美星,SZ,创业板,2016-04-25,C 制造业
300510.SZ,300510,金冠股份,SZ,创业板,2016-05-06,C 制造业
300511.SZ,300511,雪榕生物,SZ,创业板,2016-05-04,A 农林牧渔
300512.SZ,300512,中亚股份,SZ,创业板,2016-05-26,C 制造业
300513.SZ,300513,恒实科技,SZ,创业板,2016-05-30,I 信息技术
300514.SZ,300514,友讯达,SZ,创业板,2017-04-26,C 制造业
300515.SZ,300515,三德科技,SZ,创业板,2016-06-08,C 制造业
300516.SZ,300516,久之洋,SZ,创业板,2016-06-02,C 制造业
300517.SZ,300517,海波重科,SZ,创业板,2016-07-19,E 建筑业
300518.SZ,300518,新迅达,SZ,创业板,2016-06-24,I 信息技术
300519.SZ,300519,新光药业,SZ,创业板,2016-06-24,C 制造业
300520.SZ,300520,科大国创,SZ,创业板,2016-07-08,I 信息技术
300521.SZ,300521,爱司凯,SZ,创业板,2016-07-05,C 制造业
300522.SZ,300522,世名科技,SZ,创业板,2016-07-05,C 制造业
300523.SZ,300523,辰安科技,SZ,创业板,2016-07-26,I 信息技术
300525.SZ,300525,博思软件,SZ,创业板,2016-07-26,I 信息技术
300527.SZ,300527,ST应急,SZ,创业板,2016-08-05,C 制造业
300528.SZ,300528,幸福蓝海,SZ,创业板,2016-08-08,R 文化传播
300529.SZ,300529,健帆生物,SZ,创业板,2016-08-02,C 制造业
300530.SZ,300530,领湃科技,SZ,创业板,2016-08-09,C 制造业
300531.SZ,300531,优博讯,SZ,创业板,2016-08-09,C 制造业
300532.SZ,300532,今天国际,SZ,创业板,2016-08-18,I 信息技术
300533.SZ,300533,冰川网络,SZ,创业板,2016-08-18,I 信息技术
300534.SZ,300534,陇神戎发,SZ,创业板,2016-09-13,C 制造业
300535.SZ,300535,达威股份,SZ,创业板,2016-08-12,C 制造业
300536.SZ,300536,农尚环境,SZ,创业板,2016-09-20,E 建筑业
300537.SZ,300537,广信材料,SZ,创业板,2016-08-30,C 制造业
300538.SZ,300538,同益股份,SZ,创业板,2016-08-26,F 批发零售
300539.SZ,300539,横河精密,SZ,创业板,2016-08-30,C 制造业
300540.SZ,300540,蜀道装备,SZ,创业板,2016-08-23,C 制造业
300541.SZ,300541,先进数通,SZ,创业板,2016-09-13,I 信息技术
300542.SZ,300542,新晨科技,SZ,创业板,2016-09-20,I 信息技术
300543.SZ,300543,朗科智能,SZ,创业板,2016-09-08,C 制造业
300545.SZ,300545,联得装备,SZ,创业板,2016-09-28,C 制造业
300546.SZ,300546,雄帝科技,SZ,创业板,2016-09-28,C 制造业
300547.SZ,300547,川环科技,SZ,创业板,2016-09-30,C 制造业
300548.SZ,300548,长芯博创,SZ,创业板,2016-10-12,C 制造业
300549.SZ,300549,优德精密,SZ,创业板,2016-09-30,C 制造业
300550.SZ,300550,和仁科技,SZ,创业板,2016-10-18,I 信息技术
300551.SZ,300551,古鳌科技,SZ,创业板,2016-10-18,C 制造业
300552.SZ,300552,万集科技,SZ,创业板,2016-10-21,C 制造业
300553.SZ,300553,集智股份,SZ,创业板,2016-10-21,C 制造业
300554.SZ,300554,三超新材,SZ,创业板,2017-04-21,C 制造业
300555.SZ,300555,ST路通,SZ,创业板,2016-10-18,C 制造业
300556.SZ,300556,丝路视觉,SZ,创业板,2016-11-04,I 信息技术
300557.SZ,300557,理工光科,SZ,创业板,2016-11-01,C 制造业
300558.SZ,300558,贝达药业,SZ,创业板,2016-11-07,C 制造业
300559.SZ,300559,佳发教育,SZ,创业板,2016-11-01,I 信息技术
300560.SZ,300560,中富通,SZ,创业板,2016-11-01,I 信息技术
300561.SZ,300561,*ST汇科,SZ,创业板,2016-11-17,I 信息技术
300562.SZ,300562,乐心医疗,SZ,创业板,2016-11-16,C 制造业
300563.SZ,300563,神宇股份,SZ,创业板,2016-11-14,C 制造业
300564.SZ,300564,筑博设计,SZ,创业板,2019-11-08,M 科研服务
300565.SZ,300565,科信技术,SZ,创业板,2016-11-22,C 制造业
300566.SZ,300566,激智科技,SZ,创业板,2016-11-15,C 制造业
300567.SZ,300567,精测电子,SZ,创业板,2016-11-22,C 制造业
300568.SZ,300568,星源材质,SZ,创业板,2016-12-01,C 制造业
300569.SZ,300569,天能重工,SZ,创业板,2016-11-25,C 制造业
300570.SZ,300570,太辰光,SZ,创业板,2016-12-06,C 制造业
300571.SZ,300571,平治信息,SZ,创业板,2016-12-13,C 制造业
300572.SZ,300572,安车检测,SZ,创业板,2016-12-06,C 制造业
300573.SZ,300573,兴齐眼药,SZ,创业板,2016-12-08,C 制造业
300575.SZ,300575,中旗股份,SZ,创业板,2016-12-20,C 制造业
300576.SZ,300576,容大感光,SZ,创业板,2016-12-20,C 制造业
300577.SZ,300577,开润股份,SZ,创业板,2016-12-21,C 制造业
300578.SZ,300578,会畅科技,SZ,创业板,2017-01-25,I 信息技术
300579.SZ,300579,数字认证,SZ,创业板,2016-12-23,I 信息技术
300580.SZ,300580,贝斯特,SZ,创业板,2017-01-11,C 制造业
300581.SZ,300581,晨曦航空,SZ,创业板,2016-12-20,C 制造业
300582.SZ,300582,英飞特,SZ,创业板,2016-12-28,C 制造业
300583.SZ,300583,赛托生物,SZ,创业板,2017-01-06,C 制造业
300584.SZ,300584,海辰药业,SZ,创业板,2017-01-12,C 制造业
300585.SZ,300585,奥联电子,SZ,创业板,2016-12-29,C 制造业
300586.SZ,300586,美联新材,SZ,创业板,2017-01-04,C 制造业
300587.SZ,300587,天铁科技,SZ,创业板,2017-01-05,C 制造业
300588.SZ,300588,熙菱信息,SZ,创业板,2017-01-05,I 信息技术
300589.SZ,300589,江龙船艇,SZ,创业板,2017-01-13,C 制造业
300590.SZ,300590,移为通信,SZ,创业板,2017-01-11,C 制造业
300591.SZ,300591,万里马,SZ,创业板,2017-01-10,C 制造业
300592.SZ,300592,华凯易佰,SZ,创业板,2017-01-20,F 批发零售
300593.SZ,300593,新雷能,SZ,创业板,2017-01-13,C 制造业
300594.SZ,300594,ST朗进,SZ,创业板,2019-06-21,C 制造业
300595.SZ,300595,欧普康视,SZ,创业板,2017-01-17,C 制造业
300596.SZ,300596,利安隆,SZ,创业板,2017-01-19,C 制造业
300597.SZ,300597,吉大通信,SZ,创业板,2017-01-23,I 信息技术
300598.SZ,300598,诚迈科技,SZ,创业板,2017-01-20,I 信息技术
300599.SZ,300599,雄塑科技,SZ,创业板,2017-01-23,C 制造业
300600.SZ,300600,国瑞科技,SZ,创业板,2017-01-25,C 制造业
300601.SZ,300601,康泰生物,SZ,创业板,2017-02-07,C 制造业
300602.SZ,300602,飞荣达,SZ,创业板,2017-01-26,C 制造业
300603.SZ,300603,立昂技术,SZ,创业板,2017-01-26,I 信息技术
300604.SZ,300604,长川科技,SZ,创业板,2017-04-17,C 制造业
300605.SZ,300605,恒锋信息,SZ,创业板,2017-02-08,I 信息技术
300606.SZ,300606,金太阳,SZ,创业板,2017-02-08,C 制造业
300607.SZ,300607,拓斯达,SZ,创业板,2017-02-09,C 制造业
300608.SZ,300608,思特奇,SZ,创业板,2017-02-13,I 信息技术
300609.SZ,300609,汇纳科技,SZ,创业板,2017-02-15,I 信息技术
300610.SZ,300610,晨化股份,SZ,创业板,2017-02-13,C 制造业
300611.SZ,300611,美力科技,SZ,创业板,2017-02-20,C 制造业
300612.SZ,300612,宣亚国际,SZ,创业板,2017-02-15,L 商务服务
300613.SZ,300613,富瀚微,SZ,创业板,2017-02-20,I 信息技术
300614.SZ,300614,百川畅银,SZ,创业板,2021-05-25,N 公共环保
300615.SZ,300615,欣天科技,SZ,创业板,2017-02-15,C 制造业
300616.SZ,300616,尚品宅配,SZ,创业板,2017-03-07,C 制造业
300617.SZ,300617,安靠智电,SZ,创业板,2017-02-28,C 制造业
300618.SZ,300618,寒锐钴业,SZ,创业板,2017-03-06,C 制造业
300619.SZ,300619,金银河,SZ,创业板,2017-03-01,C 制造业
300620.SZ,300620,光库科技,SZ,创业板,2017-03-10,C 制造业
300621.SZ,300621,维业股份,SZ,创业板,2017-03-16,E 建筑业
300622.SZ,300622,博士眼镜,SZ,创业板,2017-03-15,F 批发零售
300623.SZ,300623,捷捷微电,SZ,创业板,2017-03-14,C 制造业
300624.SZ,300624,万兴科技,SZ,创业板,2018-01-18,I 信息技术
300625.SZ,300625,三雄极光,SZ,创业板,2017-03-17,C 制造业
300626.SZ,300626,华瑞股份,SZ,创业板,2017-03-20,C 制造业
300627.SZ,300627,华测导航,SZ,创业板,2017-03-21,C 制造业
300628.SZ,300628,亿联网络,SZ,创业板,2017-03-17,C 制造业
300629.SZ,300629,新劲刚,SZ,创业板,2017-03-24,C 制造业
300631.SZ,300631,久吾高科,SZ,创业板,2017-03-23,C 制造业
300632.SZ,300632,光莆股份,SZ,创业板,2017-04-06,C 制造业
300633.SZ,300633,开立医疗,SZ,创业板,2017-04-06,C 制造业
300634.SZ,300634,彩讯股份,SZ,创业板,2018-03-23,I 信息技术
300635.SZ,300635,中达安,SZ,创业板,2017-03-31,M 科研服务
300636.SZ,300636,同和药业,SZ,创业板,2017-03-31,C 制造业
300637.SZ,300637,扬帆新材,SZ,创业板,2017-04-12,C 制造业
300638.SZ,300638,广和通,SZ,创业板,2017-04-13,C 制造业
300639.SZ,300639,凯普生物,SZ,创业板,2017-04-12,C 制造业
300640.SZ,300640,德艺文创,SZ,创业板,2017-04-17,C 制造业
300641.SZ,300641,正丹股份,SZ,创业板,2017-04-18,C 制造业
300642.SZ,300642,透景生命,SZ,创业板,2017-04-21,C 制造业
300643.SZ,300643,万通智控,SZ,创业板,2017-05-05,C 制造业
300644.SZ,300644,南京聚隆,SZ,创业板,2018-02-06,C 制造业
300645.SZ,300645,正元智慧,SZ,创业板,2017-04-21,I 信息技术
300647.SZ,300647,超频三,SZ,创业板,2017-05-03,C 制造业
300648.SZ,300648,星云股份,SZ,创业板,2017-04-25,C 制造业
300649.SZ,300649,杭州园林,SZ,创业板,2017-05-05,M 科研服务
300650.SZ,300650,太龙股份,SZ,创业板,2017-05-03,F 批发零售
300651.SZ,300651,金陵体育,SZ,创业板,2017-05-09,C 制造业
300652.SZ,300652,雷迪克,SZ,创业板,2017-05-16,C 制造业
300653.SZ,300653,正海生物,SZ,创业板,2017-05-16,C 制造业
300654.SZ,300654,世纪天鸿,SZ,创业板,2017-09-26,R 文化传播
300655.SZ,300655,晶瑞电材,SZ,创业板,2017-05-23,C 制造业
300656.SZ,300656,民德电子,SZ,创业板,2017-05-19,C 制造业
300657.SZ,300657,弘信电子,SZ,创业板,2017-05-23,C 制造业
300658.SZ,300658,延江股份,SZ,创业板,2017-06-02,C 制造业
300659.SZ,300659,中孚信息,SZ,创业板,2017-05-26,I 信息技术
300660.SZ,300660,江苏雷利,SZ,创业板,2017-06-02,C 制造业
300661.SZ,300661,圣邦股份,SZ,创业板,2017-06-06,C 制造业
300662.SZ,300662,科锐国际,SZ,创业板,2017-06-08,L 商务服务
300663.SZ,300663,科蓝软件,SZ,创业板,2017-06-08,I 信息技术
300664.SZ,300664,鹏鹞环保,SZ,创业板,2018-01-05,N 公共环保
300665.SZ,300665,飞鹿股份,SZ,创业板,2017-06-13,C 制造业
300666.SZ,300666,江丰电子,SZ,创业板,2017-06-15,C 制造业
300667.SZ,300667,必创科技,SZ,创业板,2017-06-19,C 制造业
300668.SZ,300668,杰恩股份,SZ,创业板,2017-06-19,L 商务服务
300669.SZ,300669,沪宁股份,SZ,创业板,2017-06-29,C 制造业
300670.SZ,300670,大烨智能,SZ,创业板,2017-07-03,C 制造业
300671.SZ,300671,富满微,SZ,创业板,2017-07-05,I 信息技术
300672.SZ,300672,国科微,SZ,创业板,2017-07-12,C 制造业
300673.SZ,300673,佩蒂股份,SZ,创业板,2017-07-11,C 制造业
300674.SZ,300674,宇信科技,SZ,创业板,2018-11-07,I 信息技术
300675.SZ,300675,建科院,SZ,创业板,2017-07-19,M 科研服务
300676.SZ,300676,华大基因,SZ,创业板,2017-07-14,M 科研服务
300677.SZ,300677,英科医疗,SZ,创业板,2017-07-21,C 制造业
300678.SZ,300678,中科信息,SZ,创业板,2017-07-28,I 信息技术
300679.SZ,300679,电连技术,SZ,创业板,2017-07-31,C 制造业
300680.SZ,300680,隆盛科技,SZ,创业板,2017-07-25,C 制造业
300681.SZ,300681,英搏尔,SZ,创业板,2017-07-25,C 制造业
300682.SZ,300682,朗新科技,SZ,创业板,2017-08-01,I 信息技术
300683.SZ,300683,海特生物,SZ,创业板,2017-08-08,C 制造业
300684.SZ,300684,中石科技,SZ,创业板,2017-12-27,C 制造业
300685.SZ,300685,艾德生物,SZ,创业板,2017-08-02,C 制造业
300686.SZ,300686,智动力,SZ,创业板,2017-08-04,C 制造业
300687.SZ,300687,赛意信息,SZ,创业板,2017-08-03,I 信息技术
300688.SZ,300688,创业黑马,SZ,创业板,2017-08-10,L 商务服务
300689.SZ,300689,澄天伟业,SZ,创业板,2017-08-09,C 制造业
300690.SZ,300690,双一科技,SZ,创业板,2017-08-08,C 制造业
300691.SZ,300691,联合光电,SZ,创业板,2017-08-11,C 制造业
300692.SZ,300692,中赋科技,SZ,创业板,2017-08-21,N 公共环保
300693.SZ,300693,盛弘股份,SZ,创业板,2017-08-22,C 制造业
300694.SZ,300694,蠡湖股份,SZ,创业板,2018-10-15,C 制造业
300695.SZ,300695,兆丰股份,SZ,创业板,2017-09-08,C 制造业
300696.SZ,300696,爱乐达,SZ,创业板,2017-08-22,C 制造业
300697.SZ,300697,电工合金,SZ,创业板,2017-09-07,C 制造业
300698.SZ,300698,万马科技,SZ,创业板,2017-08-31,C 制造业
300699.SZ,300699,光威复材,SZ,创业板,2017-09-01,C 制造业
300700.SZ,300700,岱勒新材,SZ,创业板,2017-09-12,C 制造业
300701.SZ,300701,森霸传感,SZ,创业板,2017-09-15,C 制造业
300702.SZ,300702,天宇股份,SZ,创业板,2017-09-19,C 制造业
300703.SZ,300703,创源股份,SZ,创业板,2017-09-19,C 制造业
300705.SZ,300705,九典制药,SZ,创业板,2017-10-10,C 制造业
300706.SZ,300706,阿石创,SZ,创业板,2017-09-26,C 制造业
300707.SZ,300707,威唐工业,SZ,创业板,2017-10-10,C 制造业
300708.SZ,300708,聚灿光电,SZ,创业板,2017-10-16,C 制造业
300709.SZ,300709,精研科技,SZ,创业板,2017-10-19,C 制造业
300710.SZ,300710,万隆光电,SZ,创业板,2017-10-19,C 制造业
300711.SZ,300711,广哈通信,SZ,创业板,2017-11-01,C 制造业
300712.SZ,300712,永福股份,SZ,创业板,2017-10-31,E 建筑业
300713.SZ,300713,英可瑞,SZ,创业板,2017-11-01,C 制造业
300715.SZ,300715,凯伦股份,SZ,创业板,2017-10-26,C 制造业
300716.SZ,300716,ST泉为,SZ,创业板,2017-11-09,C 制造业
300717.SZ,300717,华信新材,SZ,创业板,2017-11-06,C 制造业
300718.SZ,300718,长盛轴承,SZ,创业板,2017-11-06,C 制造业
300719.SZ,300719,安达维尔,SZ,创业板,2017-11-09,C 制造业
300720.SZ,300720,海川智能,SZ,创业板,2017-11-06,C 制造业
300721.SZ,300721,怡达股份,SZ,创业板,2017-11-15,C 制造业
300722.SZ,300722,新余国科,SZ,创业板,2017-11-10,C 制造业
300723.SZ,300723,一品红,SZ,创业板,2017-11-16,C 制造业
300724.SZ,300724,捷佳伟创,SZ,创业板,2018-08-10,C 制造业
300725.SZ,300725,药石科技,SZ,创业板,2017-11-10,M 科研服务
300726.SZ,300726,宏达电子,SZ,创业板,2017-11-21,C 制造业
300727.SZ,300727,润禾材料,SZ,创业板,2017-11-27,C 制造业
300729.SZ,300729,乐歌股份,SZ,创业板,2017-12-01,C 制造业
300730.SZ,300730,科创信息,SZ,创业板,2017-12-05,I 信息技术
300731.SZ,300731,科创新源,SZ,创业板,2017-12-08,C 制造业
300732.SZ,300732,设研院,SZ,创业板,2017-12-12,M 科研服务
300733.SZ,300733,西菱动力,SZ,创业板,2018-01-16,C 制造业
300735.SZ,300735,光弘科技,SZ,创业板,2017-12-29,C 制造业
300736.SZ,300736,百邦科技,SZ,创业板,2018-01-09,O 居民服务
300737.SZ,300737,科顺股份,SZ,创业板,2018-01-25,C 制造业
300738.SZ,300738,奥飞数据,SZ,创业板,2018-01-19,I 信息技术
300739.SZ,300739,明阳电路,SZ,创业板,2018-02-01,C 制造业
300740.SZ,300740,水羊股份,SZ,创业板,2018-02-08,C 制造业
300741.SZ,300741,华宝股份,SZ,创业板,2018-03-01,C 制造业
300743.SZ,300743,天地数码,SZ,创业板,2018-04-27,C 制造业
300745.SZ,300745,欣锐科技,SZ,创业板,2018-05-23,C 制造业
300746.SZ,300746,汉嘉数智,SZ,创业板,2018-05-25,M 科研服务
300747.SZ,300747,锐科激光,SZ,创业板,2018-06-25,C 制造业
300748.SZ,300748,金力永磁,SZ,创业板,2018-09-21,C 制造业
300749.SZ,300749,顶固集创,SZ,创业板,2018-09-25,C 制造业
300750.SZ,300750,宁德时代,SZ,创业板,2018-06-11,C 制造业
300751.SZ,300751,迈为股份,SZ,创业板,2018-11-09,C 制造业
300752.SZ,300752,隆利科技,SZ,创业板,2018-11-30,C 制造业
300753.SZ,300753,爱朋医疗,SZ,创业板,2018-12-13,C 制造业
300755.SZ,300755,华致酒行,SZ,创业板,2019-01-29,F 批发零售
300756.SZ,300756,金马游乐,SZ,创业板,2018-12-28,C 制造业
300757.SZ,300757,罗博特科,SZ,创业板,2019-01-08,C 制造业
300758.SZ,300758,七彩化学,SZ,创业板,2019-02-22,C 制造业
300759.SZ,300759,康龙化成,SZ,创业板,2019-01-28,M 科研服务
300760.SZ,300760,迈瑞医疗,SZ,创业板,2018-10-16,C 制造业
300761.SZ,300761,立华股份,SZ,创业板,2019-02-18,A 农林牧渔
300762.SZ,300762,上海瀚讯,SZ,创业板,2019-03-14,C 制造业
300763.SZ,300763,锦浪科技,SZ,创业板,2019-03-19,C 制造业
300765.SZ,300765,新诺威,SZ,创业板,2019-03-22,C 制造业
300766.SZ,300766,每日互动,SZ,创业板,2019-03-25,I 信息技术
300767.SZ,300767,震安科技,SZ,创业板,2019-03-29,C 制造业
300768.SZ,300768,迪普科技,SZ,创业板,2019-04-12,I 信息技术
300769.SZ,300769,德方纳米,SZ,创业板,2019-04-15,C 制造业
300770.SZ,300770,新媒股份,SZ,创业板,2019-04-19,I 信息技术
300771.SZ,300771,智莱科技,SZ,创业板,2019-04-22,C 制造业
300772.SZ,300772,运达股份,SZ,创业板,2019-04-26,C 制造业
300773.SZ,300773,拉卡拉,SZ,创业板,2019-04-25,I 信息技术
300774.SZ,300774,倍杰特,SZ,创业板,2021-08-04,N 公共环保
300775.SZ,300775,三角防务,SZ,创业板,2019-05-21,C 制造业
300776.SZ,300776,帝尔激光,SZ,创业板,2019-05-17,C 制造业
300777.SZ,300777,中简科技,SZ,创业板,2019-05-16,C 制造业
300778.SZ,300778,新城市,SZ,创业板,2019-05-10,M 科研服务
300779.SZ,300779,惠城环保,SZ,创业板,2019-05-22,C 制造业
300780.SZ,300780,德恩精工,SZ,创业板,2019-05-31,C 制造业
300781.SZ,300781,因赛集团,SZ,创业板,2019-06-06,L 商务服务
300782.SZ,300782,卓胜微,SZ,创业板,2019-06-18,C 制造业
300783.SZ,300783,三只松鼠,SZ,创业板,2019-07-12,F 批发零售
300784.SZ,300784,利安科技,SZ,创业板,2024-06-07,C 制造业
300785.SZ,300785,值得买,SZ,创业板,2019-07-15,I 信息技术
300786.SZ,300786,国林科技,SZ,创业板,2019-07-23,C 制造业
300787.SZ,300787,海能实业,SZ,创业板,2019-08-15,C 制造业
300788.SZ,300788,中信出版,SZ,创业板,2019-07-05,R 文化传播
300789.SZ,300789,唐源电气,SZ,创业板,2019-08-28,I 信息技术
300790.SZ,300790,宇瞳光学,SZ,创业板,2019-09-20,C 制造业
300791.SZ,300791,仙乐健康,SZ,创业板,2019-09-25,C 制造业
300792.SZ,300792,壹网壹创,SZ,创业板,2019-09-27,I 信息技术
300793.SZ,300793,佳禾智能,SZ,创业板,2019-10-18,C 制造业
300795.SZ,300795,米奥会展,SZ,创业板,2019-10-22,L 商务服务
300796.SZ,300796,贝斯美,SZ,创业板,2019-11-15,C 制造业
300797.SZ,300797,钢研纳克,SZ,创业板,2019-11-01,M 科研服务
300798.SZ,300798,锦鸡股份,SZ,创业板,2019-11-22,C 制造业
300800.SZ,300800,力合科技,SZ,创业板,2019-11-06,C 制造业
300801.SZ,300801,泰和科技,SZ,创业板,2019-11-28,C 制造业
300802.SZ,300802,矩子科技,SZ,创业板,2019-11-14,C 制造业
300803.SZ,300803,指南针,SZ,创业板,2019-11-18,J 金融业
300804.SZ,300804,广康生化,SZ,创业板,2023-06-27,C 制造业
300805.SZ,300805,电声股份,SZ,创业板,2019-11-21,L 商务服务
300806.SZ,300806,斯迪克,SZ,创业板,2019-11-25,C 制造业
300807.SZ,300807,天迈科技,SZ,创业板,2019-12-19,C 制造业
300808.SZ,300808,久量股份,SZ,创业板,2019-11-29,C 制造业
300809.SZ,300809,华辰装备,SZ,创业板,2019-12-04,C 制造业
300810.SZ,300810,中科海讯,SZ,创业板,2019-12-06,I 信息技术
300811.SZ,300811,铂科新材,SZ,创业板,2019-12-30,C 制造业
300812.SZ,300812,易天股份,SZ,创业板,2020-01-09,C 制造业
300813.SZ,300813,泰林生物,SZ,创业板,2020-01-14,C 制造业
300814.SZ,300814,中富电路,SZ,创业板,2021-08-12,C 制造业
300815.SZ,300815,玉禾田,SZ,创业板,2020-01-23,N 公共环保
300816.SZ,300816,艾可蓝,SZ,创业板,2020-02-10,N 公共环保
300817.SZ,300817,双飞集团,SZ,创业板,2020-02-18,C 制造业
300818.SZ,300818,耐普矿机,SZ,创业板,2020-02-12,C 制造业
300819.SZ,300819,聚杰微纤,SZ,创业板,2020-03-12,C 制造业
300820.SZ,300820,英杰电气,SZ,创业板,2020-02-13,C 制造业
300821.SZ,300821,东岳硅材,SZ,创业板,2020-03-12,C 制造业
300822.SZ,300822,贝仕达克,SZ,创业板,2020-03-13,C 制造业
300823.SZ,300823,建科智能,SZ,创业板,2020-03-19,C 制造业
300824.SZ,300824,北鼎股份,SZ,创业板,2020-06-19,C 制造业
300825.SZ,300825,阿尔特,SZ,创业板,2020-03-27,M 科研服务
300826.SZ,300826,测绘股份,SZ,创业板,2020-04-03,M 科研服务
300827.SZ,300827,上能电气,SZ,创业板,2020-04-10,C 制造业
300828.SZ,300828,锐新科技,SZ,创业板,2020-04-21,C 制造业
300829.SZ,300829,金丹科技,SZ,创业板,2020-04-22,C 制造业
300830.SZ,300830,金现代,SZ,创业板,2020-05-06,I 信息技术
300831.SZ,300831,派瑞股份,SZ,创业板,2020-05-07,C 制造业
300832.SZ,300832,新产业,SZ,创业板,2020-05-12,C 制造业
300833.SZ,300833,浩洋股份,SZ,创业板,2020-05-20,C 制造业
300834.SZ,300834,星辉环材,SZ,创业板,2022-01-13,C 制造业
300835.SZ,300835,龙磁科技,SZ,创业板,2020-05-25,C 制造业
300836.SZ,300836,佰奥智能,SZ,创业板,2020-05-28,C 制造业
300837.SZ,300837,浙矿股份,SZ,创业板,2020-06-05,C 制造业
300838.SZ,300838,浙江力诺,SZ,创业板,2020-06-08,C 制造业
300839.SZ,300839,博汇股份,SZ,创业板,2020-06-30,C 制造业
300840.SZ,300840,酷特智能,SZ,创业板,2020-07-08,C 制造业
300841.SZ,300841,康华生物,SZ,创业板,2020-06-16,C 制造业
300842.SZ,300842,帝科股份,SZ,创业板,2020-06-18,C 制造业
300843.SZ,300843,胜蓝股份,SZ,创业板,2020-07-02,C 制造业
300844.SZ,300844,山水比德,SZ,创业板,2021-08-13,M 科研服务
300845.SZ,300845,捷安高科,SZ,创业板,2020-07-03,I 信息技术
300846.SZ,300846,首都在线,SZ,创业板,2020-07-01,I 信息技术
300847.SZ,300847,中船汉光,SZ,创业板,2020-07-09,C 制造业
300848.SZ,300848,美瑞新材,SZ,创业板,2020-07-20,C 制造业
300849.SZ,300849,锦盛新材,SZ,创业板,2020-07-10,C 制造业
300850.SZ,300850,新强联,SZ,创业板,2020-07-13,C 制造业
300851.SZ,300851,交大思诺,SZ,创业板,2020-07-17,I 信息技术
300852.SZ,300852,四会富仕,SZ,创业板,2020-07-13,C 制造业
300853.SZ,300853,申昊科技,SZ,创业板,2020-07-24,C 制造业
300854.SZ,300854,中兰环保,SZ,创业板,2021-09-16,N 公共环保
300855.SZ,300855,图南股份,SZ,创业板,2020-07-23,C 制造业
300856.SZ,300856,科思股份,SZ,创业板,2020-07-22,C 制造业
300857.SZ,300857,协创数据,SZ,创业板,2020-07-27,C 制造业
300858.SZ,300858,科拓生物,SZ,创业板,2020-07-27,C 制造业
300859.SZ,300859,西域旅游,SZ,创业板,2020-08-06,N 公共环保
300860.SZ,300860,锋尚文化,SZ,创业板,2020-08-24,R 文化传播
300861.SZ,300861,美畅股份,SZ,创业板,2020-08-24,C 制造业
300862.SZ,300862,蓝盾光电,SZ,创业板,2020-08-24,C 制造业
300863.SZ,300863,卡倍亿,SZ,创业板,2020-08-24,C 制造业
300864.SZ,300864,南大环境,SZ,创业板,2020-08-24,L 商务服务
300865.SZ,300865,大宏立,SZ,创业板,2020-08-24,C 制造业
300866.SZ,300866,安克创新,SZ,创业板,2020-08-24,C 制造业
300867.SZ,300867,圣元环保,SZ,创业板,2020-08-24,N 公共环保
300868.SZ,300868,杰美特,SZ,创业板,2020-08-24,C 制造业
300869.SZ,300869,康泰医学,SZ,创业板,2020-08-24,C 制造业
300870.SZ,300870,欧陆通,SZ,创业板,2020-08-24,C 制造业
300871.SZ,300871,回盛生物,SZ,创业板,2020-08-24,C 制造业
300872.SZ,300872,天阳科技,SZ,创业板,2020-08-24,I 信息技术
300873.SZ,300873,海晨股份,SZ,创业板,2020-08-24,G 运输仓储
300875.SZ,300875,捷强装备,SZ,创业板,2020-08-24,C 制造业
300876.SZ,300876,蒙泰高新,SZ,创业板,2020-08-24,C 制造业
300877.SZ,300877,金春股份,SZ,创业板,2020-08-24,C 制造业
300878.SZ,300878,维康药业,SZ,创业板,2020-08-24,C 制造业
300879.SZ,300879,大叶股份,SZ,创业板,2020-09-01,C 制造业
300880.SZ,300880,迦南智能,SZ,创业板,2020-09-01,C 制造业
300881.SZ,300881,盛德鑫泰,SZ,创业板,2020-09-01,C 制造业
300882.SZ,300882,万胜智能,SZ,创业板,2020-09-10,C 制造业
300883.SZ,300883,龙利得,SZ,创业板,2020-09-10,C 制造业
300884.SZ,300884,狄耐克,SZ,创业板,2020-11-12,C 制造业
300885.SZ,300885,海昌新材,SZ,创业板,2020-09-10,C 制造业
300886.SZ,300886,华业香料,SZ,创业板,2020-09-16,C 制造业
300887.SZ,300887,谱尼测试,SZ,创业板,2020-09-16,M 科研服务
300888.SZ,300888,稳健医疗,SZ,创业板,2020-09-17,C 制造业
300889.SZ,300889,爱克股份,SZ,创业板,2020-09-16,C 制造业
300890.SZ,300890,翔丰华,SZ,创业板,2020-09-17,C 制造业
300891.SZ,300891,惠云钛业,SZ,创业板,2020-09-17,C 制造业
300892.SZ,300892,品渥食品,SZ,创业板,2020-09-24,F 批发零售
300893.SZ,300893,松原安全,SZ,创业板,2020-09-24,C 制造业
300894.SZ,300894,火星人,SZ,创业板,2020-12-31,C 制造业
300895.SZ,300895,铜牛信息,SZ,创业板,2020-09-24,I 信息技术
300896.SZ,300896,爱美客,SZ,创业板,2020-09-28,C 制造业
300897.SZ,300897,山科智能,SZ,创业板,2020-09-28,C 制造业
300898.SZ,300898,熊猫乳品,SZ,创业板,2020-10-16,C 制造业
300899.SZ,300899,*ST凯鑫,SZ,创业板,2020-10-16,N 公共环保
300900.SZ,300900,广联航空,SZ,创业板,2020-10-29,C 制造业
300901.SZ,300901,中胤时尚,SZ,创业板,2020-10-29,M 科研服务
300902.SZ,300902,国安达,SZ,创业板,2020-10-29,C 制造业
300903.SZ,300903,科翔股份,SZ,创业板,2020-11-05,C 制造业
300904.SZ,300904,威力传动,SZ,创业板,2023-08-09,C 制造业
300905.SZ,300905,宝丽迪,SZ,创业板,2020-11-05,C 制造业
300906.SZ,300906,日月明,SZ,创业板,2020-11-05,C 制造业
300907.SZ,300907,康平科技,SZ,创业板,2020-11-18,C 制造业
300908.SZ,300908,仲景食品,SZ,创业板,2020-11-23,C 制造业
300909.SZ,300909,汇创达,SZ,创业板,2020-11-18,C 制造业
300910.SZ,300910,瑞丰新材,SZ,创业板,2020-11-27,C 制造业
300911.SZ,300911,亿田智能,SZ,创业板,2020-12-03,C 制造业
300912.SZ,300912,凯龙高科,SZ,创业板,2020-12-07,N 公共环保
300913.SZ,300913,兆龙互连,SZ,创业板,2020-12-07,C 制造业
300915.SZ,300915,海融科技,SZ,创业板,2020-12-02,C 制造业
300916.SZ,300916,朗特智能,SZ,创业板,2020-12-02,C 制造业
300917.SZ,300917,特发服务,SZ,创业板,2020-12-21,K 房地产
300918.SZ,300918,南山智尚,SZ,创业板,2020-12-22,C 制造业
300919.SZ,300919,中伟新材,SZ,创业板,2020-12-23,C 制造业
300920.SZ,300920,润阳科技,SZ,创业板,2020-12-25,C 制造业
300921.SZ,300921,南凌科技,SZ,创业板,2020-12-22,I 信息技术
300922.SZ,300922,天秦装备,SZ,创业板,2020-12-25,C 制造业
300923.SZ,300923,研奥股份,SZ,创业板,2020-12-24,C 制造业
300925.SZ,300925,法本信息,SZ,创业板,2020-12-30,I 信息技术
300926.SZ,300926,博俊科技,SZ,创业板,2021-01-07,C 制造业
300927.SZ,300927,江天化学,SZ,创业板,2021-01-07,C 制造业
300928.SZ,300928,华安鑫创,SZ,创业板,2021-01-06,M 科研服务
300929.SZ,300929,华骐环保,SZ,创业板,2021-01-20,N 公共环保
300930.SZ,300930,屹通新材,SZ,创业板,2021-01-21,C 制造业
300931.SZ,300931,通用电梯,SZ,创业板,2021-01-21,C 制造业
300932.SZ,300932,三友联众,SZ,创业板,2021-01-22,C 制造业
300933.SZ,300933,中辰股份,SZ,创业板,2021-01-22,C 制造业
300935.SZ,300935,盈建科,SZ,创业板,2021-01-20,I 信息技术
300936.SZ,300936,中英科技,SZ,创业板,2021-01-26,C 制造业
300937.SZ,300937,药易购,SZ,创业板,2021-01-27,F 批发零售
300938.SZ,300938,信测标准,SZ,创业板,2021-01-27,M 科研服务
300939.SZ,300939,秋田微,SZ,创业板,2021-01-28,C 制造业
300940.SZ,300940,南极光,SZ,创业板,2021-02-03,C 制造业
300941.SZ,300941,创识科技,SZ,创业板,2021-02-09,I 信息技术
300942.SZ,300942,易瑞生物,SZ,创业板,2021-02-09,C 制造业
300943.SZ,300943,春晖智控,SZ,创业板,2021-02-10,C 制造业
300945.SZ,300945,曼卡龙,SZ,创业板,2021-02-10,F 批发零售
300946.SZ,300946,恒而达,SZ,创业板,2021-02-08,C 制造业
300947.SZ,300947,德必集团,SZ,创业板,2021-02-10,L 商务服务
300948.SZ,300948,冠中生态,SZ,创业板,2021-02-25,N 公共环保
300949.SZ,300949,奥雅股份,SZ,创业板,2021-02-26,M 科研服务
300950.SZ,300950,德固特,SZ,创业板,2021-03-03,C 制造业
300951.SZ,300951,博硕科技,SZ,创业板,2021-02-26,C 制造业
300952.SZ,300952,恒辉安防,SZ,创业板,2021-03-11,C 制造业
300953.SZ,300953,震裕科技,SZ,创业板,2021-03-18,C 制造业
300955.SZ,300955,嘉亨家化,SZ,创业板,2021-03-24,C 制造业
300956.SZ,300956,英力股份,SZ,创业板,2021-03-26,C 制造业
300957.SZ,300957,贝泰妮,SZ,创业板,2021-03-25,C 制造业
300958.SZ,300958,建工修复,SZ,创业板,2021-03-29,N 公共环保
300959.SZ,300959,线上线下,SZ,创业板,2021-03-22,I 信息技术
300960.SZ,300960,通业科技,SZ,创业板,2021-03-29,C 制造业
300961.SZ,300961,深水海纳,SZ,创业板,2021-03-30,N 公共环保
300962.SZ,300962,中金辐照,SZ,创业板,2021-04-09,C 制造业
300963.SZ,300963,中洲特材,SZ,创业板,2021-04-09,C 制造业
300964.SZ,300964,本川智能,SZ,创业板,2021-08-05,C 制造业
300965.SZ,300965,恒宇信通,SZ,创业板,2021-04-02,C 制造业
300966.SZ,300966,共同药业,SZ,创业板,2021-04-09,C 制造业
300967.SZ,300967,晓鸣股份,SZ,创业板,2021-04-13,A 农林牧渔
300968.SZ,300968,格林精密,SZ,创业板,2021-04-15,C 制造业
300969.SZ,300969,恒帅股份,SZ,创业板,2021-04-12,C 制造业
300970.SZ,300970,华绿生物,SZ,创业板,2021-04-12,A 农林牧渔
300971.SZ,300971,博亚精工,SZ,创业板,2021-04-15,C 制造业
300972.SZ,300972,万辰集团,SZ,创业板,2021-04-19,F 批发零售
300973.SZ,300973,立高食品,SZ,创业板,2021-04-15,C 制造业
300975.SZ,300975,商络电子,SZ,创业板,2021-04-21,F 批发零售
300976.SZ,300976,达瑞电子,SZ,创业板,2021-04-19,C 制造业
300977.SZ,300977,深圳瑞捷,SZ,创业板,2021-04-20,M 科研服务
300978.SZ,300978,东箭科技,SZ,创业板,2021-04-26,C 制造业
300979.SZ,300979,华利集团,SZ,创业板,2021-04-26,C 制造业
300980.SZ,300980,祥源新材,SZ,创业板,2021-04-21,C 制造业
300981.SZ,300981,中红医疗,SZ,创业板,2021-04-27,C 制造业
300982.SZ,300982,苏文电能,SZ,创业板,2021-04-27,E 建筑业
300983.SZ,300983,尤安设计,SZ,创业板,2021-04-20,M 科研服务
300984.SZ,300984,金沃股份,SZ,创业板,2021-06-18,C 制造业
300985.SZ,300985,致远新能,SZ,创业板,2021-04-29,C 制造业
300986.SZ,300986,志特新材,SZ,创业板,2021-04-30,C 制造业
300987.SZ,300987,川网传媒,SZ,创业板,2021-05-11,I 信息技术
300988.SZ,300988,津荣天宇,SZ,创业板,2021-05-12,C 制造业
300989.SZ,300989,蕾奥规划,SZ,创业板,2021-05-07,M 科研服务
300990.SZ,300990,同飞股份,SZ,创业板,2021-05-12,C 制造业
300991.SZ,300991,创益通,SZ,创业板,2021-05-20,C 制造业
300992.SZ,300992,泰福泵业,SZ,创业板,2021-05-25,C 制造业
300993.SZ,300993,玉马科技,SZ,创业板,2021-05-24,C 制造业
300994.SZ,300994,久祺股份,SZ,创业板,2021-08-12,C 制造业
300995.SZ,300995,奇德新材,SZ,创业板,2021-05-26,C 制造业
300996.SZ,300996,普联软件,SZ,创业板,2021-06-03,I 信息技术
300997.SZ,300997,欢乐家,SZ,创业板,2021-06-02,C 制造业
300998.SZ,300998,宁波方正,SZ,创业板,2021-06-02,C 制造业
300999.SZ,300999,金龙鱼,SZ,创业板,2020-10-15,C 制造业
301000.SZ,301000,肇民科技,SZ,创业板,2021-05-28,C 制造业
301001.SZ,301001,凯淳股份,SZ,创业板,2021-05-28,F 批发零售
301002.SZ,301002,崧盛股份,SZ,创业板,2021-06-07,C 制造业
301003.SZ,301003,江苏博云,SZ,创业板,2021-06-01,C 制造业
301004.SZ,301004,嘉益股份,SZ,创业板,2021-06-25,C 制造业
301005.SZ,301005,超捷股份,SZ,创业板,2021-06-01,C 制造业
301006.SZ,301006,迈拓股份,SZ,创业板,2021-06-07,C 制造业
301007.SZ,301007,德迈仕,SZ,创业板,2021-06-16,C 制造业
301008.SZ,301008,宏昌科技,SZ,创业板,2021-06-11,C 制造业
301009.SZ,301009,可靠股份,SZ,创业板,2021-06-17,C 制造业
301010.SZ,301010,晶雪节能,SZ,创业板,2021-06-18,C 制造业
301011.SZ,301011,华立科技,SZ,创业板,2021-06-17,C 制造业
301012.SZ,301012,扬电科技,SZ,创业板,2021-06-22,C 制造业
301013.SZ,301013,利和兴,SZ,创业板,2021-06-29,C 制造业
301015.SZ,301015,百洋医药,SZ,创业板,2021-06-30,F 批发零售
301016.SZ,301016,雷尔伟,SZ,创业板,2021-06-30,C 制造业
301017.SZ,301017,漱玉平民,SZ,创业板,2021-07-05,F 批发零售
301018.SZ,301018,申菱环境,SZ,创业板,2021-07-07,C 制造业
301019.SZ,301019,宁波色母,SZ,创业板,2021-06-28,C 制造业
301020.SZ,301020,密封科技,SZ,创业板,2021-07-06,C 制造业
301021.SZ,301021,英诺激光,SZ,创业板,2021-07-06,C 制造业
301022.SZ,301022,海泰科,SZ,创业板,2021-07-02,C 制造业
301023.SZ,301023,奕帆传动,SZ,创业板,2021-07-07,C 制造业
301024.SZ,301024,霍普股份,SZ,创业板,2021-07-28,M 科研服务
301025.SZ,301025,读客文化,SZ,创业板,2021-07-19,R 文化传播
301026.SZ,301026,浩通科技,SZ,创业板,2021-07-16,C 制造业
301027.SZ,301027,华蓝集团,SZ,创业板,2021-07-15,M 科研服务
301028.SZ,301028,鼎熔岩,SZ,创业板,2021-07-20,C 制造业
301029.SZ,301029,怡合达,SZ,创业板,2021-07-23,C 制造业
301030.SZ,301030,仕净科技,SZ,创业板,2021-07-22,C 制造业
301031.SZ,301031,中熔电气,SZ,创业板,2021-07-15,C 制造业
301032.SZ,301032,新柴股份,SZ,创业板,2021-07-22,C 制造业
301033.SZ,301033,迈普医学,SZ,创业板,2021-07-26,C 制造业
301035.SZ,301035,润丰股份,SZ,创业板,2021-07-28,C 制造业
301036.SZ,301036,双乐股份,SZ,创业板,2021-07-29,C 制造业
301037.SZ,301037,保立佳,SZ,创业板,2021-07-30,C 制造业
301038.SZ,301038,深水规院,SZ,创业板,2021-08-04,M 科研服务
301039.SZ,301039,中集车辆,SZ,创业板,2021-07-08,C 制造业
301040.SZ,301040,中环海陆,SZ,创业板,2021-08-03,C 制造业
301041.SZ,301041,金百泽,SZ,创业板,2021-08-11,C 制造业
301042.SZ,301042,安联锐视,SZ,创业板,2021-08-05,C 制造业
301043.SZ,301043,绿岛风,SZ,创业板,2021-08-11,C 制造业
301045.SZ,301045,天禄科技,SZ,创业板,2021-08-13,C 制造业
301046.SZ,301046,能辉科技,SZ,创业板,2021-08-17,E 建筑业
301047.SZ,301047,义翘神州,SZ,创业板,2021-08-16,M 科研服务
301048.SZ,301048,金鹰重工,SZ,创业板,2021-08-18,C 制造业
301049.SZ,301049,超越科技,SZ,创业板,2021-08-24,N 公共环保
301050.SZ,301050,雷电微力,SZ,创业板,2021-08-24,C 制造业
301051.SZ,301051,信濠光电,SZ,创业板,2021-08-27,C 制造业
301052.SZ,301052,果麦文化,SZ,创业板,2021-08-30,R 文化传播
301053.SZ,301053,远信工业,SZ,创业板,2021-09-01,C 制造业
301055.SZ,301055,张小泉,SZ,创业板,2021-09-06,C 制造业
301056.SZ,301056,森赫股份,SZ,创业板,2021-09-07,C 制造业
301057.SZ,301057,汇隆新材,SZ,创业板,2021-09-09,C 制造业
301058.SZ,301058,中粮科工,SZ,创业板,2021-09-09,M 科研服务
301059.SZ,301059,金三江,SZ,创业板,2021-09-13,C 制造业
301060.SZ,301060,兰卫医学,SZ,创业板,2021-09-13,F 批发零售
301061.SZ,301061,匠心家居,SZ,创业板,2021-09-13,C 制造业
301062.SZ,301062,上海艾录,SZ,创业板,2021-09-14,C 制造业
301063.SZ,301063,海锅股份,SZ,创业板,2021-09-24,C 制造业
301065.SZ,301065,本立科技,SZ,创业板,2021-09-14,C 制造业
301066.SZ,301066,万事利,SZ,创业板,2021-09-22,C 制造业
301067.SZ,301067,显盈科技,SZ,创业板,2021-09-22,C 制造业
301068.SZ,301068,大地海洋,SZ,创业板,2021-09-28,C 制造业
301069.SZ,301069,凯盛新材,SZ,创业板,2021-09-27,C 制造业
301070.SZ,301070,开勒股份,SZ,创业板,2021-09-23,C 制造业
301071.SZ,301071,力量钻石,SZ,创业板,2021-09-24,C 制造业
301072.SZ,301072,中捷精工,SZ,创业板,2021-09-29,C 制造业
301073.SZ,301073,君亭酒店,SZ,创业板,2021-09-30,H 住宿餐饮
301075.SZ,301075,多瑞医药,SZ,创业板,2021-09-29,C 制造业
301076.SZ,301076,新瀚新材,SZ,创业板,2021-10-11,C 制造业
301077.SZ,301077,星华新材,SZ,创业板,2021-09-30,C 制造业
301078.SZ,301078,孩子王,SZ,创业板,2021-10-14,F 批发零售
301079.SZ,301079,邵阳液压,SZ,创业板,2021-10-19,C 制造业
301080.SZ,301080,百普赛斯,SZ,创业板,2021-10-18,M 科研服务
301081.SZ,301081,严牌股份,SZ,创业板,2021-10-20,C 制造业
301082.SZ,301082,久盛电气,SZ,创业板,2021-10-27,C 制造业
301083.SZ,301083,百胜智能,SZ,创业板,2021-10-21,C 制造业
301085.SZ,301085,亚康股份,SZ,创业板,2021-10-18,I 信息技术
301086.SZ,301086,鸿富瀚,SZ,创业板,2021-10-20,C 制造业
301087.SZ,301087,可孚医疗,SZ,创业板,2021-10-25,C 制造业
301088.SZ,301088,戎美股份,SZ,创业板,2021-10-28,F 批发零售
301089.SZ,301089,拓新药业,SZ,创业板,2021-10-27,C 制造业
301090.SZ,301090,华润材料,SZ,创业板,2021-10-26,C 制造业
301091.SZ,301091,深城交,SZ,创业板,2021-10-29,M 科研服务
301092.SZ,301092,争光股份,SZ,创业板,2021-11-02,C 制造业
301093.SZ,301093,华兰股份,SZ,创业板,2021-11-01,C 制造业
301095.SZ,301095,广立微,SZ,创业板,2022-08-05,I 信息技术
301096.SZ,301096,百诚医药,SZ,创业板,2021-12-20,M 科研服务
301097.SZ,301097,天益医疗,SZ,创业板,2022-04-07,C 制造业
301098.SZ,301098,金埔园林,SZ,创业板,2021-11-12,E 建筑业
301099.SZ,301099,雅创电子,SZ,创业板,2021-11-22,F 批发零售
301100.SZ,301100,风光股份,SZ,创业板,2021-12-17,C 制造业
301101.SZ,301101,明月镜片,SZ,创业板,2021-12-16,C 制造业
301102.SZ,301102,兆讯传媒,SZ,创业板,2022-03-28,L 商务服务
301103.SZ,301103,何氏眼科,SZ,创业板,2022-03-22,Q 卫生
301105.SZ,301105,鸿铭股份,SZ,创业板,2022-12-30,C 制造业
301106.SZ,301106,骏成科技,SZ,创业板,2022-01-28,C 制造业
301107.SZ,301107,瑜欣电子,SZ,创业板,2022-05-24,C 制造业
301108.SZ,301108,洁雅股份,SZ,创业板,2021-12-03,C 制造业
301109.SZ,301109,军信股份,SZ,创业板,2022-04-13,N 公共环保
301110.SZ,301110,青木科技,SZ,创业板,2022-03-11,I 信息技术
301111.SZ,301111,粤万年青,SZ,创业板,2021-12-07,C 制造业
301112.SZ,301112,信邦智能,SZ,创业板,2022-06-29,C 制造业
301113.SZ,301113,雅艺科技,SZ,创业板,2021-12-22,C 制造业
301115.SZ,301115,联检科技,SZ,创业板,2022-08-31,M 科研服务
301116.SZ,301116,益客食品,SZ,创业板,2022-01-18,C 制造业
301117.SZ,301117,佳缘科技,SZ,创业板,2022-01-17,I 信息技术
301118.SZ,301118,恒光股份,SZ,创业板,2021-11-18,C 制造业
301119.SZ,301119,正强股份,SZ,创业板,2021-11-22,C 制造业
301120.SZ,301120,新特电气,SZ,创业板,2022-04-19,C 制造业
301121.SZ,301121,紫建电子,SZ,创业板,2022-08-08,C 制造业
301122.SZ,301122,采纳股份,SZ,创业板,2022-01-26,C 制造业
301123.SZ,301123,奕东电子,SZ,创业板,2022-01-25,C 制造业
301125.SZ,301125,腾亚精工,SZ,创业板,2022-06-08,C 制造业
301126.SZ,301126,达嘉维康,SZ,创业板,2021-12-07,F 批发零售
301127.SZ,301127,武汉天源,SZ,创业板,2021-12-30,D 水电煤气
301128.SZ,301128,强瑞技术,SZ,创业板,2021-11-10,C 制造业
301129.SZ,301129,瑞纳智能,SZ,创业板,2021-11-02,C 制造业
301130.SZ,301130,西点药业,SZ,创业板,2022-02-23,C 制造业
301131.SZ,301131,聚赛龙,SZ,创业板,2022-03-14,C 制造业
301132.SZ,301132,满坤科技,SZ,创业板,2022-08-10,C 制造业
301133.SZ,301133,金钟股份,SZ,创业板,2021-11-26,C 制造业
301135.SZ,301135,瑞德智能,SZ,创业板,2022-04-12,C 制造业
301136.SZ,301136,招标股份,SZ,创业板,2022-01-11,M 科研服务
301137.SZ,301137,哈焊华通,SZ,创业板,2022-03-22,C 制造业
301138.SZ,301138,华研精机,SZ,创业板,2021-12-15,C 制造业
301139.SZ,301139,元道通信,SZ,创业板,2022-07-08,I 信息技术
301141.SZ,301141,中科磁业,SZ,创业板,2023-04-03,C 制造业
301148.SZ,301148,嘉戎技术,SZ,创业板,2022-04-21,N 公共环保
301149.SZ,301149,隆华新材,SZ,创业板,2021-11-10,C 制造业
301150.SZ,301150,中一科技,SZ,创业板,2022-04-21,C 制造业
301151.SZ,301151,冠龙节能,SZ,创业板,2022-04-11,C 制造业
301152.SZ,301152,天力锂能,SZ,创业板,2022-08-29,C 制造业
301153.SZ,301153,中科江南,SZ,创业板,2022-05-18,I 信息技术
301155.SZ,301155,海力风电,SZ,创业板,2021-11-24,C 制造业
301156.SZ,301156,美农生物,SZ,创业板,2022-06-17,C 制造业
301157.SZ,301157,华塑科技,SZ,创业板,2023-03-09,C 制造业
301158.SZ,301158,德石股份,SZ,创业板,2022-01-17,C 制造业
301159.SZ,301159,三维天地,SZ,创业板,2022-01-07,I 信息技术
301160.SZ,301160,翔楼新材,SZ,创业板,2022-06-06,C 制造业
301161.SZ,301161,唯万密封,SZ,创业板,2022-09-14,C 制造业
301162.SZ,301162,国能日新,SZ,创业板,2022-04-29,I 信息技术
301163.SZ,301163,宏德股份,SZ,创业板,2022-04-19,C 制造业
301165.SZ,301165,锐捷网络,SZ,创业板,2022-11-21,C 制造业
301166.SZ,301166,优宁维,SZ,创业板,2021-12-28,F 批发零售
301167.SZ,301167,建研设计,SZ,创业板,2021-12-06,M 科研服务
301168.SZ,301168,通灵股份,SZ,创业板,2021-12-10,C 制造业
301169.SZ,301169,零点有数,SZ,创业板,2021-11-03,L 商务服务
301170.SZ,301170,锡南科技,SZ,创业板,2023-06-27,C 制造业
301171.SZ,301171,易点天下,SZ,创业板,2022-08-19,I 信息技术
301172.SZ,301172,君逸数码,SZ,创业板,2023-07-26,I 信息技术
301173.SZ,301173,毓恬冠佳,SZ,创业板,2025-03-03,C 制造业
301175.SZ,301175,中科环保,SZ,创业板,2022-07-08,N 公共环保
301176.SZ,301176,逸豪新材,SZ,创业板,2022-09-28,C 制造业
301177.SZ,301177,迪阿股份,SZ,创业板,2021-12-15,F 批发零售
301178.SZ,301178,天亿马,SZ,创业板,2021-11-12,I 信息技术
301179.SZ,301179,泽宇智能,SZ,创业板,2021-12-08,I 信息技术
301180.SZ,301180,万祥科技,SZ,创业板,2021-11-16,C 制造业
301181.SZ,301181,标榜股份,SZ,创业板,2022-02-21,C 制造业
301182.SZ,301182,凯旺科技,SZ,创业板,2021-12-23,C 制造业
301183.SZ,301183,东田微,SZ,创业板,2022-05-24,C 制造业
301185.SZ,301185,鸥玛软件,SZ,创业板,2021-11-19,I 信息技术
301186.SZ,301186,超达装备,SZ,创业板,2021-12-23,C 制造业
301187.SZ,301187,欧圣电气,SZ,创业板,2022-04-22,C 制造业
301188.SZ,301188,力诺药包,SZ,创业板,2021-11-11,C 制造业
301189.SZ,301189,奥尼电子,SZ,创业板,2021-12-28,C 制造业
301190.SZ,301190,善水科技,SZ,创业板,2021-12-24,C 制造业
301191.SZ,301191,菲菱科思,SZ,创业板,2022-05-26,C 制造业
301192.SZ,301192,泰祥股份,SZ,创业板,2022-08-11,C 制造业
301193.SZ,301193,家联科技,SZ,创业板,2021-12-09,C 制造业
301195.SZ,301195,北路智控,SZ,创业板,2022-08-01,I 信息技术
301196.SZ,301196,唯科科技,SZ,创业板,2022-01-11,C 制造业
301197.SZ,301197,工大科雅,SZ,创业板,2022-08-08,I 信息技术
301198.SZ,301198,喜悦智行,SZ,创业板,2021-12-02,C 制造业
301199.SZ,301199,迈赫股份,SZ,创业板,2021-12-07,C 制造业
301200.SZ,301200,大族数控,SZ,创业板,2022-02-28,C 制造业
301201.SZ,301201,诚达药业,SZ,创业板,2022-01-20,C 制造业
301202.SZ,301202,朗威股份,SZ,创业板,2023-07-05,C 制造业
301203.SZ,301203,国泰环保,SZ,创业板,2023-04-04,N 公共环保
301205.SZ,301205,联特科技,SZ,创业板,2022-09-13,C 制造业
301206.SZ,301206,三元生物,SZ,创业板,2022-02-10,C 制造业
301207.SZ,301207,华兰疫苗,SZ,创业板,2022-02-18,C 制造业
301208.SZ,301208,中亦科技,SZ,创业板,2022-07-07,I 信息技术
301209.SZ,301209,联合化学,SZ,创业板,2022-08-25,C 制造业
301210.SZ,301210,金杨精密,SZ,创业板,2023-06-30,C 制造业
301211.SZ,301211,亨迪药业,SZ,创业板,2021-12-22,C 制造业
301212.SZ,301212,联盛化学,SZ,创业板,2022-04-19,C 制造业
301213.SZ,301213,观想科技,SZ,创业板,2021-12-06,I 信息技术
301215.SZ,301215,中汽股份,SZ,创业板,2022-03-08,M 科研服务
301216.SZ,301216,万凯新材,SZ,创业板,2022-03-29,C 制造业
301217.SZ,301217,铜冠铜箔,SZ,创业板,2022-01-27,C 制造业
301218.SZ,301218,华是科技,SZ,创业板,2022-03-07,I 信息技术
301219.SZ,301219,腾远钴业,SZ,创业板,2022-03-17,C 制造业
301220.SZ,301220,亚香股份,SZ,创业板,2022-06-22,C 制造业
301221.SZ,301221,光庭信息,SZ,创业板,2021-12-22,I 信息技术
301222.SZ,301222,浙江恒威,SZ,创业板,2022-03-09,C 制造业
301223.SZ,301223,中荣股份,SZ,创业板,2022-10-26,C 制造业
301225.SZ,301225,恒勃股份,SZ,创业板,2023-06-16,C 制造业
301226.SZ,301226,祥明智能,SZ,创业板,2022-03-25,C 制造业
301227.SZ,301227,森鹰窗业,SZ,创业板,2022-09-26,C 制造业
301228.SZ,301228,实朴检测,SZ,创业板,2022-01-28,M 科研服务
301229.SZ,301229,纽泰格,SZ,创业板,2022-02-22,C 制造业
301230.SZ,301230,泓博医药,SZ,创业板,2022-11-01,M 科研服务
301231.SZ,301231,荣信文化,SZ,创业板,2022-09-08,R 文化传播
301232.SZ,301232,飞沃科技,SZ,创业板,2023-06-15,C 制造业
301233.SZ,301233,盛帮股份,SZ,创业板,2022-07-06,C 制造业
301234.SZ,301234,五洲医疗,SZ,创业板,2022-07-05,C 制造业
301235.SZ,301235,华康洁净,SZ,创业板,2022-01-28,E 建筑业
301236.SZ,301236,软通动力,SZ,创业板,2022-03-15,I 信息技术
301237.SZ,301237,和顺科技,SZ,创业板,2022-03-23,C 制造业
301238.SZ,301238,瑞泰新材,SZ,创业板,2022-06-17,C 制造业
301239.SZ,301239,普瑞眼科,SZ,创业板,2022-07-05,Q 卫生
301246.SZ,301246,宏源药业,SZ,创业板,2023-03-20,C 制造业
301248.SZ,301248,杰创智能,SZ,创业板,2022-04-20,I 信息技术
301251.SZ,301251,威尔高,SZ,创业板,2023-09-06,C 制造业
301252.SZ,301252,同星科技,SZ,创业板,2023-05-25,C 制造业
301255.SZ,301255,通力科技,SZ,创业板,2022-12-27,C 制造业
301256.SZ,301256,华融化学,SZ,创业板,2022-03-22,C 制造业
301257.SZ,301257,普蕊斯,SZ,创业板,2022-05-17,M 科研服务
301258.SZ,301258,富士莱,SZ,创业板,2022-03-29,C 制造业
301259.SZ,301259,艾布鲁,SZ,创业板,2022-04-26,N 公共环保
301260.SZ,301260,格力博,SZ,创业板,2023-02-08,C 制造业
301261.SZ,301261,恒工精密,SZ,创业板,2023-07-10,C 制造业
301262.SZ,301262,海看股份,SZ,创业板,2023-06-20,I 信息技术
301263.SZ,301263,泰恩康,SZ,创业板,2022-03-29,F 批发零售
301265.SZ,301265,华新科技,SZ,创业板,2022-12-16,C 制造业
301266.SZ,301266,宇邦新材,SZ,创业板,2022-06-08,C 制造业
301267.SZ,301267,华厦眼科,SZ,创业板,2022-11-07,Q 卫生
301268.SZ,301268,铭利达,SZ,创业板,2022-04-07,C 制造业
301269.SZ,301269,华大九天,SZ,创业板,2022-07-29,I 信息技术
301270.SZ,301270,汉仪股份,SZ,创业板,2022-08-31,I 信息技术
301272.SZ,301272,英华特,SZ,创业板,2023-07-13,C 制造业
301273.SZ,301273,瑞晨环保,SZ,创业板,2022-10-25,C 制造业
301275.SZ,301275,汉朔科技,SZ,创业板,2025-03-11,C 制造业
301276.SZ,301276,嘉曼服饰,SZ,创业板,2022-09-09,C 制造业
301277.SZ,301277,新天地,SZ,创业板,2022-11-16,C 制造业
301278.SZ,301278,快可电子,SZ,创业板,2022-08-04,C 制造业
301279.SZ,301279,金道科技,SZ,创业板,2022-04-13,C 制造业
301280.SZ,301280,珠城科技,SZ,创业板,2022-12-26,C 制造业
301281.SZ,301281,科源制药,SZ,创业板,2023-04-04,C 制造业
301282.SZ,301282,金禄电子,SZ,创业板,2022-08-26,C 制造业
301283.SZ,301283,聚胶股份,SZ,创业板,2022-09-02,C 制造业
301285.SZ,301285,鸿日达,SZ,创业板,2022-09-28,C 制造业
301286.SZ,301286,侨源股份,SZ,创业板,2022-06-14,C 制造业
301287.SZ,301287,康力源,SZ,创业板,2023-06-14,C 制造业
301288.SZ,301288,*ST清研,SZ,创业板,2022-04-22,C 制造业
301289.SZ,301289,国缆检测,SZ,创业板,2022-06-22,M 科研服务
301290.SZ,301290,东星医疗,SZ,创业板,2022-11-30,C 制造业
301291.SZ,301291,明阳电气,SZ,创业板,2023-06-30,C 制造业
301292.SZ,301292,海科新源,SZ,创业板,2023-07-07,C 制造业
301293.SZ,301293,三博脑科,SZ,创业板,2023-05-05,Q 卫生
301295.SZ,301295,美硕科技,SZ,创业板,2023-06-28,C 制造业
301296.SZ,301296,新巨丰,SZ,创业板,2022-09-02,C 制造业
301297.SZ,301297,富乐德,SZ,创业板,2022-12-30,M 科研服务
301298.SZ,301298,东利机械,SZ,创业板,2022-06-06,C 制造业
301299.SZ,301299,卓创资讯,SZ,创业板,2022-10-19,I 信息技术
301300.SZ,301300,远翔新材,SZ,创业板,2022-08-19,C 制造业
301301.SZ,301301,川宁生物,SZ,创业板,2022-12-27,C 制造业
301302.SZ,301302,华如科技,SZ,创业板,2022-06-23,I 信息技术
301303.SZ,301303,真兰仪表,SZ,创业板,2023-02-20,C 制造业
301305.SZ,301305,朗坤科技,SZ,创业板,2023-05-23,N 公共环保
301306.SZ,301306,西测测试,SZ,创业板,2022-07-26,M 科研服务
301307.SZ,301307,美利信,SZ,创业板,2023-04-24,C 制造业
301308.SZ,301308,江波龙,SZ,创业板,2022-08-05,C 制造业
301309.SZ,301309,万得凯,SZ,创业板,2022-09-19,C 制造业
301310.SZ,301310,鑫宏业,SZ,创业板,2023-06-02,C 制造业
301311.SZ,301311,昆船智能,SZ,创业板,2022-11-30,C 制造业
301312.SZ,301312,智立方,SZ,创业板,2022-07-11,C 制造业
301313.SZ,301313,凡拓数创,SZ,创业板,2022-09-30,I 信息技术
301314.SZ,301314,科瑞思,SZ,创业板,2023-03-28,C 制造业
301315.SZ,301315,威士顿,SZ,创业板,2023-06-21,I 信息技术
301316.SZ,301316,慧博云通,SZ,创业板,2022-10-13,I 信息技术
301317.SZ,301317,鑫磊股份,SZ,创业板,2023-01-19,C 制造业
301318.SZ,301318,维海德,SZ,创业板,2022-08-10,C 制造业
301319.SZ,301319,唯特偶,SZ,创业板,2022-09-29,C 制造业
301320.SZ,301320,豪江智能,SZ,创业板,2023-06-09,C 制造业
301321.SZ,301321,翰博高新,SZ,创业板,2022-08-18,C 制造业
301322.SZ,301322,绿通科技,SZ,创业板,2023-03-06,C 制造业
301323.SZ,301323,新莱福,SZ,创业板,2023-06-06,C 制造业
301325.SZ,301325,曼恩斯特,SZ,创业板,2023-05-12,C 制造业
301326.SZ,301326,捷邦科技,SZ,创业板,2022-09-21,C 制造业
301327.SZ,301327,华宝新能,SZ,创业板,2022-09-19,C 制造业
301328.SZ,301328,维峰电子,SZ,创业板,2022-09-08,C 制造业
301329.SZ,301329,信音电子,SZ,创业板,2023-07-17,C 制造业
301330.SZ,301330,熵基科技,SZ,创业板,2022-08-17,C 制造业
301331.SZ,301331,恩威医药,SZ,创业板,2022-09-21,C 制造业
301332.SZ,301332,德尔玛,SZ,创业板,2023-05-18,C 制造业
301333.SZ,301333,诺思格,SZ,创业板,2022-08-02,M 科研服务
301335.SZ,301335,天元宠物,SZ,创业板,2022-11-18,C 制造业
301336.SZ,301336,趣睡科技,SZ,创业板,2022-08-12,C 制造业
301337.SZ,301337,亚华电子,SZ,创业板,2023-05-26,I 信息技术
301338.SZ,301338,凯格精机,SZ,创业板,2022-08-16,C 制造业
301339.SZ,301339,通行宝,SZ,创业板,2022-09-09,I 信息技术
301345.SZ,301345,涛涛车业,SZ,创业板,2023-03-21,C 制造业
301348.SZ,301348,蓝箭电子,SZ,创业板,2023-08-10,C 制造业
301349.SZ,301349,信德新材,SZ,创业板,2022-09-09,C 制造业
301353.SZ,301353,普莱得,SZ,创业板,2023-05-30,C 制造业
301355.SZ,301355,南王科技,SZ,创业板,2023-06-12,C 制造业
301356.SZ,301356,天振股份,SZ,创业板,2022-11-14,C 制造业
301357.SZ,301357,北方长龙,SZ,创业板,2023-04-18,C 制造业
301358.SZ,301358,湖南裕能,SZ,创业板,2023-02-09,C 制造业
301359.SZ,301359,东南电子,SZ,创业板,2022-11-09,C 制造业
301360.SZ,301360,荣旗科技,SZ,创业板,2023-04-25,C 制造业
301361.SZ,301361,众智科技,SZ,创业板,2022-11-16,C 制造业
301362.SZ,301362,民爆光电,SZ,创业板,2023-08-04,C 制造业
301363.SZ,301363,美好医疗,SZ,创业板,2022-10-12,C 制造业
301365.SZ,301365,矩阵股份,SZ,创业板,2022-11-22,M 科研服务
301366.SZ,301366,一博科技,SZ,创业板,2022-09-26,C 制造业
301367.SZ,301367,瑞迈特,SZ,创业板,2022-11-01,C 制造业
301368.SZ,301368,丰立智能,SZ,创业板,2022-12-15,C 制造业
301369.SZ,301369,联动科技,SZ,创业板,2022-09-22,C 制造业
301370.SZ,301370,国科恒泰,SZ,创业板,2023-07-12,F 批发零售
301371.SZ,301371,敷尔佳,SZ,创业板,2023-08-01,C 制造业
301372.SZ,301372,科净源,SZ,创业板,2023-08-11,N 公共环保
301373.SZ,301373,凌玮科技,SZ,创业板,2023-02-08,C 制造业
301376.SZ,301376,致欧科技,SZ,创业板,2023-06-21,F 批发零售
301377.SZ,301377,鼎泰高科,SZ,创业板,2022-11-22,C 制造业
301378.SZ,301378,通达海,SZ,创业板,2023-03-20,I 信息技术
301379.SZ,301379,天山电子,SZ,创业板,2022-11-01,C 制造业
301380.SZ,301380,挖金客,SZ,创业板,2022-10-25,I 信息技术
301381.SZ,301381,赛维时代,SZ,创业板,2023-07-12,F 批发零售
301382.SZ,301382,蜂助手,SZ,创业板,2023-05-17,I 信息技术
301383.SZ,301383,天键股份,SZ,创业板,2023-06-09,C 制造业
301386.SZ,301386,未来电器,SZ,创业板,2023-03-29,C 制造业
301387.SZ,301387,光大同创,SZ,创业板,2023-04-18,C 制造业
301388.SZ,301388,欣灵电气,SZ,创业板,2022-11-09,C 制造业
301389.SZ,301389,隆扬电子,SZ,创业板,2022-10-31,C 制造业
301390.SZ,301390,经纬股份,SZ,创业板,2023-05-08,M 科研服务
301391.SZ,301391,卡莱特,SZ,创业板,2022-12-01,C 制造业
301392.SZ,301392,汇成真空,SZ,创业板,2024-06-05,C 制造业
301393.SZ,301393,昊帆生物,SZ,创业板,2023-07-12,C 制造业
301395.SZ,301395,仁信新材,SZ,创业板,2023-07-03,C 制造业
301396.SZ,301396,宏景科技,SZ,创业板,2022-11-11,I 信息技术
301397.SZ,301397,溯联股份,SZ,创业板,2023-06-28,C 制造业
301398.SZ,301398,星源卓镁,SZ,创业板,2022-12-15,C 制造业
301399.SZ,301399,英特科技,SZ,创业板,2023-05-23,C 制造业
301408.SZ,301408,华人健康,SZ,创业板,2023-03-01,F 批发零售
301413.SZ,301413,安培龙,SZ,创业板,2023-12-18,C 制造业
301418.SZ,301418,协昌科技,SZ,创业板,2023-08-21,C 制造业
301419.SZ,301419,阿莱德,SZ,创业板,2023-02-09,C 制造业
301421.SZ,301421,波长光电,SZ,创业板,2023-08-23,C 制造业
301428.SZ,301428,世纪恒通,SZ,创业板,2023-05-19,I 信息技术
301429.SZ,301429,森泰股份,SZ,创业板,2023-04-17,C 制造业
301439.SZ,301439,泓淋电力,SZ,创业板,2023-03-17,C 制造业
301446.SZ,301446,福事特,SZ,创业板,2023-07-25,C 制造业
301448.SZ,301448,开创电气,SZ,创业板,2023-06-19,C 制造业
301449.SZ,301449,天溯计量,SZ,创业板,2025-12-23,M 科研服务
301456.SZ,301456,盘古智能,SZ,创业板,2023-07-14,C 制造业
301458.SZ,301458,钧崴电子,SZ,创业板,2025-01-10,C 制造业
301459.SZ,301459,丰茂股份,SZ,创业板,2023-12-13,C 制造业
301468.SZ,301468,博盈特焊,SZ,创业板,2023-07-24,C 制造业
301469.SZ,301469,恒达新材,SZ,创业板,2023-08-22,C 制造业
301479.SZ,301479,弘景光电,SZ,创业板,2025-03-18,C 制造业
301486.SZ,301486,致尚科技,SZ,创业板,2023-07-07,C 制造业
301487.SZ,301487,盟固利,SZ,创业板,2023-08-09,C 制造业
301488.SZ,301488,豪恩汽电,SZ,创业板,2023-07-04,C 制造业
301489.SZ,301489,思泉新材,SZ,创业板,2023-10-24,C 制造业
301491.SZ,301491,汉桑科技,SZ,创业板,2025-08-06,C 制造业
301498.SZ,301498,乖宝宠物,SZ,创业板,2023-08-16,C 制造业
301499.SZ,301499,维科精密,SZ,创业板,2023-07-21,C 制造业
301500.SZ,301500,飞南资源,SZ,创业板,2023-09-21,C 制造业
301501.SZ,301501,恒鑫生活,SZ,创业板,2025-03-19,C 制造业
301502.SZ,301502,华阳智能,SZ,创业板,2024-02-02,C 制造业
301503.SZ,301503,智迪科技,SZ,创业板,2023-07-17,C 制造业
301505.SZ,301505,苏州规划,SZ,创业板,2023-07-19,M 科研服务
301507.SZ,301507,民生健康,SZ,创业板,2023-09-05,C 制造业
301508.SZ,301508,中机认检,SZ,创业板,2023-12-01,M 科研服务
301509.SZ,301509,金凯生科,SZ,创业板,2023-08-03,C 制造业
301510.SZ,301510,固高科技,SZ,创业板,2023-08-15,C 制造业
301511.SZ,301511,德福科技,SZ,创业板,2023-08-17,C 制造业
301512.SZ,301512,智信精密,SZ,创业板,2023-07-20,C 制造业
301513.SZ,301513,尚水智能,SZ,创业板,2026-04-17,C 制造业
301515.SZ,301515,港通医疗,SZ,创业板,2023-07-25,C 制造业
301516.SZ,301516,中远通,SZ,创业板,2023-12-08,C 制造业
301517.SZ,301517,陕西华达,SZ,创业板,2023-10-17,C 制造业
301518.SZ,301518,长华化学,SZ,创业板,2023-08-03,C 制造业
301519.SZ,301519,舜禹股份,SZ,创业板,2023-07-27,N 公共环保
301520.SZ,301520,万邦医药,SZ,创业板,2023-09-25,M 科研服务
301522.SZ,301522,上大股份,SZ,创业板,2024-10-16,C 制造业
301525.SZ,301525,儒竞科技,SZ,创业板,2023-08-30,C 制造业
301526.SZ,301526,国际复材,SZ,创业板,2023-12-26,C 制造业
301528.SZ,301528,多浦乐,SZ,创业板,2023-08-28,C 制造业
301529.SZ,301529,福赛科技,SZ,创业板,2023-09-11,C 制造业
301533.SZ,301533,威马农机,SZ,创业板,2023-08-18,C 制造业
301535.SZ,301535,浙江华远,SZ,创业板,2025-03-27,C 制造业
301536.SZ,301536,星宸科技,SZ,创业板,2024-03-28,C 制造业
301538.SZ,301538,骏鼎达,SZ,创业板,2024-03-20,C 制造业
301539.SZ,301539,宏鑫科技,SZ,创业板,2024-04-15,C 制造业
301548.SZ,301548,崇德科技,SZ,创业板,2023-09-20,C 制造业
301550.SZ,301550,斯菱智驱,SZ,创业板,2023-09-15,C 制造业
301551.SZ,301551,无线传媒,SZ,创业板,2024-09-26,I 信息技术
301552.SZ,301552,科力装备,SZ,创业板,2024-07-22,C 制造业
301555.SZ,301555,惠柏新材,SZ,创业板,2023-10-31,C 制造业
301556.SZ,301556,托普云农,SZ,创业板,2024-10-17,I 信息技术
301557.SZ,301557,常友科技,SZ,创业板,2025-03-04,C 制造业
301558.SZ,301558,三态股份,SZ,创业板,2023-09-28,F 批发零售
301559.SZ,301559,中集环科,SZ,创业板,2023-10-11,C 制造业
301560.SZ,301560,众捷汽车,SZ,创业板,2025-04-25,C 制造业
301563.SZ,301563,云汉芯城,SZ,创业板,2025-09-30,F 批发零售
301565.SZ,301565,中仑新材,SZ,创业板,2024-06-20,C 制造业
301566.SZ,301566,达利凯普,SZ,创业板,2023-12-29,C 制造业
301567.SZ,301567,贝隆精密,SZ,创业板,2024-01-16,C 制造业
301568.SZ,301568,思泰克,SZ,创业板,2023-11-28,C 制造业
301571.SZ,301571,国科天成,SZ,创业板,2024-08-21,C 制造业
301575.SZ,301575,艾芬达,SZ,创业板,2025-09-10,C 制造业
301577.SZ,301577,美信科技,SZ,创业板,2024-01-24,C 制造业
301578.SZ,301578,辰奕智能,SZ,创业板,2023-12-28,C 制造业
301580.SZ,301580,爱迪特,SZ,创业板,2024-06-26,C 制造业
301581.SZ,301581,黄山谷捷,SZ,创业板,2025-01-03,C 制造业
301584.SZ,301584,建发致新,SZ,创业板,2025-09-25,F 批发零售
301585.SZ,301585,蓝宇股份,SZ,创业板,2024-12-20,C 制造业
301586.SZ,301586,佳力奇,SZ,创业板,2024-08-28,C 制造业
301587.SZ,301587,中瑞股份,SZ,创业板,2024-04-08,C 制造业
301588.SZ,301588,美新科技,SZ,创业板,2024-03-13,C 制造业
301589.SZ,301589,诺瓦星云,SZ,创业板,2024-02-08,C 制造业
301590.SZ,301590,优优绿能,SZ,创业板,2025-06-05,C 制造业
301591.SZ,301591,肯特股份,SZ,创业板,2024-02-28,C 制造业
301592.SZ,301592,六九一二,SZ,创业板,2024-10-24,I 信息技术
301595.SZ,301595,太力科技,SZ,创业板,2025-05-19,C 制造业
301596.SZ,301596,瑞迪智驱,SZ,创业板,2024-05-13,C 制造业
301598.SZ,301598,博科测试,SZ,创业板,2024-12-20,C 制造业
301599.SZ,301599,N理奇智能,SZ,创业板,2026-04-30,C 制造业
301600.SZ,301600,慧翰股份,SZ,创业板,2024-09-11,C 制造业
301601.SZ,301601,惠通科技,SZ,创业板,2025-01-15,M 科研服务
301602.SZ,301602,超研股份,SZ,创业板,2025-01-22,C 制造业
301603.SZ,301603,乔锋智能,SZ,创业板,2024-07-10,C 制造业
301606.SZ,301606,绿联科技,SZ,创业板,2024-07-26,C 制造业
301607.SZ,301607,富特科技,SZ,创业板,2024-09-04,C 制造业
301608.SZ,301608,博实结,SZ,创业板,2024-08-01,C 制造业
301609.SZ,301609,山大电力,SZ,创业板,2025-07-23,C 制造业
301611.SZ,301611,珂玛科技,SZ,创业板,2024-08-16,C 制造业
301613.SZ,301613,新铝时代,SZ,创业板,2024-10-25,C 制造业
301616.SZ,301616,浙江华业,SZ,创业板,2025-03-27,C 制造业
301617.SZ,301617,博苑股份,SZ,创业板,2024-12-11,C 制造业
301618.SZ,301618,长联科技,SZ,创业板,2024-09-30,C 制造业
301622.SZ,301622,英思特,SZ,创业板,2024-12-04,C 制造业
301626.SZ,301626,苏州天脉,SZ,创业板,2024-10-24,C 制造业
301628.SZ,301628,强达电路,SZ,创业板,2024-10-31,C 制造业
301629.SZ,301629,矽电股份,SZ,创业板,2025-03-24,C 制造业
301630.SZ,301630,同宇新材,SZ,创业板,2025-07-10,C 制造业
301631.SZ,301631,壹连科技,SZ,创业板,2024-11-22,C 制造业
301632.SZ,301632,广东建科,SZ,创业板,2025-08-12,M 科研服务
301633.SZ,301633,港迪技术,SZ,创业板,2024-11-07,I 信息技术
301636.SZ,301636,泽润新能,SZ,创业板,2025-05-16,C 制造业
301638.SZ,301638,南网数字,SZ,创业板,2025-11-18,I 信息技术
301656.SZ,301656,联合动力,SZ,创业板,2025-09-25,C 制造业
301658.SZ,301658,首航新能,SZ,创业板,2025-04-02,C 制造业
301662.SZ,301662,宏工科技,SZ,创业板,2025-04-17,C 制造业
301665.SZ,301665,泰禾股份,SZ,创业板,2025-04-11,C 制造业
301666.SZ,301666,大普微-UW,SZ,创业板,2026-04-16,C 制造业
301667.SZ,301667,纳百川,SZ,创业板,2025-12-23,C 制造业
301668.SZ,301668,昊创瑞通,SZ,创业板,2025-09-26,C 制造业
301678.SZ,301678,新恒汇,SZ,创业板,2025-06-20,C 制造业
301680.SZ,301680,固德电材,SZ,创业板,2026-03-06,C 制造业
301682.SZ,301682,宏明电子,SZ,创业板,2026-03-25,C 制造业
301683.SZ,301683,慧谷新材,SZ,创业板,2026-04-01,C 制造业
301687.SZ,301687,新广益,SZ,创业板,2025-12-31,C 制造业
301696.SZ,301696,三瑞智能,SZ,创业板,2026-04-10,C 制造业
302132.SZ,302132,中航成飞,SZ,创业板,2010-08-27,C 制造业
920000.BJ,920000,安徽凤凰,BJ,北交所,2020-12-23,汽车制造业
920001.BJ,920001,纬达光电,BJ,北交所,2022-12-27,计算机、通信和其他电子设备制造业
920002.BJ,920002,万达轴承,BJ,北交所,2024-05-30,通用设备制造业
920003.BJ,920003,中诚咨询,BJ,北交所,2025-11-07,专业技术服务业
920005.BJ,920005,鼎佳精密,BJ,北交所,2025-07-31,计算机、通信和其他电子设备制造业
920006.BJ,920006,晟楠科技,BJ,北交所,2023-05-18,铁路、船舶、航空航天和其他运输设备制造业
920007.BJ,920007,酉立智能,BJ,北交所,2025-08-08,金属制品业
920008.BJ,920008,成电光信,BJ,北交所,2024-08-29,计算机、通信和其他电子设备制造业
920009.BJ,920009,丹娜生物,BJ,北交所,2025-11-03,医药制造业
920010.BJ,920010,凯添燃气,BJ,北交所,2020-07-27,燃气生产和供应业
920011.BJ,920011,晨光电机,BJ,北交所,2026-04-08,电气机械和器材制造业
920012.BJ,920012,创达新材,BJ,北交所,2026-04-13,计算机、通信和其他电子设备制造业
920014.BJ,920014,特瑞斯,BJ,北交所,2022-12-13,专用设备制造业
920015.BJ,920015,锦华新材,BJ,北交所,2025-09-25,化学原料和化学制品制造业
920016.BJ,920016,中草香料,BJ,北交所,2024-09-13,化学原料和化学制品制造业
920017.BJ,920017,星昊医药,BJ,北交所,2023-05-31,医药制造业
920018.BJ,920018,宏远股份,BJ,北交所,2025-08-20,电气机械和器材制造业
920019.BJ,920019,铜冠矿建,BJ,北交所,2024-10-11,开采专业及辅助性活动
920020.BJ,920020,泰凯英,BJ,北交所,2025-10-28,橡胶和塑料制品业
920021.BJ,920021,流金科技,BJ,北交所,2020-07-27,电信、广播电视和卫星传输服务
920022.BJ,920022,世昌股份,BJ,北交所,2025-09-19,汽车制造业
920023.BJ,920023,*ST田野,BJ,北交所,2023-02-02,酒、饮料和精制茶制造业
920026.BJ,920026,卓兆点胶,BJ,北交所,2023-10-19,专用设备制造业
920027.BJ,920027,交大铁发,BJ,北交所,2025-06-10,铁路、船舶、航空航天和其他运输设备制造业
920028.BJ,920028,新恒泰,BJ,北交所,2026-03-20,橡胶和塑料制品业
920029.BJ,920029,开发科技,BJ,北交所,2025-03-28,仪器仪表制造业
920030.BJ,920030,德众汽车,BJ,北交所,2020-11-27,零售业
920033.BJ,920033,康普化学,BJ,北交所,2022-12-21,化学原料和化学制品制造业
920035.BJ,920035,精创电气,BJ,北交所,2025-12-02,仪器仪表制造业
920036.BJ,920036,觅睿科技,BJ,北交所,2026-03-09,计算机、通信和其他电子设备制造业
920037.BJ,920037,广信科技,BJ,北交所,2025-06-26,电气机械和器材制造业
920039.BJ,920039,国义招标,BJ,北交所,2021-08-18,专业技术服务业
920045.BJ,920045,蘅东光,BJ,北交所,2025-12-31,计算机、通信和其他电子设备制造业
920046.BJ,920046,亿能电力,BJ,北交所,2022-10-13,电气机械和器材制造业
920047.BJ,920047,诺思兰德,BJ,北交所,2020-11-24,医药制造业
920050.BJ,920050,爱舍伦,BJ,北交所,2026-01-21,医药制造业
920055.BJ,920055,隆源股份,BJ,北交所,2026-03-31,汽车制造业
920056.BJ,920056,能之光,BJ,北交所,2025-08-22,橡胶和塑料制品业
920057.BJ,920057,百甲科技,BJ,北交所,2023-03-14,金属制品业
920058.BJ,920058,华洋赛车,BJ,北交所,2023-08-10,铁路、船舶、航空航天和其他运输设备制造业
920060.BJ,920060,万源通,BJ,北交所,2024-11-19,计算机、通信和其他电子设备制造业
920061.BJ,920061,西磁科技,BJ,北交所,2023-12-21,专用设备制造业
920062.BJ,920062,科润智控,BJ,北交所,2022-07-13,电气机械和器材制造业
920066.BJ,920066,科拜尔,BJ,北交所,2024-10-31,橡胶和塑料制品业
920068.BJ,920068,天工股份,BJ,北交所,2025-05-13,有色金属冶炼和压延加工业
920069.BJ,920069,普昂医疗,BJ,北交所,2026-03-27,专用设备制造业
920075.BJ,920075,柏星龙,BJ,北交所,2022-12-14,印刷和记录媒介复制业
920076.BJ,920076,国亮新材,BJ,北交所,2026-01-22,非金属矿物制品业
920077.BJ,920077,吉林碳谷,BJ,北交所,2021-08-31,化学纤维制造业
920078.BJ,920078,族兴新材,BJ,北交所,2026-03-18,化学原料和化学制品制造业
920080.BJ,920080,奥美森,BJ,北交所,2025-10-10,专用设备制造业
920082.BJ,920082,方正阀门,BJ,北交所,2024-12-26,通用设备制造业
920086.BJ,920086,科马材料,BJ,北交所,2026-01-16,汽车制造业
920087.BJ,920087,秋乐种业,BJ,北交所,2022-12-07,农、林、牧、渔专业及辅助性活动
920088.BJ,920088,科力股份,BJ,北交所,2024-10-29,开采专业及辅助性活动
920089.BJ,920089,禾昌聚合,BJ,北交所,2021-11-09,橡胶和塑料制品业
920090.BJ,920090,*ST同辉,BJ,北交所,2021-08-09,软件和信息技术服务业
920091.BJ,920091,大鹏工业,BJ,北交所,2025-11-21,专用设备制造业
920092.BJ,920092,汉鑫科技,BJ,北交所,2021-11-15,软件和信息技术服务业
920098.BJ,920098,科隆新材,BJ,北交所,2024-12-05,橡胶和塑料制品业
920099.BJ,920099,瑞华技术,BJ,北交所,2024-09-25,专业技术服务业
920100.BJ,920100,三协电机,BJ,北交所,2025-09-08,电气机械和器材制造业
920101.BJ,920101,志高机械,BJ,北交所,2025-08-14,专用设备制造业
920106.BJ,920106,林泰新材,BJ,北交所,2024-12-18,汽车制造业
920108.BJ,920108,宏海科技,BJ,北交所,2025-02-06,电气机械和器材制造业
920110.BJ,920110,雷特科技,BJ,北交所,2022-12-06,计算机、通信和其他电子设备制造业
920111.BJ,920111,聚星科技,BJ,北交所,2024-11-11,电气机械和器材制造业
920112.BJ,920112,巴兰仕,BJ,北交所,2025-08-28,专用设备制造业
920116.BJ,920116,星图测控,BJ,北交所,2025-01-02,软件和信息技术服务业
920118.BJ,920118,太湖远大,BJ,北交所,2024-08-22,橡胶和塑料制品业
920119.BJ,920119,美德乐,BJ,北交所,2026-01-30,通用设备制造业
920121.BJ,920121,江天科技,BJ,北交所,2025-12-25,印刷和记录媒介复制业
920122.BJ,920122,中纺标,BJ,北交所,2022-09-27,专业技术服务业
920123.BJ,920123,芭薇股份,BJ,北交所,2024-03-29,化学原料和化学制品制造业
920124.BJ,920124,南特科技,BJ,北交所,2025-11-27,通用设备制造业
920125.BJ,920125,鸿仕达,BJ,北交所,2026-04-24,专用设备制造业
920128.BJ,920128,胜业电气,BJ,北交所,2024-11-29,电气机械和器材制造业
920130.BJ,920130,立方控股,BJ,北交所,2023-11-02,软件和信息技术服务业
920132.BJ,920132,泰鹏智能,BJ,北交所,2023-11-16,家具制造业
920139.BJ,920139,华岭股份,BJ,北交所,2022-10-28,计算机、通信和其他电子设备制造业
920145.BJ,920145,恒合股份,BJ,北交所,2021-11-15,仪器仪表制造业
920146.BJ,920146,华阳变速,BJ,北交所,2021-07-20,汽车制造业
920149.BJ,920149,旭杰科技,BJ,北交所,2020-07-27,专业技术服务业
920152.BJ,920152,昆工科技,BJ,北交所,2022-09-01,专用设备制造业
920156.BJ,920156,海昌智能,BJ,北交所,2026-04-27,专用设备制造业
920158.BJ,920158,长江能科,BJ,北交所,2025-10-16,专用设备制造业
920159.BJ,920159,农大科技,BJ,北交所,2026-01-28,化学原料和化学制品制造业
920160.BJ,920160,北矿检测,BJ,北交所,2025-11-18,专业技术服务业
920163.BJ,920163,方大新材,BJ,北交所,2020-07-27,橡胶和塑料制品业
920166.BJ,920166,海圣医疗,BJ,北交所,2026-02-12,专用设备制造业
920167.BJ,920167,同享科技,BJ,北交所,2020-07-27,电气机械和器材制造业
920168.BJ,920168,通宝光电,BJ,北交所,2026-02-26,汽车制造业
920169.BJ,920169,七丰精工,BJ,北交所,2022-04-15,通用设备制造业
920171.BJ,920171,志晟信息,BJ,北交所,2021-11-15,软件和信息技术服务业
920174.BJ,920174,五新隧装,BJ,北交所,2021-08-20,专用设备制造业
920175.BJ,920175,东方碳素,BJ,北交所,2023-06-30,非金属矿物制品业
920177.BJ,920177,恒道科技,BJ,北交所,2026-04-16,专用设备制造业
920179.BJ,920179,凯德石英,BJ,北交所,2022-03-04,非金属矿物制品业
920180.BJ,920180,爱得科技,BJ,北交所,2026-02-10,专用设备制造业
920181.BJ,920181,赛英电子,BJ,北交所,2026-04-10,电气机械和器材制造业
920183.BJ,920183,海菲曼,BJ,北交所,2026-03-04,计算机、通信和其他电子设备制造业
920184.BJ,920184,国源科技,BJ,北交所,2020-07-27,软件和信息技术服务业
920185.BJ,920185,贝特瑞,BJ,北交所,2020-07-27,计算机、通信和其他电子设备制造业
920186.BJ,920186,中科仪,BJ,北交所,2026-04-29,通用设备制造业
920187.BJ,920187,通领科技,BJ,北交所,2026-03-05,汽车制造业
920188.BJ,920188,悦龙科技,BJ,北交所,2026-03-30,橡胶和塑料制品业
920190.BJ,920190,雷神科技,BJ,北交所,2022-12-23,计算机、通信和其他电子设备制造业
920191.BJ,920191,瑞尔竞达,BJ,北交所,2026-04-20,非金属矿物制品业
920195.BJ,920195,三祥科技,BJ,北交所,2022-12-30,橡胶和塑料制品业
920198.BJ,920198,微创光电,BJ,北交所,2020-07-27,计算机、通信和其他电子设备制造业
920199.BJ,920199,倍益康,BJ,北交所,2022-12-01,计算机、通信和其他电子设备制造业
920204.BJ,920204,沪江材料,BJ,北交所,2022-01-18,橡胶和塑料制品业
920207.BJ,920207,众诚科技,BJ,北交所,2022-09-23,软件和信息技术服务业
920208.BJ,920208,青矩技术,BJ,北交所,2023-06-29,专业技术服务业
920212.BJ,920212,智新电子,BJ,北交所,2021-06-08,计算机、通信和其他电子设备制造业
920221.BJ,920221,易实精密,BJ,北交所,2023-06-08,汽车制造业
920223.BJ,920223,荣亿精密,BJ,北交所,2022-06-09,通用设备制造业
920225.BJ,920225,利通科技,BJ,北交所,2021-02-25,橡胶和塑料制品业
920227.BJ,920227,美登科技,BJ,北交所,2022-12-28,软件和信息技术服务业
920230.BJ,920230,欧康医药,BJ,北交所,2022-12-09,医药制造业
920237.BJ,920237,力佳科技,BJ,北交所,2022-11-25,电气机械和器材制造业
920239.BJ,920239,长虹能源,BJ,北交所,2021-02-09,电气机械和器材制造业
920242.BJ,920242,建邦科技,BJ,北交所,2020-07-27,商务服务业
920245.BJ,920245,威博液压,BJ,北交所,2022-01-06,通用设备制造业
920247.BJ,920247,华密新材,BJ,北交所,2022-12-23,橡胶和塑料制品业
920249.BJ,920249,利尔达,BJ,北交所,2023-02-17,批发业
920252.BJ,920252,天宏锂电,BJ,北交所,2023-01-19,电气机械和器材制造业
920260.BJ,920260,中寰股份,BJ,北交所,2021-11-15,仪器仪表制造业
920261.BJ,920261,一诺威,BJ,北交所,2023-04-03,化学原料和化学制品制造业
920262.BJ,920262,DR太湖雪,BJ,北交所,2022-12-30,纺织业
920263.BJ,920263,中航泰达,BJ,北交所,2020-07-27,生态保护和环境治理业
920266.BJ,920266,生物谷,BJ,北交所,2020-07-27,医药制造业
920267.BJ,920267,鑫汇科,BJ,北交所,2022-05-27,计算机、通信和其他电子设备制造业
920270.BJ,920270,天铭科技,BJ,北交所,2022-09-02,通用设备制造业
920271.BJ,920271,邦德股份,BJ,北交所,2022-06-02,汽车制造业
920273.BJ,920273,XD一致魔,BJ,北交所,2023-02-21,食品制造业
920274.BJ,920274,宏裕包材,BJ,北交所,2023-08-18,橡胶和塑料制品业
920275.BJ,920275,驱动力,BJ,北交所,2021-01-25,农副食品加工业
920278.BJ,920278,鹿得医疗,BJ,北交所,2020-07-27,专用设备制造业
920284.BJ,920284,灵鸽科技,BJ,北交所,2023-12-19,专用设备制造业
920299.BJ,920299,灿能电力,BJ,北交所,2022-06-10,仪器仪表制造业
920300.BJ,920300,辰光医疗,BJ,北交所,2022-12-07,专用设备制造业
920304.BJ,920304,迪尔化工,BJ,北交所,2023-04-18,化学原料和化学制品制造业
920305.BJ,920305,*ST云创,BJ,北交所,2021-08-26,软件和信息技术服务业
920339.BJ,920339,恒太照明,BJ,北交所,2022-11-17,电气机械和器材制造业
920344.BJ,920344,三元基因,BJ,北交所,2021-01-08,医药制造业
920346.BJ,920346,威贸电子,BJ,北交所,2022-02-23,计算机、通信和其他电子设备制造业
920351.BJ,920351,华光源海,BJ,北交所,2022-12-29,多式联运和运输代理业
920357.BJ,920357,雅葆轩,BJ,北交所,2022-11-18,计算机、通信和其他电子设备制造业
920363.BJ,920363,莱赛激光,BJ,北交所,2023-12-28,仪器仪表制造业
920367.BJ,920367,新赣江,BJ,北交所,2023-02-09,医药制造业
920368.BJ,920368,连城数控,BJ,北交所,2020-07-27,专用设备制造业
920370.BJ,920370,新安洁,BJ,北交所,2020-07-27,公共设施管理业
920371.BJ,920371,欧福蛋业,BJ,北交所,2023-01-18,农副食品加工业
920374.BJ,920374,云里物里,BJ,北交所,2022-11-29,计算机、通信和其他电子设备制造业
920375.BJ,920375,派诺科技,BJ,北交所,2023-12-14,软件和信息技术服务业
920378.BJ,920378,泰德股份,BJ,北交所,2022-06-20,汽车制造业
920392.BJ,920392,佳合科技,BJ,北交所,2022-12-30,造纸和纸制品业
920394.BJ,920394,民士达,BJ,北交所,2023-04-25,纺织业
920395.BJ,920395,朗鸿科技,BJ,北交所,2022-09-01,计算机、通信和其他电子设备制造业
920396.BJ,920396,常辅股份,BJ,北交所,2020-11-18,仪器仪表制造业
920402.BJ,920402,硅烷科技,BJ,北交所,2022-09-28,化学原料和化学制品制造业
920403.BJ,920403,康农种业,BJ,北交所,2024-01-18,农业
920405.BJ,920405,海希通讯,BJ,北交所,2021-11-05,仪器仪表制造业
920407.BJ,920407,驰诚股份,BJ,北交所,2023-02-16,仪器仪表制造业
920414.BJ,920414,欧普泰,BJ,北交所,2022-12-12,专用设备制造业
920415.BJ,920415,恒拓开源,BJ,北交所,2020-07-27,软件和信息技术服务业
920418.BJ,920418,苏轴股份,BJ,北交所,2020-07-27,通用设备制造业
920419.BJ,920419,路斯股份,BJ,北交所,2022-03-11,农副食品加工业
920422.BJ,920422,润普食品,BJ,北交所,2023-03-01,食品制造业
920425.BJ,920425,乐创技术,BJ,北交所,2023-01-30,软件和信息技术服务业
920427.BJ,920427,华维设计,BJ,北交所,2021-02-05,专业技术服务业
920429.BJ,920429,康比特,BJ,北交所,2022-12-15,食品制造业
920433.BJ,920433,大唐药业,BJ,北交所,2020-07-27,医药制造业
920436.BJ,920436,大地电气,BJ,北交所,2021-11-15,汽车制造业
920438.BJ,920438,戈碧迦,BJ,北交所,2024-03-25,非金属矿物制品业
920445.BJ,920445,龙竹科技,BJ,北交所,2020-07-27,家具制造业
920454.BJ,920454,同心传动,BJ,北交所,2021-11-15,汽车制造业
920455.BJ,920455,汇隆活塞,BJ,北交所,2023-06-21,通用设备制造业
920469.BJ,920469,富恒新材,BJ,北交所,2023-09-18,橡胶和塑料制品业
920471.BJ,920471,美邦科技,BJ,北交所,2023-05-25,化学原料和化学制品制造业
920475.BJ,920475,三友科技,BJ,北交所,2020-07-27,专用设备制造业
920476.BJ,920476,海能技术,BJ,北交所,2022-10-14,仪器仪表制造业
920478.BJ,920478,峆一药业,BJ,北交所,2023-02-23,医药制造业
920489.BJ,920489,佳先股份,BJ,北交所,2020-07-27,化学原料和化学制品制造业
920491.BJ,920491,XD奥迪威,BJ,北交所,2022-06-14,计算机、通信和其他电子设备制造业
920493.BJ,920493,并行科技,BJ,北交所,2023-11-01,软件和信息技术服务业
920496.BJ,920496,许昌智能,BJ,北交所,2024-01-26,电气机械和器材制造业
920504.BJ,920504,博迅生物,BJ,北交所,2023-08-17,仪器仪表制造业
920505.BJ,920505,九菱科技,BJ,北交所,2022-12-21,金属制品业
920508.BJ,920508,殷图网联,BJ,北交所,2020-07-27,软件和信息技术服务业
920509.BJ,920509,同惠电子,BJ,北交所,2021-01-11,仪器仪表制造业
920510.BJ,920510,丰光精密,BJ,北交所,2020-12-28,通用设备制造业
920519.BJ,920519,万德股份,BJ,北交所,2023-09-15,化学原料和化学制品制造业
920522.BJ,920522,纳科诺尔,BJ,北交所,2023-11-16,专用设备制造业
920523.BJ,920523,德瑞锂电,BJ,北交所,2021-06-03,电气机械和器材制造业
920526.BJ,920526,凯华材料,BJ,北交所,2022-12-22,计算机、通信和其他电子设备制造业
920527.BJ,920527,夜光明,BJ,北交所,2022-10-27,化学原料和化学制品制造业
920533.BJ,920533,骏创科技,BJ,北交所,2022-05-24,汽车制造业
920541.BJ,920541,铁大科技,BJ,北交所,2023-03-10,铁路、船舶、航空航天和其他运输设备制造业
920547.BJ,920547,无锡晶海,BJ,北交所,2023-12-12,医药制造业
920553.BJ,920553,XD凯腾精,BJ,北交所,2021-08-06,专用设备制造业
920556.BJ,920556,雅达股份,BJ,北交所,2023-03-17,仪器仪表制造业
920564.BJ,920564,天润科技,BJ,北交所,2022-06-17,软件和信息技术服务业
920566.BJ,920566,梓橦宫,BJ,北交所,2021-08-13,医药制造业
920570.BJ,920570,坤博精工,BJ,北交所,2023-11-23,通用设备制造业
920571.BJ,920571,国航远洋,BJ,北交所,2022-12-15,水上运输业
920575.BJ,920575,康乐卫士,BJ,北交所,2023-03-15,医药制造业
920576.BJ,920576,天力复合,BJ,北交所,2023-07-12,有色金属冶炼和压延加工业
920578.BJ,920578,巨能股份,BJ,北交所,2023-05-12,通用设备制造业
920579.BJ,920579,机科股份,BJ,北交所,2023-11-30,通用设备制造业
920580.BJ,920580,科创新材,BJ,北交所,2022-05-13,非金属矿物制品业
920592.BJ,920592,华信永道,BJ,北交所,2023-07-10,软件和信息技术服务业
920593.BJ,920593,鼎智科技,BJ,北交所,2023-04-13,电气机械和器材制造业
920599.BJ,920599,同力股份,BJ,北交所,2021-02-22,专用设备制造业
920608.BJ,920608,丰安股份,BJ,北交所,2022-12-16,通用设备制造业
920627.BJ,920627,力王股份,BJ,北交所,2023-09-07,电气机械和器材制造业
920634.BJ,920634,新威凌,BJ,北交所,2022-11-24,金属制品业
920639.BJ,920639,晨光电缆,BJ,北交所,2022-07-12,电气机械和器材制造业
920640.BJ,920640,富士达,BJ,北交所,2020-07-27,计算机、通信和其他电子设备制造业
920641.BJ,920641,格利尔,BJ,北交所,2022-12-02,计算机、通信和其他电子设备制造业
920642.BJ,920642,通易航天,BJ,北交所,2021-08-16,橡胶和塑料制品业
920651.BJ,920651,天罡股份,BJ,北交所,2023-06-27,仪器仪表制造业
920656.BJ,920656,海昇药业,BJ,北交所,2024-02-02,医药制造业
920662.BJ,920662,方盛股份,BJ,北交所,2022-11-28,通用设备制造业
920663.BJ,920663,明阳科技,BJ,北交所,2023-03-15,汽车制造业
920665.BJ,920665,科强股份,BJ,北交所,2023-09-26,橡胶和塑料制品业
920670.BJ,920670,数字人,BJ,北交所,2020-12-08,软件和信息技术服务业
920675.BJ,920675,秉扬科技,BJ,北交所,2020-12-28,非金属矿物制品业
920679.BJ,920679,前进科技,BJ,北交所,2023-11-10,通用设备制造业
920682.BJ,920682,球冠电缆,BJ,北交所,2020-07-27,电气机械和器材制造业
920685.BJ,920685,新芝生物,BJ,北交所,2022-10-10,仪器仪表制造业
920689.BJ,920689,克莱特,BJ,北交所,2022-03-21,通用设备制造业
920690.BJ,920690,捷众科技,BJ,北交所,2024-01-05,汽车制造业
920693.BJ,920693,阿为特,BJ,北交所,2023-10-27,金属制品业
920694.BJ,920694,XD中裕科,BJ,北交所,2023-04-24,橡胶和塑料制品业
920699.BJ,920699,海达尔,BJ,北交所,2023-05-09,金属制品业
920701.BJ,920701,豪声电子,BJ,北交所,2023-07-19,计算机、通信和其他电子设备制造业
920703.BJ,920703,广厦环能,BJ,北交所,2023-12-05,专用设备制造业
920706.BJ,920706,铁拓机械,BJ,北交所,2024-03-08,专用设备制造业
920717.BJ,920717,瑞星股份,BJ,北交所,2023-07-03,专用设备制造业
920718.BJ,920718,合肥高科,BJ,北交所,2022-12-22,电气机械和器材制造业
920719.BJ,920719,宁新新材,BJ,北交所,2023-05-26,非金属矿物制品业
920720.BJ,920720,吉冈精密,BJ,北交所,2021-11-24,汽车制造业
920725.BJ,920725,惠丰钻石,BJ,北交所,2022-07-18,非金属矿物制品业
920726.BJ,920726,朱老六,BJ,北交所,2021-05-27,食品制造业
920729.BJ,920729,永顺生物,BJ,北交所,2020-07-27,医药制造业
920735.BJ,920735,德源药业,BJ,北交所,2021-02-19,医药制造业
920748.BJ,920748,路桥信息,BJ,北交所,2023-08-16,软件和信息技术服务业
920751.BJ,920751,惠同新材,BJ,北交所,2023-07-17,金属制品业
920753.BJ,920753,天纺标,BJ,北交所,2022-10-31,专业技术服务业
920765.BJ,920765,美之高,BJ,北交所,2021-07-05,家具制造业
920768.BJ,920768,拾比佰,BJ,北交所,2021-06-28,电气机械和器材制造业
920770.BJ,920770,艾能聚,BJ,北交所,2023-02-28,电气机械和器材制造业
920779.BJ,920779,武汉蓝电,BJ,北交所,2023-06-01,仪器仪表制造业
920781.BJ,920781,瑞奇智造,BJ,北交所,2022-12-26,专用设备制造业
920786.BJ,920786,骑士乳业,BJ,北交所,2023-10-13,畜牧业
920790.BJ,920790,联迪信息,BJ,北交所,2022-09-02,软件和信息技术服务业
920792.BJ,920792,东和新材,BJ,北交所,2023-03-30,非金属矿物制品业
920799.BJ,920799,艾融软件,BJ,北交所,2020-07-27,软件和信息技术服务业
920802.BJ,920802,保丽洁,BJ,北交所,2023-02-06,专用设备制造业
920806.BJ,920806,云星宇,BJ,北交所,2024-01-11,软件和信息技术服务业
920807.BJ,920807,奔朗新材,BJ,北交所,2022-12-20,非金属矿物制品业
920808.BJ,920808,曙光数创,BJ,北交所,2022-11-18,通用设备制造业
920809.BJ,920809,安达科技,BJ,北交所,2023-03-23,计算机、通信和其他电子设备制造业
920810.BJ,920810,春光智能,BJ,北交所,2022-12-16,通用设备制造业
920819.BJ,920819,颖泰生物,BJ,北交所,2020-07-27,化学原料和化学制品制造业
920821.BJ,920821,则成电子,BJ,北交所,2022-07-06,计算机、通信和其他电子设备制造业
920826.BJ,920826,盖世食品,BJ,北交所,2021-01-12,农副食品加工业
920832.BJ,920832,齐鲁华信,BJ,北交所,2021-02-23,化学原料和化学制品制造业
920833.BJ,920833,美心翼申,BJ,北交所,2023-11-08,通用设备制造业
920834.BJ,920834,三维装备,BJ,北交所,2022-08-22,通用设备制造业
920837.BJ,920837,华原股份,BJ,北交所,2023-05-15,汽车制造业
920839.BJ,920839,万通液压,BJ,北交所,2020-11-09,通用设备制造业
920855.BJ,920855,浙江大农,BJ,北交所,2022-12-29,通用设备制造业
920856.BJ,920856,浩淼科技,BJ,北交所,2020-12-25,专用设备制造业
920857.BJ,920857,泓禧科技,BJ,北交所,2022-02-28,计算机、通信和其他电子设备制造业
920866.BJ,920866,绿亨科技,BJ,北交所,2022-12-09,化学原料和化学制品制造业
920870.BJ,920870,恒进感应,BJ,北交所,2022-07-05,通用设备制造业
920871.BJ,920871,派特尔,BJ,北交所,2022-07-22,橡胶和塑料制品业
920873.BJ,920873,中设咨询,BJ,北交所,2021-11-15,专业技术服务业
920876.BJ,920876,慧为智能,BJ,北交所,2022-11-09,计算机、通信和其他电子设备制造业
920879.BJ,920879,DR基康技,BJ,北交所,2022-12-20,仪器仪表制造业
920885.BJ,920885,星辰科技,BJ,北交所,2021-07-08,仪器仪表制造业
920892.BJ,920892,广咨国际,BJ,北交所,2021-10-28,专业技术服务业
920895.BJ,920895,花溪科技,BJ,北交所,2023-04-06,专用设备制造业
920896.BJ,920896,旺成科技,BJ,北交所,2023-04-19,通用设备制造业
920906.BJ,920906,舜宇精工,BJ,北交所,2023-02-22,汽车制造业
920914.BJ,920914,远航精密,BJ,北交所,2022-11-11,计算机、通信和其他电子设备制造业
920924.BJ,920924,广脉科技,BJ,北交所,2021-11-03,软件和信息技术服务业
920925.BJ,920925,锦好医疗,BJ,北交所,2021-10-25,专用设备制造业
920926.BJ,920926,鸿智科技,BJ,北交所,2023-08-08,电气机械和器材制造业
920931.BJ,920931,无锡鼎邦,BJ,北交所,2024-04-08,专用设备制造业
920932.BJ,920932,科达自控,BJ,北交所,2021-11-15,软件和信息技术服务业
920942.BJ,920942,恒立钻具,BJ,北交所,2022-12-08,专用设备制造业
920943.BJ,920943,优机股份,BJ,北交所,2022-06-24,通用设备制造业
920946.BJ,920946,森萱医药,BJ,北交所,2020-07-27,医药制造业
920950.BJ,920950,迅安科技,BJ,北交所,2023-01-11,专用设备制造业
920953.BJ,920953,国子软件,BJ,北交所,2023-08-23,软件和信息技术服务业
920957.BJ,920957,汉维科技,BJ,北交所,2022-12-14,化学原料和化学制品制造业
920961.BJ,920961,创远信科,BJ,北交所,2020-07-27,仪器仪表制造业
920964.BJ,920964,润农节水,BJ,北交所,2020-07-27,土木工程建筑业
920970.BJ,920970,大禹生物,BJ,北交所,2022-05-18,食品制造业
920971.BJ,920971,XD天马新,BJ,北交所,2022-09-27,计算机、通信和其他电子设备制造业
920974.BJ,920974,凯大催化,BJ,北交所,2023-03-08,化学原料和化学制品制造业
920976.BJ,920976,视声智能,BJ,北交所,2023-09-01,计算机、通信和其他电子设备制造业
920978.BJ,920978,开特股份,BJ,北交所,2023-09-28,汽车制造业
920981.BJ,920981,晶赛科技,BJ,北交所,2021-11-15,计算机、通信和其他电子设备制造业
920982.BJ,920982,锦波生物,BJ,北交所,2023-07-20,医药制造业
920985.BJ,920985,海泰新能,BJ,北交所,2022-08-08,电气机械和器材制造业
920992.BJ,920992,中科美菱,BJ,北交所,2022-10-18,专用设备制造业
